stamp_ns,time_s_from_start,visible,rel_x_m,rel_y_m,range_m,bearing_deg,u_px,bbox_w_px,bbox_h_px,sync_dt_ms
1777025614642840517,0.000,0,-0.8422,2.3965,2.5402,109.364,nan,nan,nan,2.252
1777025614741588723,0.099,0,-0.8422,2.3965,2.5402,109.363,nan,nan,nan,1.460
1777025614843057216,0.200,0,-0.8421,2.3965,2.5402,109.361,nan,nan,nan,2.813
1777025614946210352,0.303,0,-0.8422,2.3965,2.5402,109.362,nan,nan,nan,2.971
1777025615046183313,0.403,0,-0.8422,2.3965,2.5402,109.363,nan,nan,nan,2.575
1777025615142034047,0.499,0,-0.8422,2.3965,2.5402,109.364,nan,nan,nan,1.181
1777025615244432834,0.602,0,-0.8423,2.3964,2.5402,109.366,nan,nan,nan,3.155
1777025615343040892,0.700,0,-0.8425,2.3961,2.5399,109.372,nan,nan,nan,1.291
1777025615442893020,0.800,0,-0.8421,2.3965,2.5402,109.362,nan,nan,nan,2.517
1777025615545642361,0.903,0,-0.8412,2.3968,2.5401,109.339,nan,nan,nan,4.010
1777025615642839738,1.000,0,-0.8412,2.3968,2.5401,109.340,nan,nan,nan,1.535
1777025615743217735,1.100,0,-0.8420,2.3966,2.5402,109.358,nan,nan,nan,2.171
1777025615844083934,1.201,0,-0.8422,2.3965,2.5402,109.362,nan,nan,nan,3.275
1777025615944575079,1.302,0,-0.8422,2.3965,2.5402,109.363,nan,nan,nan,2.464
1777025616042533398,1.400,0,-0.8421,2.3965,2.5402,109.361,nan,nan,nan,0.731
1777025616142452674,1.500,0,-0.8423,2.3965,2.5402,109.364,nan,nan,nan,1.234
1777025616241724638,1.599,0,-0.8423,2.3965,2.5402,109.365,nan,nan,nan,0.189
1777025616342798892,1.700,0,-0.8423,2.3962,2.5399,109.367,nan,nan,nan,1.280
1777025616443907719,1.801,0,-0.8424,2.3961,2.5399,109.370,nan,nan,nan,2.098
1777025616543369849,1.901,0,-0.8425,2.3961,2.5399,109.372,nan,nan,nan,1.651
1777025616642885200,2.000,0,-0.8412,2.3969,2.5402,109.339,nan,nan,nan,0.702
1777025616742066460,2.099,0,-0.8422,2.3965,2.5402,109.363,nan,nan,nan,0.683
1777025616843473898,2.201,0,-0.8420,2.3966,2.5403,109.358,nan,nan,nan,0.611
1777025616942602399,2.300,0,-0.8419,2.3967,2.5403,109.354,nan,nan,nan,0.386
1777025617044188133,2.401,0,-0.8420,2.3966,2.5402,109.357,nan,nan,nan,1.524
1777025617143940039,2.501,0,-0.8423,2.3962,2.5399,109.367,nan,nan,nan,2.015
1777025617242360468,2.600,0,-0.8417,2.3967,2.5402,109.351,nan,nan,nan,0.520
1777025617343218482,2.700,0,-0.8421,2.3966,2.5402,109.361,nan,nan,nan,0.543
1777025617443102221,2.800,0,-0.8421,2.3966,2.5402,109.360,nan,nan,nan,0.240
1777025617542679665,2.900,0,-0.8422,2.3966,2.5402,109.362,nan,nan,nan,0.189
1777025617642441090,3.000,0,-0.8420,2.3966,2.5402,109.358,nan,nan,nan,0.854
1777025617741961404,3.099,0,-0.8419,2.3966,2.5402,109.356,nan,nan,nan,0.582
1777025617842687437,3.200,0,-0.8421,2.3963,2.5399,109.362,nan,nan,nan,1.119
1777025617943123174,3.300,0,-0.8420,2.3966,2.5402,109.358,nan,nan,nan,0.239
1777025618042046731,3.399,0,-0.8422,2.3965,2.5402,109.363,nan,nan,nan,1.477
1777025618140993640,3.498,0,-0.8407,2.3971,2.5402,109.328,nan,nan,nan,2.034
1777025618243962777,3.601,0,-0.8422,2.3966,2.5402,109.363,nan,nan,nan,0.525
1777025618343285685,3.700,0,-0.8420,2.3967,2.5402,109.357,nan,nan,nan,0.381
1777025618443533812,3.801,0,-0.8422,2.3966,2.5402,109.362,nan,nan,nan,1.578
1777025618543040607,3.900,0,-0.8420,2.3967,2.5403,109.357,nan,nan,nan,0.713
1777025618642758051,4.000,0,-0.8423,2.3965,2.5402,109.364,nan,nan,nan,1.282
1777025618743333288,4.100,0,-0.8418,2.3967,2.5403,109.353,nan,nan,nan,0.728
1777025618844510393,4.202,0,-0.8423,2.3962,2.5399,109.367,nan,nan,nan,0.424
1777025618943229136,4.300,0,-0.8422,2.3966,2.5402,109.361,nan,nan,nan,1.065
1777025619041463084,4.399,0,-0.8416,2.3945,2.5381,109.364,nan,nan,nan,3.077
1777025619143624946,4.501,0,-0.8387,2.3839,2.5271,109.382,nan,nan,nan,0.388
1777025619244678533,4.602,0,-0.8333,2.3627,2.5053,109.428,nan,nan,nan,0.417
1777025619344595513,4.702,0,-0.8264,2.3344,2.4764,109.495,nan,nan,nan,0.037
1777025619442620647,4.800,0,-0.8228,2.3189,2.4606,109.535,nan,nan,nan,2.078
1777025619543512513,4.901,0,-0.8172,2.2977,2.4387,109.579,nan,nan,nan,1.018
1777025619643082697,5.000,0,-0.8115,2.2782,2.4184,109.607,nan,nan,nan,1.788
1777025619742490919,5.100,0,-0.8068,2.2602,2.3999,109.645,nan,nan,nan,2.434
1777025619841427921,5.199,0,-0.8010,2.2401,2.3790,109.676,nan,nan,nan,3.967
1777025619943375339,5.301,0,-0.7970,2.2196,2.3584,109.753,nan,nan,nan,1.460
1777025620045150701,5.402,0,-0.7896,2.2013,2.3387,109.733,nan,nan,nan,0.200
1777025620145922993,5.503,0,-0.7839,2.1821,2.3186,109.761,nan,nan,nan,0.915
1777025620243570110,5.601,0,-0.7770,2.1630,2.2983,109.760,nan,nan,nan,1.836
1777025620342933814,5.700,0,-0.7717,2.1441,2.2788,109.795,nan,nan,nan,3.051
1777025620444410455,5.802,0,-0.7664,2.1249,2.2589,109.834,nan,nan,nan,1.288
1777025620541716536,5.899,0,-0.7621,2.1072,2.2408,109.884,nan,nan,nan,3.998
1777025620642156940,5.999,0,-0.7577,2.0858,2.2192,109.964,nan,nan,nan,3.960
1777025620740956312,6.098,0,-0.7531,2.0675,2.2004,110.014,nan,nan,nan,3.237
1777025620842429732,6.200,0,-0.7484,2.0481,2.1806,110.073,nan,nan,nan,2.671
1777025620943224635,6.300,0,-0.7432,2.0269,2.1588,110.136,nan,nan,nan,3.472
1777025621043953297,6.401,0,-0.7378,2.0069,2.1382,110.186,nan,nan,nan,2.460
1777025621142472837,6.500,0,-0.7358,1.9863,2.1182,110.326,nan,nan,nan,3.887
1777025621242749371,6.600,0,-0.7438,1.9651,2.1011,110.732,nan,nan,nan,3.472
1777025621343121942,6.700,0,-0.7583,1.9441,2.0867,111.308,nan,nan,nan,3.796
1777025621443665790,6.801,0,-0.7622,1.9265,2.0718,111.584,nan,nan,nan,3.555
1777025621546280410,6.903,0,-0.7343,1.9151,2.0510,110.979,nan,nan,nan,1.428
1777025621643608249,7.001,0,-0.7321,1.8963,2.0327,111.111,nan,nan,nan,3.536
1777025621744936447,7.102,0,-0.7378,1.8773,2.0170,111.455,nan,nan,nan,2.357
1777025621843958115,7.201,0,-0.7358,1.8581,1.9985,111.603,nan,nan,nan,3.284
1777025621942796413,7.300,0,-0.7323,1.8415,1.9818,111.686,nan,nan,nan,4.166
1777025622044182481,7.401,0,-0.7364,1.8211,1.9644,112.018,nan,nan,nan,3.246
1777025622144844903,7.502,0,-0.7488,1.8002,1.9498,112.585,nan,nan,nan,2.955
1777025622243043777,7.600,0,-0.7672,1.7808,1.9391,113.306,nan,nan,nan,3.768
1777025622344109827,7.701,0,-0.7886,1.7602,1.9288,114.133,nan,nan,nan,3.702
1777025622446831872,7.804,0,-0.8025,1.7419,1.9179,114.736,nan,nan,nan,2.497
1777025622545759466,7.903,0,-0.8301,1.7158,1.9061,115.819,nan,nan,nan,2.910
1777025622642507585,8.000,0,-0.8495,1.6976,1.8983,116.584,nan,nan,nan,2.603
1777025622742990712,8.100,0,-0.8711,1.6761,1.8889,117.463,nan,nan,nan,3.200
1777025622841805750,8.199,0,-0.8954,1.6521,1.8792,118.456,nan,nan,nan,1.625
1777025622942928856,8.300,0,-0.9182,1.6302,1.8710,119.390,nan,nan,nan,1.877
1777025623043637889,8.401,0,-0.9439,1.6063,1.8631,120.439,nan,nan,nan,3.137
1777025623143646535,8.501,0,-0.9740,1.5801,1.8562,121.651,nan,nan,nan,3.308
1777025623242973276,8.600,0,-1.0008,1.5549,1.8491,122.768,nan,nan,nan,3.209
1777025623342350202,8.700,0,-1.0222,1.5349,1.8441,123.663,nan,nan,nan,1.677
1777025623442304885,8.799,0,-1.0473,1.5129,1.8401,124.693,nan,nan,nan,1.967
1777025623541983885,8.899,0,-1.0724,1.4914,1.8369,125.717,nan,nan,nan,0.796
1777025623642637029,9.000,0,-1.0977,1.4699,1.8346,126.751,nan,nan,nan,2.086
1777025623742486546,9.100,0,-1.1238,1.4471,1.8322,127.835,nan,nan,nan,1.736
1777025623844730518,9.202,0,-1.1468,1.4322,1.8348,128.686,nan,nan,nan,3.764
1777025623941412545,9.299,0,-1.1766,1.4121,1.8381,129.803,nan,nan,nan,0.030
1777025624041790357,9.399,0,-1.2014,1.3872,1.8351,130.896,nan,nan,nan,1.256
1777025624139124882,9.496,0,-1.2259,1.3777,1.8442,131.664,nan,nan,nan,2.118
1777025624242706202,9.600,0,-1.2327,1.3877,1.8561,131.616,nan,nan,nan,1.197
1777025624342941551,9.700,0,-1.2443,1.3908,1.8662,131.818,nan,nan,nan,2.060
1777025624442068071,9.799,0,-1.2519,1.3991,1.8774,131.823,nan,nan,nan,1.726
1777025624541360978,9.899,0,-1.2582,1.4086,1.8887,131.772,nan,nan,nan,0.538
1777025624641305347,9.998,0,-1.2417,1.4365,1.8988,130.839,nan,nan,nan,0.206
1777025624742107935,10.099,0,-1.1787,1.4937,1.9027,128.277,nan,nan,nan,0.445
1777025624843376707,10.201,0,-1.1258,1.5349,1.9035,126.259,nan,nan,nan,0.595
1777025624943177594,10.300,0,-1.0530,1.5831,1.9013,123.629,nan,nan,nan,0.371
1777025625043852368,10.401,0,-0.9714,1.6336,1.9006,120.737,nan,nan,nan,1.008
1777025625142717111,10.500,0,-0.8891,1.6798,1.9006,117.891,nan,nan,nan,0.031
1777025625242976812,10.600,0,-0.7977,1.7247,1.9003,114.822,nan,nan,nan,0.526
1777025625342088849,10.699,0,-0.7086,1.7646,1.9015,111.879,nan,nan,nan,0.714
1777025625443564454,10.801,0,-0.6519,1.7905,1.9055,110.006,nan,nan,nan,1.087
1777025625543014491,10.900,0,-0.5976,1.8121,1.9081,108.253,nan,nan,nan,0.229
1777025625642908248,11.000,0,-0.5637,1.8249,1.9099,107.165,nan,nan,nan,0.322
1777025625739892775,11.097,0,-0.5287,1.8375,1.9121,106.053,nan,nan,nan,2.665
1777025625842477950,11.200,0,-0.5038,1.8474,1.9148,105.253,nan,nan,nan,1.648
1777025625942741484,11.300,0,-0.4802,1.8558,1.9169,104.506,nan,nan,nan,0.213
1777025626043488480,11.401,0,-0.4507,1.8642,1.9179,103.592,nan,nan,nan,0.974
1777025626142117149,11.499,0,-0.4306,1.8659,1.9149,102.995,nan,nan,nan,0.587
1777025626244323103,11.601,0,-0.4197,1.8587,1.9055,102.724,nan,nan,nan,1.282
1777025626342991383,11.700,0,-0.4114,1.8522,1.8974,102.524,nan,nan,nan,0.384
1777025626442785919,11.800,0,-0.3946,1.8487,1.8903,102.049,nan,nan,nan,1.031
1777025626542738065,11.900,0,-0.3762,1.8449,1.8828,101.526,nan,nan,nan,0.702
1777025626643406283,12.001,0,-0.3647,1.8404,1.8762,101.208,nan,nan,nan,0.055
1777025626741293029,12.098,0,-0.3664,1.8351,1.8714,101.291,nan,nan,nan,2.275
1777025626843697982,12.201,0,-0.3677,1.8348,1.8713,101.334,nan,nan,nan,0.228
1777025626942815538,12.300,0,-0.3666,1.8360,1.8722,101.291,nan,nan,nan,1.706
1777025627042283168,12.399,0,-0.3651,1.8355,1.8715,101.251,nan,nan,nan,1.454
1777025627143225274,12.500,0,-0.3441,1.8401,1.8720,100.593,nan,nan,nan,0.699
1777025627250048621,12.607,0,-0.3220,1.8444,1.8723,99.902,nan,nan,nan,2.348
1777025627343369362,12.701,0,-0.3104,1.8418,1.8677,99.566,nan,nan,nan,0.583
1777025627443780229,12.801,0,-0.3049,1.8295,1.8548,99.461,nan,nan,nan,0.457
1777025627543913134,12.901,0,-0.3020,1.8212,1.8461,99.415,nan,nan,nan,1.431
1777025627645066536,13.002,0,-0.2913,1.8157,1.8389,99.114,nan,nan,nan,0.336
1777025627742921856,13.100,0,-0.2797,1.8101,1.8316,98.785,nan,nan,nan,1.608
1777025627845962530,13.203,0,-0.2656,1.8073,1.8268,98.361,nan,nan,nan,1.207
1777025627944564051,13.302,0,-0.2589,1.8014,1.8200,98.180,nan,nan,nan,0.079
1777025628045789063,13.403,0,-0.2371,1.8032,1.8187,97.492,nan,nan,nan,1.437
1777025628146940336,13.504,0,-0.2077,1.8075,1.8194,96.556,nan,nan,nan,1.642
1777025628243492159,13.601,0,-0.1838,1.8075,1.8169,95.806,nan,nan,nan,1.758
1777025628342826697,13.700,0,-0.1500,1.8101,1.8163,94.737,nan,nan,nan,4.033
1777025628444219875,13.801,0,-0.1229,1.8108,1.8150,93.882,nan,nan,nan,1.116
1777025628544229207,13.901,0,-0.0929,1.8106,1.8130,92.938,nan,nan,nan,4.662
1777025628644103224,14.001,0,-0.0704,1.8090,1.8103,92.229,nan,nan,nan,1.325
1777025628742555023,14.100,0,-0.0563,1.8059,1.8068,91.785,nan,nan,nan,3.072
1777025628845073846,14.202,0,-0.0456,1.8020,1.8025,91.449,nan,nan,nan,1.083
1777025628943111054,14.300,0,-0.0286,1.8005,1.8007,90.909,nan,nan,nan,3.849
1777025629045312601,14.402,0,-0.0233,1.7979,1.7980,90.742,nan,nan,nan,0.776
1777025629143513568,14.501,0,-0.0502,1.7947,1.7954,91.604,nan,nan,nan,3.340
1777025629244583414,14.602,0,-0.0723,1.7916,1.7931,92.310,nan,nan,nan,2.339
1777025629344476487,14.702,0,-0.0924,1.7887,1.7910,92.956,nan,nan,nan,2.262
1777025629443805857,14.801,0,-0.1137,1.7855,1.7891,93.645,nan,nan,nan,2.704
1777025629544586020,14.902,0,-0.1363,1.7822,1.7874,94.372,nan,nan,nan,2.124
1777025629645118201,15.002,0,-0.1551,1.7796,1.7864,94.982,nan,nan,nan,1.679
1777025629745325365,15.102,0,-0.1756,1.7764,1.7851,95.645,nan,nan,nan,0.997
1777025629843323722,15.200,0,-0.1922,1.7737,1.7841,96.186,nan,nan,nan,4.006
1777025629943628885,15.301,0,-0.2213,1.7719,1.7857,97.117,nan,nan,nan,2.878
1777025630043838568,15.401,0,-0.2649,1.7687,1.7885,98.519,nan,nan,nan,3.114
1777025630142572885,15.500,0,-0.3096,1.7675,1.7944,99.935,nan,nan,nan,1.099
1777025630243371658,15.601,0,-0.3560,1.7635,1.7991,101.412,nan,nan,nan,4.445
1777025630344495208,15.702,0,-0.3958,1.7563,1.8003,102.702,nan,nan,nan,4.541
1777025630444922686,15.802,0,-0.4425,1.7492,1.8043,104.196,nan,nan,nan,3.884
1777025630544047243,15.901,0,-0.4766,1.7458,1.8097,105.270,nan,nan,nan,3.531
1777025630645441773,16.003,0,-0.5133,1.7415,1.8156,106.423,nan,nan,nan,2.726
1777025630741298507,16.098,0,-0.5505,1.7376,1.8228,107.580,nan,nan,nan,1.138
1777025630843210573,16.200,0,-0.5779,1.7371,1.8307,108.401,nan,nan,nan,2.536
1777025630942688276,16.300,0,-0.5979,1.7402,1.8401,108.961,nan,nan,nan,1.915
1777025631043170440,16.400,0,-0.6028,1.7476,1.8487,109.029,nan,nan,nan,2.723
1777025631145207690,16.502,0,-0.5797,1.7670,1.8596,108.163,nan,nan,nan,4.052
1777025631246602017,16.604,0,-0.5642,1.7818,1.8690,107.571,nan,nan,nan,1.761
1777025631343790561,16.701,0,-0.5249,1.7943,1.8695,106.306,nan,nan,nan,3.960
1777025631443856319,16.801,0,-0.4828,1.8075,1.8709,104.955,nan,nan,nan,3.361
1777025631546042124,16.903,0,-0.4411,1.8199,1.8726,103.623,nan,nan,nan,2.668
1777025631643735019,17.001,0,-0.4047,1.8289,1.8732,102.476,nan,nan,nan,2.531
1777025631740888081,17.098,0,-0.3699,1.8370,1.8738,101.385,nan,nan,nan,0.121
1777025631844334087,17.201,0,-0.3314,1.8445,1.8741,100.185,nan,nan,nan,3.601
1777025631944785158,17.302,0,-0.2946,1.8507,1.8740,99.044,nan,nan,nan,3.957
1777025632044926081,17.402,0,-0.2619,1.8550,1.8734,98.036,nan,nan,nan,4.185
1777025632143459010,17.501,0,-0.2456,1.8569,1.8730,97.536,nan,nan,nan,2.424
1777025632242736677,17.600,0,-0.2238,1.8588,1.8722,96.864,nan,nan,nan,1.058
1777025632351143389,17.708,0,-0.1915,1.8613,1.8711,95.874,nan,nan,nan,1.237
1777025632443757411,17.801,0,-0.1674,1.8625,1.8700,95.137,nan,nan,nan,0.577
1777025632543860779,17.901,0,-0.1441,1.8629,1.8685,94.422,nan,nan,nan,2.632
1777025632643189057,18.000,0,-0.1149,1.8630,1.8665,93.529,nan,nan,nan,1.791
1777025632741349542,18.099,0,-0.0937,1.8653,1.8676,92.875,nan,nan,nan,0.291
1777025632844895140,18.202,0,-0.0781,1.8722,1.8738,92.388,nan,nan,nan,3.873
1777025632943579235,18.301,0,-0.0723,1.8865,1.8879,92.196,nan,nan,nan,2.001
1777025633043931417,18.401,0,-0.0844,1.8976,1.8995,92.546,nan,nan,nan,2.377
1777025633143554842,18.501,0,-0.0985,1.9052,1.9078,92.958,nan,nan,nan,1.800
1777025633242291048,18.599,0,-0.1126,1.9155,1.9188,93.365,nan,nan,nan,0.567
1777025633347835306,18.705,0,-0.1000,1.9279,1.9305,92.970,nan,nan,nan,2.788
1777025633443264652,18.800,0,-0.0829,1.9389,1.9407,92.449,nan,nan,nan,0.774
1777025633543044706,18.900,0,-0.0609,1.9519,1.9528,91.788,nan,nan,nan,1.308
1777025633643279315,19.000,0,-0.0401,1.9628,1.9632,91.170,nan,nan,nan,0.732
1777025633742085298,19.099,0,0.0366,1.9715,1.9718,88.935,nan,nan,nan,0.634
1777025633843290367,19.200,0,0.1406,1.9781,1.9831,85.935,-6894.40,1313.79,1419.22,0.657
1777025633944591935,19.302,0,0.2388,1.9779,1.9922,83.115,-3924.39,773.36,835.42,2.749
1777025634041801849,19.399,0,0.3531,1.9728,2.0042,79.852,-2541.96,523.08,565.06,0.926
1777025634142843640,19.500,0,0.5021,1.9510,2.0146,75.568,-1669.18,367.88,397.41,0.845
1777025634240781737,19.598,0,0.5950,1.9349,2.0243,72.908,-1344.04,310.45,335.36,2.602
1777025634342920173,19.700,0,0.6844,1.9171,2.0356,70.353,-1112.62,269.88,291.54,0.980
1777025634443358410,19.801,0,0.7572,1.8979,2.0434,68.249,-961.45,243.93,263.51,0.105
1777025634542828391,19.900,0,0.8254,1.8782,2.0516,66.275,-842.89,223.77,241.72,0.472
1777025634641878818,19.999,0,0.9022,1.8529,2.0609,64.037,-729.14,204.72,221.15,1.450
1777025634741325633,20.098,0,0.9702,1.8263,2.0680,62.021,-641.28,190.39,205.67,1.995
1777025634841716000,20.199,0,1.0087,1.8129,2.0746,60.908,-597.59,183.11,197.81,2.228
1777025634941452258,20.299,0,1.0321,1.8023,2.0769,60.202,-571.40,178.96,193.33,2.465
1777025635041100980,20.398,0,1.0622,1.7900,2.0814,59.314,-540.05,173.89,187.84,2.911
1777025635140169499,20.497,0,1.0867,1.7806,2.0860,58.605,-516.17,169.97,183.61,3.147
1777025635240490978,20.598,0,1.1209,1.7638,2.0898,57.563,-482.78,164.78,178.01,3.949
1777025635341035030,20.698,0,1.1379,1.7780,2.1109,57.381,-477.14,162.32,175.35,2.627
1777025635440103142,20.797,0,1.1486,1.8028,2.1376,57.498,-480.77,160.81,173.72,4.325
1777025635542935076,20.900,0,1.1612,1.8231,2.1615,57.505,-480.98,159.07,171.83,1.075
1777025635641490541,20.999,0,1.1769,1.8408,2.1849,57.407,-477.94,156.94,169.54,3.080
1777025635740186395,21.097,0,1.1928,1.8599,2.2095,57.328,-475.51,154.86,167.28,4.115
1777025635842269331,21.199,0,1.2104,1.8769,2.2334,57.184,-471.10,152.61,164.85,2.950
1777025635943142345,21.300,0,1.2283,1.8923,2.2560,57.013,-465.91,150.38,162.45,2.380
1777025636041953773,21.399,0,1.2489,1.9074,2.2800,56.784,-459.05,147.89,159.76,3.034
1777025636142457121,21.500,0,1.2690,1.9215,2.3027,56.557,-452.32,145.55,157.23,2.769
1777025636242313045,21.599,0,1.2895,1.9359,2.3260,56.334,-445.76,143.25,154.74,2.367
1777025636342429710,21.700,0,1.3048,1.9509,2.3470,56.225,-442.60,141.56,152.92,2.553
1777025636442243116,21.799,0,1.3153,1.9572,2.3581,56.098,-438.94,140.43,151.70,3.031
1777025636543613795,21.901,0,1.3190,1.9556,2.3589,56.002,-436.18,140.04,151.27,1.950
1777025636642356445,22.000,0,1.3836,1.9233,2.3693,54.270,-388.68,133.50,144.21,2.746
1777025636740094098,22.097,0,1.4418,1.8919,2.3786,52.689,-348.71,128.11,138.39,3.373
1777025636842072368,22.199,0,1.4688,1.8770,2.3834,51.955,-331.11,125.75,135.84,4.066
1777025636941550664,22.299,0,1.4968,1.8595,2.3871,51.167,-312.83,123.40,133.30,3.966
1777025637043891006,22.401,0,1.5146,1.8513,2.3919,50.712,-302.59,121.95,131.74,1.930
1777025637142522583,22.500,0,1.5331,1.8394,2.3945,50.189,-291.02,120.48,130.15,3.392
1777025637242966357,22.600,0,1.5432,1.8323,2.3956,49.895,-284.65,119.69,129.29,2.939
1777025637342846597,22.700,0,1.5492,1.8295,2.3973,49.742,-281.35,119.23,128.79,3.171
1777025637444380831,22.802,0,1.5594,1.8218,2.3980,49.437,-274.85,118.45,127.95,1.938
1777025637542539890,22.900,0,1.5679,1.8158,2.3991,49.190,-269.65,117.81,127.26,3.922
1777025637643300423,23.000,0,1.5658,1.8129,2.3955,49.183,-269.50,117.96,127.43,3.845
1777025637739898524,23.097,0,1.5666,1.8094,2.3934,49.114,-268.05,117.90,127.36,1.647
1777025637841241925,23.198,0,1.5525,1.8080,2.3831,49.348,-272.97,118.98,128.52,3.616
1777025637944560061,23.302,0,1.4985,1.8275,2.3633,50.650,-301.20,123.26,133.16,2.746
1777025638041613605,23.399,0,1.4627,1.8431,2.3530,51.564,-321.97,126.28,136.41,2.696
1777025638142437490,23.500,0,1.4041,1.8703,2.3387,53.103,-358.88,131.55,142.11,2.908
1777025638242609024,23.600,0,1.3506,1.8923,2.3248,54.482,-394.29,136.76,147.73,3.933
1777025638342336690,23.699,0,1.2889,1.9195,2.3121,56.120,-439.56,143.31,154.81,3.439
1777025638444152756,23.801,0,1.2198,1.9490,2.2993,57.960,-495.26,151.42,163.58,3.631
1777025638542958258,23.900,0,1.1523,1.9789,2.2899,59.787,-556.54,160.29,173.15,3.592
1777025638640871911,23.998,0,1.0779,2.0075,2.2785,61.767,-631.02,171.36,185.11,2.026
1777025638740201059,24.097,0,1.0051,2.0336,2.2685,63.699,-713.54,183.77,198.51,0.870
1777025638842408328,24.200,0,0.9286,2.0586,2.2584,65.720,-812.86,198.90,214.86,2.672
1777025638941246182,24.298,0,0.8527,2.0812,2.2491,67.720,-927.73,216.62,234.00,1.510
1777025639041853326,24.399,0,0.7759,2.1021,2.2407,69.741,-1065.56,238.07,257.17,2.108
1777025639144242780,24.501,0,0.6939,2.1216,2.2322,71.888,-1244.14,266.18,287.54,3.617
1777025639241286991,24.598,0,0.6349,2.1367,2.2290,73.452,-1402.23,290.93,314.28,1.412
1777025639339666364,24.697,0,0.5785,2.1533,2.2296,74.962,-1585.28,319.30,344.92,0.220
1777025639442114577,24.799,0,0.5348,2.1670,2.2320,76.137,-1754.52,345.39,373.11,2.215
1777025639541128541,24.898,0,0.5077,2.1744,2.2329,76.858,-1873.03,363.84,393.04,15.708
1777025639642484387,25.000,0,0.4039,2.1967,2.2335,79.582,-2466.16,457.34,494.05,2.537
1777025639739738245,25.097,0,0.2977,2.2132,2.2332,82.339,-3489.61,620.41,670.19,0.709
1777025639840833018,25.198,0,0.1902,2.2226,2.2307,85.109,-5671.43,971.19,1049.12,0.456
1777025639942045845,25.299,0,0.0861,2.2274,2.2291,87.787,-12953.61,2146.04,2318.25,1.326
1777025640042101102,25.399,0,-0.0223,2.2261,2.2262,90.575,nan,nan,nan,1.142
1777025640141885657,25.499,0,-0.1478,2.2190,2.2239,93.810,nan,nan,nan,1.620
1777025640243826482,25.601,0,-0.2639,2.2059,2.2216,96.822,nan,nan,nan,3.568
1777025640341263951,25.698,0,-0.3791,2.1880,2.2206,99.830,nan,nan,nan,0.922
1777025640442863870,25.800,0,-0.4913,2.1653,2.2204,102.785,nan,nan,nan,1.580
1777025640542832368,25.900,0,-0.5994,2.1386,2.2211,105.658,nan,nan,nan,1.680
1777025640642893236,26.000,0,-0.7115,2.1056,2.2226,108.672,nan,nan,nan,1.393
1777025640740999500,26.098,0,-0.8194,2.0678,2.2243,111.616,nan,nan,nan,0.863
1777025640841534255,26.199,0,-0.9285,2.0248,2.2275,114.635,nan,nan,nan,0.835
1777025640942523750,26.300,0,-1.0355,1.9759,2.2308,117.656,nan,nan,nan,0.462
1777025641043313968,26.400,0,-1.1376,1.9247,2.2357,120.586,nan,nan,nan,1.829
1777025641146849955,26.504,0,-1.2513,1.8596,2.2414,123.936,nan,nan,nan,2.984
1777025641241563173,26.599,0,-1.3415,1.8029,2.2472,126.652,nan,nan,nan,0.076
1777025641342496743,26.700,0,-1.4367,1.7364,2.2537,129.604,nan,nan,nan,1.069
1777025641443094294,26.800,0,-1.5310,1.6636,2.2609,132.623,nan,nan,nan,1.139
1777025641542572331,26.900,0,-1.6202,1.5879,2.2686,135.575,nan,nan,nan,0.566
1777025641642145664,26.999,0,-1.7027,1.5120,2.2771,138.395,nan,nan,nan,0.509
1777025641750347562,27.108,0,-1.7898,1.4237,2.2870,141.500,nan,nan,nan,0.219
1777025641845958352,27.203,0,-1.8614,1.3444,2.2962,144.162,nan,nan,nan,2.889
1777025641942864841,27.300,0,-1.9375,1.2533,2.3075,147.103,nan,nan,nan,0.108
1777025642043912725,27.401,0,-2.0109,1.1550,2.3190,150.129,nan,nan,nan,0.894
1777025642142606708,27.500,0,-2.0755,1.0578,2.3295,152.994,nan,nan,nan,0.808
1777025642242836872,27.600,0,-2.1385,0.9543,2.3417,155.950,nan,nan,nan,0.397
1777025642342809963,27.700,0,-2.1931,0.8541,2.3536,158.723,nan,nan,nan,0.068
1777025642442068593,27.799,0,-2.2437,0.7566,2.3678,161.365,nan,nan,nan,1.514
1777025642544877082,27.902,0,-2.2869,0.6642,2.3814,163.805,nan,nan,nan,1.538
1777025642644408119,28.002,0,-2.3274,0.5614,2.3942,166.438,nan,nan,nan,0.215
1777025642743971581,28.101,0,-2.3565,0.4606,2.4011,168.939,nan,nan,nan,0.647
1777025642844860039,28.202,0,-2.3866,0.3368,2.4103,171.968,nan,nan,nan,0.646
1777025642943594764,28.301,0,-2.4095,0.2219,2.4197,174.737,nan,nan,nan,0.903
1777025643043770298,28.401,0,-2.4278,0.1063,2.4301,177.494,nan,nan,nan,0.555
1777025643142852059,28.500,0,-2.4430,-0.0094,2.4430,-179.779,nan,nan,nan,1.019
1777025643244942124,28.602,0,-2.4581,-0.1316,2.4616,-176.936,nan,nan,nan,0.859
1777025643342715018,28.700,0,-2.4644,-0.2480,2.4768,-174.254,nan,nan,nan,0.864
1777025643442189703,28.799,0,-2.4639,-0.3605,2.4901,-171.676,nan,nan,nan,2.716
1777025643541496203,28.899,0,-2.4600,-0.4810,2.5066,-168.937,nan,nan,nan,2.189
1777025643643275807,29.000,0,-2.4445,-0.5793,2.5122,-166.668,nan,nan,nan,0.594
1777025643742478196,29.100,0,-2.4234,-0.6623,2.5123,-164.715,nan,nan,nan,1.861
1777025643843235266,29.200,0,-2.3882,-0.7917,2.5161,-161.659,nan,nan,nan,0.724
1777025643942822284,29.300,0,-2.3508,-0.9055,2.5192,-158.935,nan,nan,nan,1.335
1777025644041675934,29.399,0,-2.3048,-1.0238,2.5220,-156.048,nan,nan,nan,4.027
1777025644145152310,29.502,0,-2.2477,-1.1453,2.5227,-152.999,nan,nan,nan,0.187
1777025644246036101,29.603,0,-2.1925,-1.2445,2.5211,-150.419,nan,nan,nan,1.218
1777025644344135068,29.701,0,-2.1196,-1.3490,2.5125,-147.527,nan,nan,nan,0.915
1777025644443730771,29.801,0,-2.0303,-1.4465,2.4929,-144.531,nan,nan,nan,0.871
1777025644544338397,29.901,0,-1.9232,-1.5318,2.4587,-141.462,nan,nan,nan,0.842
1777025644643420583,30.001,0,-1.7789,-1.6459,2.4235,-137.223,nan,nan,nan,1.860
1777025644744131375,30.101,0,-1.6682,-1.7363,2.4078,-133.854,nan,nan,nan,1.075
1777025644845141963,30.202,0,-1.5479,-1.8137,2.3844,-130.480,nan,nan,nan,0.117
1777025644943514411,30.301,0,-1.4548,-1.8630,2.3637,-127.986,nan,nan,nan,2.025
1777025645043306557,30.400,0,-1.3524,-1.9147,2.3442,-125.234,nan,nan,nan,2.397
1777025645145157346,30.502,0,-1.2548,-1.9539,2.3221,-122.708,nan,nan,nan,0.812
1777025645246518803,30.604,0,-1.1540,-1.9952,2.3049,-120.044,nan,nan,nan,0.511
1777025645342983053,30.700,0,-1.0544,-2.0263,2.2842,-117.490,nan,nan,nan,3.163
1777025645443595734,30.801,0,-0.9490,-2.0534,2.2621,-114.804,nan,nan,nan,2.078
1777025645544090897,30.901,0,-0.8357,-2.0803,2.2419,-111.887,nan,nan,nan,1.766
1777025645643371397,31.001,0,-0.6574,-2.1237,2.2231,-107.201,nan,nan,nan,4.418
1777025645744716465,31.102,0,-0.4463,-2.1537,2.1995,-101.709,nan,nan,nan,1.460
1777025645844875611,31.202,0,-0.2518,-2.1616,2.1762,-96.644,nan,nan,nan,1.207
1777025645942449450,31.300,0,-0.0791,-2.1507,2.1522,-92.105,nan,nan,nan,3.669
1777025646043693741,31.401,0,0.0718,-2.1593,2.1605,-88.095,15748.79,2571.55,2777.91,2.686
1777025646143787461,31.501,0,0.1526,-2.1632,2.1685,-85.966,7599.26,1210.67,1307.83,2.561
1777025646243225183,31.600,0,0.2397,-2.1490,2.1623,-83.635,4924.27,770.54,832.38,3.485
1777025646346782910,31.704,0,0.2660,-2.1458,2.1623,-82.933,4463.06,694.31,750.03,0.192
1777025646443829214,31.801,0,0.2179,-2.1543,2.1653,-84.224,5396.43,847.53,915.54,3.045
1777025646542469827,31.900,0,0.1858,-2.1556,2.1635,-85.074,6277.83,994.26,1074.05,3.651
1777025646643695192,32.001,0,0.1509,-2.1480,2.1533,-85.983,7630.02,1224.36,1322.61,4.157
1777025646742242565,32.099,0,0.1273,-2.1440,2.1478,-86.602,8966.19,1451.02,1567.45,3.364
1777025646843815632,32.201,0,0.0981,-2.1542,2.1565,-87.392,11587.13,1882.11,2033.14,3.730
1777025646944758146,32.302,0,0.0697,-2.1553,2.1564,-88.147,16186.13,2649.36,2861.97,2.396
1777025647045364697,32.403,0,0.0415,-2.1555,2.1559,-88.896,nan,nan,nan,2.751
1777025647144774734,32.502,0,0.0104,-2.1464,2.1464,-89.722,nan,nan,nan,3.471
1777025647243192515,32.600,0,-0.0194,-2.1312,2.1313,-90.521,nan,nan,nan,4.259
1777025647342836126,32.700,0,-0.0512,-2.1151,2.1157,-91.388,nan,nan,nan,3.250
1777025647442451532,32.800,0,-0.0874,-2.0998,2.1016,-92.385,nan,nan,nan,2.165
1777025647543766452,32.901,0,-0.1259,-2.0863,2.0901,-93.454,nan,nan,nan,2.638
1777025647644979317,33.002,0,-0.1827,-2.0702,2.0782,-95.043,nan,nan,nan,2.721
1777025647742611841,33.100,0,-0.2599,-2.0510,2.0674,-97.223,nan,nan,nan,2.679
1777025647842671320,33.200,0,-0.3622,-2.0235,2.0556,-100.147,nan,nan,nan,2.368
1777025647942243264,33.299,0,-0.4605,-2.0046,2.0568,-102.937,nan,nan,nan,1.955
1777025648043216037,33.400,0,-0.5717,-1.9815,2.0623,-106.094,nan,nan,nan,2.730
1777025648142263630,33.499,0,-0.6954,-1.9448,2.0654,-109.676,nan,nan,nan,0.016
1777025648242946274,33.600,0,-0.7938,-1.9029,2.0618,-112.643,nan,nan,nan,2.591
1777025648343314753,33.700,0,-0.8595,-1.8566,2.0459,-114.842,nan,nan,nan,2.085
1777025648442974585,33.800,0,-0.9296,-1.7994,2.0253,-117.321,nan,nan,nan,2.188
1777025648542286974,33.899,0,-1.0030,-1.7507,2.0177,-119.809,nan,nan,nan,1.528
1777025648641285087,33.998,0,-1.0801,-1.6905,2.0060,-122.575,nan,nan,nan,0.334
1777025648740579976,34.098,0,-1.1487,-1.6315,1.9953,-125.148,nan,nan,nan,0.258
1777025648842135062,34.199,0,-1.2206,-1.5682,1.9872,-127.894,nan,nan,nan,0.771
1777025648939626031,34.297,0,-1.2882,-1.5026,1.9792,-130.605,nan,nan,nan,2.084
1777025649041328764,34.398,0,-1.3511,-1.4368,1.9723,-133.240,nan,nan,nan,1.684
1777025649139156065,34.496,0,-1.4074,-1.3750,1.9676,-135.667,nan,nan,nan,3.145
1777025649239174212,34.596,0,-1.4657,-1.3046,1.9622,-138.327,nan,nan,nan,4.489
1777025649339921670,34.697,0,-1.5232,-1.2296,1.9576,-141.089,nan,nan,nan,3.025
1777025649441330460,34.798,0,-1.5760,-1.1567,1.9549,-143.725,nan,nan,nan,0.385
1777025649540204869,34.897,0,-1.6178,-1.0992,1.9559,-145.805,nan,nan,nan,2.119
1777025649638190429,34.995,0,-1.6486,-1.0526,1.9560,-147.444,nan,nan,nan,3.405
1777025649738145631,35.095,0,-1.6647,-1.0283,1.9567,-148.296,nan,nan,nan,3.656
1777025649839944383,35.197,0,-1.6831,-1.0020,1.9588,-149.232,nan,nan,nan,1.754
1777025649944285293,35.301,0,-1.7020,-0.9775,1.9627,-150.129,nan,nan,nan,2.509
1777025650036834944,35.394,0,-1.7209,-0.9481,1.9648,-151.147,nan,nan,nan,3.253
1777025650136531610,35.494,0,-1.7398,-0.9244,1.9701,-152.017,nan,nan,nan,2.717
1777025650235895017,35.593,0,-1.7587,-0.8995,1.9754,-152.912,nan,nan,nan,1.582
1777025650335802460,35.693,0,-1.7808,-0.8701,1.9820,-153.959,nan,nan,nan,1.110
1777025650435895773,35.793,0,-1.7969,-0.8556,1.9902,-154.537,nan,nan,nan,1.393
1777025650535716123,35.893,0,-1.8150,-0.8378,1.9991,-155.223,nan,nan,nan,0.603
1777025650636268416,35.993,0,-1.8290,-0.8435,2.0141,-155.243,nan,nan,nan,0.770
1777025650736050415,36.093,0,-1.8440,-0.8530,2.0318,-155.176,nan,nan,nan,1.024
1777025650831311243,36.188,0,-1.8510,-0.8762,2.0480,-154.669,nan,nan,nan,3.623
1777025650938347959,36.296,0,-1.8592,-0.9077,2.0690,-153.976,nan,nan,nan,1.505
1777025651035177152,36.392,0,-1.8682,-0.9399,2.0913,-153.292,nan,nan,nan,1.998
1777025651135503446,36.493,0,-1.8761,-0.9772,2.1153,-152.485,nan,nan,nan,0.543
1777025651234827594,36.592,0,-1.8833,-1.0180,2.1409,-151.607,nan,nan,nan,1.196
1777025651336619346,36.694,0,-1.8996,-1.0532,2.1720,-150.994,nan,nan,nan,1.629
1777025651433161429,36.790,0,-1.9166,-1.0885,2.2041,-150.407,nan,nan,nan,1.618
1777025651537768653,36.895,0,-1.9356,-1.1170,2.2347,-150.012,nan,nan,nan,2.538
1777025651630681766,36.988,0,-1.9387,-1.1682,2.2635,-148.928,nan,nan,nan,4.165
1777025651730536598,37.088,0,-1.9496,-1.2062,2.2925,-148.256,nan,nan,nan,3.218
1777025651836305893,37.193,0,-1.9592,-1.2553,2.3269,-147.350,nan,nan,nan,0.639
1777025651931600924,37.289,0,-1.9649,-1.2957,2.3536,-146.599,nan,nan,nan,3.771
1777025652036582462,37.394,0,-1.9644,-1.3428,2.3795,-145.644,nan,nan,nan,0.816
1777025652135971666,37.493,0,-1.9664,-1.3888,2.4074,-144.768,nan,nan,nan,0.054
1777025652238807544,37.596,0,-1.9644,-1.4350,2.4327,-143.852,nan,nan,nan,1.126
1777025652341637218,37.699,0,-1.9541,-1.4888,2.4566,-142.697,nan,nan,nan,3.250
1777025652443669710,37.801,0,-1.9367,-1.5438,2.4767,-141.442,nan,nan,nan,1.016
1777025652543261635,37.900,0,-1.9286,-1.5846,2.4961,-140.593,nan,nan,nan,2.304
1777025652641786897,37.999,0,-1.9124,-1.6312,2.5136,-139.538,nan,nan,nan,2.902
1777025652739992604,38.097,0,-1.8752,-1.6881,2.5231,-138.006,nan,nan,nan,3.220
1777025652841455894,38.199,0,-1.8122,-1.7727,2.5350,-135.632,nan,nan,nan,4.405
1777025652939869379,38.297,0,-1.7650,-1.8354,2.5464,-133.879,nan,nan,nan,3.115
1777025653039921654,38.397,0,-1.7125,-1.8989,2.5570,-132.046,nan,nan,nan,3.101
1777025653141005427,38.498,0,-1.6404,-1.9773,2.5692,-129.681,nan,nan,nan,3.492
1777025653241596293,38.599,0,-1.5674,-2.0455,2.5770,-127.462,nan,nan,nan,3.702
1777025653342582214,38.700,0,-1.4936,-2.1128,2.5875,-125.258,nan,nan,nan,2.419
1777025653441117328,38.798,0,-1.4349,-2.1677,2.5996,-123.503,nan,nan,nan,4.037
1777025653542002323,38.899,0,-1.3522,-2.2324,2.6100,-121.203,nan,nan,nan,3.968
1777025653643642520,39.001,0,-1.2738,-2.2850,2.6160,-119.138,nan,nan,nan,2.243
1777025653740150566,39.097,0,-1.2051,-2.3272,2.6207,-117.375,nan,nan,nan,2.602
1777025653842496871,39.200,0,-1.1118,-2.3763,2.6235,-115.073,nan,nan,nan,4.355
1777025653940647635,39.298,0,-1.0334,-2.4149,2.6267,-113.168,nan,nan,nan,2.838
1777025654040427893,39.398,0,-0.9406,-2.4543,2.6284,-110.970,nan,nan,nan,2.005
1777025654142370718,39.500,0,-0.8491,-2.4887,2.6296,-108.839,nan,nan,nan,3.681
1777025654242663696,39.600,0,-0.7574,-2.5196,2.6310,-106.730,nan,nan,nan,3.110
1777025654345824703,39.703,0,-0.6677,-2.5431,2.6293,-104.711,nan,nan,nan,0.959
1777025654443237006,39.800,0,-0.5795,-2.5605,2.6253,-102.753,nan,nan,nan,3.480
1777025654542862949,39.900,0,-0.4999,-2.5756,2.6237,-100.985,nan,nan,nan,4.396
1777025654644748293,40.002,0,-0.3960,-2.5976,2.6276,-98.667,nan,nan,nan,2.178
1777025654742250040,40.099,0,-0.2602,-2.6207,2.6336,-95.671,nan,nan,nan,3.565
1777025654843946107,40.201,0,-0.0355,-2.6397,2.6400,-90.771,nan,nan,nan,3.406
1777025654945359434,40.303,0,0.1386,-2.6390,2.6426,-86.993,10091.57,1332.37,1439.29,1.635
1777025655044894063,40.402,0,0.3168,-2.6246,2.6436,-83.118,4575.88,583.14,629.93,1.930
1777025655146013668,40.503,0,0.4932,-2.5967,2.6431,-79.246,3025.99,374.53,404.58,1.765
1777025655246782942,40.604,0,0.6549,-2.5586,2.6411,-75.642,2328.96,282.03,304.66,0.442
1777025655346468459,40.704,0,0.8126,-2.5094,2.6377,-72.056,1908.94,227.30,245.54,1.280
1777025655445463868,40.803,0,0.9441,-2.4578,2.6329,-68.988,1660.33,195.65,211.36,1.434
1777025655546896417,40.904,0,1.0610,-2.4028,2.6266,-66.175,1486.46,174.08,188.05,0.261
1777025655643989461,41.001,0,1.1721,-2.3409,2.6180,-63.402,1349.23,157.58,170.23,3.755
1777025655748850185,41.106,0,1.2704,-2.2752,2.6059,-60.824,1243.49,145.40,157.07,0.057
1777025655842783776,41.200,0,1.3425,-2.2173,2.5921,-58.806,1171.94,137.58,148.62,3.333
1777025655943916586,41.301,0,1.3914,-2.1669,2.5751,-57.296,1123.61,132.75,143.41,3.687
1777025656044927358,41.402,0,1.3688,-2.1605,2.5576,-57.643,1134.37,134.94,145.77,3.221
1777025656143081529,41.500,0,1.3339,-2.1652,2.5431,-58.365,1157.41,138.48,149.59,2.719
1777025656243194323,41.600,0,1.3144,-2.1675,2.5349,-58.768,1170.66,140.53,151.81,3.557
1777025656342881211,41.700,0,1.3027,-2.1651,2.5268,-58.965,1177.29,141.79,153.16,2.140
1777025656444395500,41.802,0,1.2804,-2.1676,2.5175,-59.430,1193.15,144.26,155.84,4.045
1777025656547747303,41.905,0,1.2533,-2.1714,2.5071,-60.006,1213.45,147.37,159.20,1.115
1777025656643558110,42.001,0,1.2344,-2.1725,2.4987,-60.395,1227.55,149.63,161.64,2.403
1777025656741963465,42.099,0,1.2060,-2.1751,2.4870,-60.993,1249.92,153.16,165.45,1.648
1777025656844186160,42.201,0,1.1664,-2.1799,2.4724,-61.851,1283.49,158.36,171.07,3.812
1777025656942677626,42.300,0,1.1475,-2.1781,2.4619,-62.217,1298.41,160.96,173.88,1.930
1777025657045609300,42.403,0,1.1201,-2.1814,2.4522,-62.821,1323.77,164.90,178.13,4.718
1777025657144726819,42.502,0,1.0922,-2.1829,2.4408,-63.420,1350.03,169.12,182.70,4.009
1777025657244280096,42.601,0,1.0592,-2.1866,2.4297,-64.154,1383.73,174.38,188.37,3.575
1777025657345858015,42.703,0,1.0218,-2.1924,2.4188,-65.011,1425.40,180.77,195.27,3.349
1777025657444412092,42.802,0,0.9944,-2.1962,2.4109,-65.640,1457.72,185.75,200.65,2.669
1777025657543568685,42.901,0,0.9643,-2.1998,2.4018,-66.329,1495.00,191.55,206.92,2.423
1777025657645390307,43.003,0,0.9322,-2.2033,2.3924,-67.067,1537.25,198.14,214.04,4.096
1777025657742592018,43.100,0,0.9099,-2.2046,2.3850,-67.573,1567.71,203.00,219.29,1.331
1777025657843497865,43.201,0,0.8841,-2.2066,2.3771,-68.165,1605.10,208.92,225.68,1.527
1777025657946085059,43.303,0,0.8540,-2.2100,2.3693,-68.871,1652.25,216.28,233.63,4.085
1777025658045332503,43.402,0,0.8340,-2.2112,2.3633,-69.335,1684.90,221.48,239.25,1.872
1777025658143302415,43.500,0,0.8075,-2.2164,2.3589,-69.981,1732.76,228.73,247.08,1.884
1777025658246249997,43.603,0,0.7837,-2.2220,2.3561,-70.571,1779.17,235.68,254.59,3.798
1777025658344791925,43.702,0,0.7646,-2.2255,2.3532,-71.038,1817.84,241.56,260.95,2.375
1777025658443747538,43.801,0,0.7361,-2.2337,2.3518,-71.761,1881.54,250.94,271.08,0.715
1777025658544444200,43.902,0,0.7156,-2.2411,2.3526,-72.290,1931.30,258.10,278.81,1.320
1777025658644173718,44.001,0,0.6971,-2.2483,2.3539,-72.774,1979.38,264.97,286.24,0.239
1777025658742779202,44.100,0,0.6810,-2.2580,2.3585,-73.216,2025.64,271.21,292.98,0.615
1777025658845006100,44.202,0,0.6633,-2.2675,2.3625,-73.694,2078.50,278.47,300.81,2.271
1777025658944575581,44.302,0,0.6433,-2.2786,2.3676,-74.234,2141.87,287.13,310.17,0.796
1777025659046046834,44.403,0,0.6168,-2.2889,2.3705,-74.918,2228.44,299.45,323.48,0.858
1777025659143928616,44.501,0,0.6013,-2.2988,2.3762,-75.342,2286.13,307.19,331.84,0.093
1777025659244697019,44.602,0,0.5796,-2.3072,2.3789,-75.897,2366.77,318.66,344.23,0.106
1777025659343976983,44.701,0,0.5545,-2.3166,2.3820,-76.540,2468.25,333.13,359.86,0.481
1777025659444748978,44.802,0,0.5314,-2.3256,2.3856,-77.128,2569.85,347.57,375.46,0.835
1777025659543631184,44.901,0,0.5070,-2.3347,2.3891,-77.749,2687.43,364.34,393.58,1.476
1777025659644932400,45.002,0,0.4786,-2.3431,2.3915,-78.456,2836.51,385.94,416.91,1.189
1777025659745443822,45.103,0,0.4470,-2.3488,2.3909,-79.224,3020.41,413.20,446.36,2.281
1777025659845365913,45.203,0,0.4220,-2.3549,2.3924,-79.841,3187.97,437.74,472.87,0.021
1777025659950735209,45.308,0,0.3964,-2.3586,2.3916,-80.460,3377.55,465.99,503.39,2.108
1777025660045215854,45.402,0,0.3657,-2.3615,2.3897,-81.197,3637.63,505.06,545.59,1.438
1777025660144705187,45.502,0,0.3339,-2.3634,2.3869,-81.958,3955.88,553.12,597.51,0.602
1777025660243592911,45.601,0,0.2986,-2.3657,2.3844,-82.806,4389.54,618.60,668.24,0.609
1777025660344184759,45.701,0,0.2632,-2.3691,2.3836,-83.659,4942.03,701.67,757.97,0.262
1777025660444270349,45.801,0,0.2363,-2.3728,2.3846,-84.314,5477.43,781.78,844.52,0.481
1777025660544250403,45.901,0,0.2115,-2.3781,2.3875,-84.918,6094.45,873.47,943.56,3.047
1777025660646437598,46.004,0,0.1803,-2.3834,2.3902,-85.674,7106.34,1024.35,1106.55,1.524
1777025660743322976,46.100,0,0.1523,-2.3886,2.3934,-86.352,8372.34,1212.93,1310.26,2.107
1777025660844441730,46.202,0,0.1238,-2.3939,2.3971,-87.039,10245.54,1491.91,1611.64,0.764
1777025660950296802,46.307,0,0.0956,-2.3978,2.3997,-87.718,13197.98,1932.78,2087.88,5.744
1777025661044872817,46.402,0,0.0856,-2.3995,2.4011,-87.956,14699.56,2156.68,2329.75,0.626
1777025661144930945,46.502,0,0.0833,-2.3997,2.4011,-88.011,15101.13,2216.79,2394.68,1.560
1777025661243957094,46.601,0,0.0844,-2.3995,2.4009,-87.986,14915.94,2189.21,2364.88,0.940
1777025661345169070,46.702,0,0.0835,-2.3999,2.4013,-88.007,15069.99,2211.94,2389.44,0.034
1777025661445463511,46.803,0,0.0683,-2.4021,2.4031,-88.371,18365.72,2703.83,2920.80,0.195
1777025661544508142,46.902,0,0.0325,-2.4063,2.4065,-89.226,nan,nan,nan,1.240
1777025661644834287,47.002,0,-0.0035,-2.4131,2.4131,-90.083,nan,nan,nan,0.833
1777025661743006180,47.100,0,-0.0428,-2.4194,2.4198,-91.014,nan,nan,nan,5.913
1777025661845089079,47.202,0,-0.0760,-2.4240,2.4252,-91.796,nan,nan,nan,0.692
1777025661944444227,47.302,0,-0.0888,-2.4263,2.4279,-92.095,nan,nan,nan,1.947
1777025662045448315,47.403,0,-0.0936,-2.4271,2.4289,-92.208,nan,nan,nan,0.305
1777025662144746204,47.502,0,-0.0903,-2.4267,2.4284,-92.132,nan,nan,nan,0.943
1777025662244686498,47.602,0,-0.0922,-2.4268,2.4286,-92.177,nan,nan,nan,1.130
1777025662344255757,47.701,0,-0.0924,-2.4267,2.4285,-92.180,nan,nan,nan,2.275
1777025662444286348,47.801,0,-0.0924,-2.4267,2.4285,-92.180,nan,nan,nan,2.431
1777025662544135161,47.901,0,-0.0908,-2.4267,2.4284,-92.142,nan,nan,nan,2.688
1777025662644407251,48.002,0,-0.0913,-2.4267,2.4285,-92.155,nan,nan,nan,2.409
1777025662742548718,48.100,0,-0.0925,-2.4268,2.4285,-92.182,nan,nan,nan,1.907
1777025662844829949,48.202,0,-0.0921,-2.4268,2.4286,-92.174,nan,nan,nan,1.404
1777025662943817821,48.301,0,-0.0913,-2.4267,2.4285,-92.155,nan,nan,nan,2.983
1777025663045474369,48.403,0,-0.0924,-2.4268,2.4285,-92.181,nan,nan,nan,1.264
1777025663146109939,48.503,0,-0.0912,-2.4268,2.4285,-92.153,nan,nan,nan,1.028
1777025663245574217,48.603,0,-0.0912,-2.4268,2.4285,-92.152,nan,nan,nan,1.349
1777025663344337200,48.701,0,-0.0913,-2.4268,2.4285,-92.155,nan,nan,nan,2.634
1777025663445706490,48.803,0,-0.0913,-2.4267,2.4284,-92.156,nan,nan,nan,1.702
1777025663547320002,48.904,0,-0.0913,-2.4267,2.4285,-92.154,nan,nan,nan,0.269
1777025663644356639,49.002,0,-0.0913,-2.4267,2.4284,-92.154,nan,nan,nan,2.689
1777025663742991493,49.100,0,-0.0912,-2.4267,2.4284,-92.152,nan,nan,nan,3.431
1777025663845655075,49.203,0,-0.0912,-2.4267,2.4284,-92.153,nan,nan,nan,1.904
1777025663943541654,49.301,0,-0.0919,-2.4268,2.4285,-92.169,nan,nan,nan,4.129
1777025664042827025,49.400,0,-0.0911,-2.4267,2.4284,-92.150,nan,nan,nan,3.315
1777025664144355537,49.502,0,-0.0912,-2.4267,2.4284,-92.151,nan,nan,nan,3.334
1777025664244410794,49.602,0,-0.0909,-2.4267,2.4284,-92.145,nan,nan,nan,3.710
1777025664344530977,49.702,0,-0.0919,-2.4268,2.4285,-92.168,nan,nan,nan,3.360
1777025664446357895,49.804,0,-0.0917,-2.4267,2.4285,-92.165,nan,nan,nan,2.244
1777025664544787639,49.902,0,-0.0910,-2.4268,2.4285,-92.148,nan,nan,nan,3.808
1777025664645533523,50.003,0,-0.0912,-2.4267,2.4284,-92.151,nan,nan,nan,2.750
1777025664743965915,50.101,0,-0.0924,-2.4267,2.4285,-92.181,nan,nan,nan,3.096
1777025664845516890,50.203,0,-0.0927,-2.4267,2.4285,-92.187,nan,nan,nan,3.303
1777025664944248873,50.301,0,-0.0917,-2.4267,2.4285,-92.163,nan,nan,nan,3.779
1777025665045042702,50.402,0,-0.0926,-2.4267,2.4285,-92.185,nan,nan,nan,3.978
1777025665146332752,50.503,0,-0.0912,-2.4268,2.4285,-92.151,nan,nan,nan,2.909
1777025665243799091,50.601,0,-0.0912,-2.4267,2.4284,-92.152,nan,nan,nan,1.001
1777025665345231381,50.702,0,-0.0913,-2.4267,2.4285,-92.154,nan,nan,nan,4.220
1777025665443991661,50.801,0,-0.0909,-2.4267,2.4284,-92.144,nan,nan,nan,2.765
1777025665542381127,50.900,0,-0.0911,-2.4267,2.4284,-92.150,nan,nan,nan,0.876
1777025665643934046,51.001,0,-0.0921,-2.4267,2.4285,-92.175,nan,nan,nan,2.833
1777025665742596863,51.100,0,-0.0912,-2.4267,2.4285,-92.153,nan,nan,nan,1.183
1777025665845043205,51.202,0,-0.0922,-2.4267,2.4285,-92.175,nan,nan,nan,4.183
1777025665944885037,51.302,0,-0.0910,-2.4267,2.4284,-92.147,nan,nan,nan,3.295
1777025666044738480,51.402,0,-0.0917,-2.4267,2.4285,-92.165,nan,nan,nan,3.501
1777025666143571815,51.501,0,-0.0924,-2.4268,2.4286,-92.181,nan,nan,nan,1.605
1777025666244832254,51.602,0,-0.0910,-2.4267,2.4285,-92.148,nan,nan,nan,2.963
1777025666344791567,51.702,0,-0.0911,-2.4267,2.4284,-92.151,nan,nan,nan,2.961
1777025666445630785,51.803,0,-0.0911,-2.4267,2.4285,-92.150,nan,nan,nan,3.339
1777025666544743452,51.902,0,-0.0919,-2.4267,2.4285,-92.169,nan,nan,nan,2.359
1777025666644536155,52.002,0,-0.0910,-2.4267,2.4284,-92.147,nan,nan,nan,2.088
1777025666745764908,52.103,0,-0.0916,-2.4267,2.4285,-92.163,nan,nan,nan,4.036
1777025666843232951,52.200,0,-0.0910,-2.4267,2.4284,-92.148,nan,nan,nan,1.232
1777025666944880981,52.302,0,-0.0910,-2.4267,2.4284,-92.148,nan,nan,nan,2.953
1777025667044783813,52.402,0,-0.0910,-2.4267,2.4284,-92.147,nan,nan,nan,1.953
1777025667143791999,52.501,0,-0.0912,-2.4267,2.4284,-92.151,nan,nan,nan,0.150
1777025667244821475,52.602,0,-0.0925,-2.4267,2.4285,-92.184,nan,nan,nan,1.365
1777025667342961479,52.700,0,-0.0911,-2.4267,2.4284,-92.150,nan,nan,nan,0.229
1777025667444416695,52.802,0,-0.0918,-2.4267,2.4285,-92.166,nan,nan,nan,0.445
1777025667543854584,52.901,0,-0.0912,-2.4267,2.4284,-92.152,nan,nan,nan,1.210
1777025667643800045,53.001,0,-0.0911,-2.4267,2.4284,-92.149,nan,nan,nan,0.334
1777025667742644899,53.100,0,-0.0909,-2.4267,2.4284,-92.144,nan,nan,nan,0.431
1777025667843459005,53.201,0,-0.0910,-2.4268,2.4285,-92.148,nan,nan,nan,0.426
1777025667944265778,53.301,0,-0.0917,-2.4267,2.4285,-92.164,nan,nan,nan,1.184
1777025668045230070,53.402,0,-0.0919,-2.4268,2.4285,-92.169,nan,nan,nan,0.904
1777025668144628885,53.502,0,-0.0911,-2.4267,2.4284,-92.150,nan,nan,nan,1.122
1777025668244891048,53.602,0,-0.0911,-2.4267,2.4284,-92.149,nan,nan,nan,1.060
1777025668345996469,53.703,0,-0.0922,-2.4267,2.4285,-92.176,nan,nan,nan,2.225
1777025668443948381,53.801,0,-0.0911,-2.4267,2.4284,-92.151,nan,nan,nan,0.423
1777025668544593081,53.902,0,-0.0934,-2.4272,2.4290,-92.203,nan,nan,nan,0.058
1777025668643964951,54.001,0,-0.1583,-2.4262,2.4314,-93.732,nan,nan,nan,0.333
1777025668743196507,54.100,0,-0.2783,-2.4190,2.4349,-96.562,nan,nan,nan,1.627
1777025668843260394,54.200,0,-0.3418,-2.4140,2.4380,-98.060,nan,nan,nan,1.706
1777025668949529298,54.307,0,-0.3640,-2.4159,2.4431,-98.568,nan,nan,nan,5.029
1777025669046450676,54.404,0,-0.3983,-2.4171,2.4497,-99.358,nan,nan,nan,1.810
1777025669145767491,54.503,0,-0.4073,-2.4147,2.4488,-99.573,nan,nan,nan,1.230
1777025669245042584,54.602,0,-0.4054,-2.4151,2.4488,-99.528,nan,nan,nan,0.994
1777025669343874716,54.701,0,-0.4046,-2.4153,2.4489,-99.509,nan,nan,nan,0.711
1777025669443389863,54.801,0,-0.4053,-2.4151,2.4488,-99.526,nan,nan,nan,1.672
1777025669542563345,54.900,0,-0.4049,-2.4151,2.4488,-99.518,nan,nan,nan,2.509
1777025669645721130,55.003,0,-0.4053,-2.4150,2.4488,-99.526,nan,nan,nan,0.168
1777025669744625650,55.102,0,-0.4019,-2.4157,2.4489,-99.446,nan,nan,nan,1.294
1777025669844510685,55.202,0,-0.4084,-2.4162,2.4505,-99.594,nan,nan,nan,1.226
1777025669944940793,55.302,0,-0.4242,-2.4173,2.4542,-99.954,nan,nan,nan,0.602
1777025670046828359,55.404,0,-0.4381,-2.4167,2.4561,-100.275,nan,nan,nan,1.368
1777025670143184128,55.500,0,-0.4410,-2.4192,2.4590,-100.330,nan,nan,nan,2.356
1777025670248500906,55.606,0,-0.4496,-2.4212,2.4626,-100.519,nan,nan,nan,2.335
1777025670344098807,55.701,0,-0.4550,-2.4244,2.4668,-100.628,nan,nan,nan,2.336
1777025670444211749,55.801,0,-0.4761,-2.4264,2.4727,-101.101,nan,nan,nan,1.510
1777025670544514876,55.902,0,-0.4986,-2.4287,2.4793,-101.601,nan,nan,nan,1.542
1777025670647867974,56.005,0,-0.5127,-2.4315,2.4850,-101.906,nan,nan,nan,1.249
1777025670743200580,56.100,0,-0.5282,-2.4344,2.4911,-102.243,nan,nan,nan,3.019
1777025670845059331,56.202,0,-0.5433,-2.4375,2.4973,-102.566,nan,nan,nan,1.377
1777025670941867321,56.299,0,-0.5573,-2.4401,2.5029,-102.865,nan,nan,nan,3.399
1777025671044167830,56.401,0,-0.5746,-2.4435,2.5101,-103.232,nan,nan,nan,4.539
1777025671146684153,56.504,0,-0.5891,-2.4466,2.5165,-103.538,nan,nan,nan,0.577
1777025671246105450,56.603,0,-0.6016,-2.4507,2.5235,-103.793,nan,nan,nan,0.402
1777025671343484826,56.701,0,-0.6204,-2.4529,2.5301,-104.193,nan,nan,nan,3.836
1777025671445648910,56.803,0,-0.6381,-2.4553,2.5369,-104.569,nan,nan,nan,1.775
1777025671548106549,56.905,0,-0.6602,-2.4575,2.5447,-105.037,nan,nan,nan,0.682
1777025671643889208,57.001,0,-0.6808,-2.4604,2.5529,-105.468,nan,nan,nan,1.412
1777025671743617707,57.101,0,-0.7050,-2.4627,2.5616,-105.976,nan,nan,nan,4.407
1777025671844930182,57.202,0,-0.7267,-2.4660,2.5708,-106.419,nan,nan,nan,2.511
1777025671943910832,57.301,0,-0.7498,-2.4678,2.5792,-106.901,nan,nan,nan,3.583
1777025672048354575,57.406,0,-0.7647,-2.4732,2.5887,-107.181,nan,nan,nan,0.863
1777025672143565385,57.501,0,-0.7930,-2.4732,2.5973,-107.778,nan,nan,nan,4.057
1777025672245206933,57.602,0,-0.8071,-2.4766,2.6048,-108.050,nan,nan,nan,2.336
1777025672345070098,57.702,0,-0.8234,-2.4793,2.6125,-108.372,nan,nan,nan,2.678
1777025672443566694,57.801,0,-0.8348,-2.4821,2.6188,-108.589,nan,nan,nan,4.161
1777025672546802311,57.904,0,-0.8453,-2.4847,2.6246,-108.789,nan,nan,nan,1.310
1777025672643750726,58.001,0,-0.8583,-2.4863,2.6303,-109.045,nan,nan,nan,1.211
1777025672742543321,58.100,0,-0.8671,-2.4856,2.6325,-109.230,nan,nan,nan,2.703
1777025672844786941,58.202,0,-0.8648,-2.4857,2.6319,-109.183,nan,nan,nan,3.705
1777025672944470107,58.302,0,-0.8648,-2.4858,2.6319,-109.183,nan,nan,nan,3.309
1777025673046418488,58.404,0,-0.8631,-2.4865,2.6320,-109.143,nan,nan,nan,2.164
1777025673145003083,58.502,0,-0.8631,-2.4883,2.6338,-109.130,nan,nan,nan,4.356
1777025673245228321,58.602,0,-0.8563,-2.4923,2.6353,-108.961,nan,nan,nan,3.251
1777025673344836209,58.702,0,-0.8253,-2.5033,2.6359,-108.246,nan,nan,nan,4.112
1777025673444448060,58.802,0,-0.7971,-2.5133,2.6367,-107.597,nan,nan,nan,3.970
1777025673545038279,58.902,0,-0.7676,-2.5230,2.6372,-106.921,nan,nan,nan,3.681
1777025673641935972,58.999,0,-0.6803,-2.5490,2.6382,-104.944,nan,nan,nan,0.610
1777025673744805294,59.102,0,-0.6191,-2.5652,2.6388,-103.568,nan,nan,nan,2.762
1777025673845369328,59.203,0,-0.5629,-2.5790,2.6397,-102.313,nan,nan,nan,3.626
1777025673943408091,59.301,0,-0.4182,-2.6085,2.6418,-99.108,nan,nan,nan,2.065
1777025674048662684,59.406,0,-0.1382,-2.6406,2.6442,-92.996,nan,nan,nan,2.092
1777025674149066903,59.506,0,0.1195,-2.6426,2.6453,-87.412,11674.37,1546.16,1670.24,6.706
1777025674244733451,59.602,0,0.2226,-2.6360,2.6454,-85.173,6400.17,829.75,896.33,2.977
1777025674344843431,59.702,0,0.3723,-2.6188,2.6452,-81.908,3933.43,496.10,535.91,3.278
1777025674445368705,59.803,0,0.6163,-2.5710,2.6438,-76.519,2464.77,299.68,323.73,4.198
1777025674545581147,59.903,0,0.8880,-2.4877,2.6415,-70.355,1761.88,208.00,224.69,4.144
1777025674644205686,60.001,0,1.2045,-2.3472,2.6382,-62.836,1324.42,153.35,165.66,2.389
1777025674741619544,60.099,0,1.5506,-2.1254,2.6309,-53.888,1027.84,119.12,128.68,0.767
1777025674842743668,60.200,0,1.8401,-1.8694,2.6231,-45.453,845.81,100.38,108.43,0.213
1777025674941876780,60.299,0,2.0806,-1.5808,2.6130,-37.226,714.37,88.78,95.90,0.523
1777025675041407058,60.399,0,2.1959,-1.4015,2.6051,-32.548,652.02,84.11,90.86,6.892
1777025675142880273,60.500,1,2.2287,-1.3373,2.5991,-30.965,632.41,82.88,89.53,0.183
1777025675243312381,60.600,1,2.2684,-1.2502,2.5901,-28.861,607.33,81.43,87.96,0.464
1777025675342219068,60.699,1,2.2872,-1.1780,2.5728,-27.250,588.81,80.76,87.24,0.933
1777025675442019252,60.799,1,2.2996,-1.1201,2.5579,-25.969,574.45,80.32,86.77,0.702
1777025675544398983,60.902,1,2.3084,-1.0667,2.5429,-24.802,561.65,80.02,86.44,1.522
1777025675640709067,60.998,1,2.3151,-1.0145,2.5276,-23.664,549.39,79.78,86.19,2.674
1777025675741604951,61.099,1,2.3216,-0.9588,2.5118,-22.440,536.45,79.56,85.95,3.075
1777025675842420354,61.200,1,2.3270,-0.9018,2.4957,-21.184,523.39,79.38,85.75,2.712
1777025675942246445,61.299,1,2.3321,-0.8423,2.4796,-19.859,509.86,79.20,85.56,2.021
1777025676043820123,61.401,1,2.3367,-0.7851,2.4651,-18.571,496.93,79.05,85.39,0.598
1777025676141036649,61.498,1,2.3468,-0.7107,2.4521,-16.848,479.92,78.71,85.02,2.646
1777025676242125162,61.599,1,2.3498,-0.6436,2.4364,-15.317,465.08,78.60,84.91,1.573
1777025676342506807,61.700,1,2.3507,-0.5785,2.4209,-13.825,450.81,78.58,84.88,1.850
1777025676442459287,61.800,1,2.3506,-0.5076,2.4048,-12.185,435.34,78.58,84.88,1.268
1777025676544057687,61.901,1,2.3483,-0.4412,2.3894,-10.640,420.94,78.66,84.97,1.041
1777025676642578116,62.000,1,2.3456,-0.3742,2.3752,-9.064,406.40,78.75,85.07,2.463
1777025676741744302,62.099,1,2.3387,-0.3000,2.3579,-7.311,390.37,78.98,85.32,2.517
1777025676843604775,62.201,1,2.3274,-0.2380,2.3395,-5.839,377.02,79.36,85.73,1.741
1777025676943485959,62.301,1,2.3131,-0.1828,2.3203,-4.518,365.09,79.85,86.26,0.878
1777025677043437364,62.401,1,2.2967,-0.1275,2.3002,-3.177,353.03,80.42,86.88,1.122
1777025677142971160,62.500,1,2.2792,-0.0741,2.2804,-1.863,341.24,81.04,87.55,2.026
1777025677242837196,62.600,1,2.2606,-0.0349,2.2609,-0.885,332.48,81.71,88.27,1.868
1777025677347018921,62.704,1,2.2407,-0.0137,2.2408,-0.350,327.69,82.43,89.05,2.285
1777025677442685637,62.800,1,2.2212,-0.0032,2.2212,-0.083,325.29,83.16,89.83,1.890
1777025677541997211,62.899,1,2.2003,0.0088,2.2003,0.229,322.50,83.95,90.68,2.704
1777025677643608575,63.001,1,2.1815,0.0082,2.1816,0.216,322.61,84.67,91.46,1.190
1777025677743647091,63.101,1,2.1613,0.0152,2.1614,0.404,320.93,85.46,92.32,1.474
1777025677843341220,63.201,1,2.1413,0.0212,2.1414,0.566,319.48,86.26,93.18,4.183
1777025677944350937,63.302,1,2.1204,0.0262,2.1206,0.707,318.22,87.11,94.10,1.683
1777025678044801656,63.402,1,2.0922,0.0329,2.0924,0.902,316.47,88.29,95.37,1.068
1777025678142905660,63.500,1,2.0564,0.0264,2.0566,0.737,317.95,89.82,97.03,2.862
1777025678243060379,63.600,1,2.0262,0.0207,2.0263,0.586,319.30,91.16,98.47,2.233
1777025678342763397,63.700,1,2.0077,0.0136,2.0077,0.387,321.08,92.00,99.38,2.802
1777025678443659948,63.801,1,1.9872,0.0181,1.9873,0.523,319.87,92.95,100.41,2.277
1777025678545218626,63.902,1,1.9663,0.0160,1.9663,0.465,320.39,93.94,101.48,0.578
1777025678643621981,64.001,1,1.9397,0.0160,1.9398,0.472,320.32,95.23,102.87,3.328
1777025678741808429,64.099,1,1.9040,0.0113,1.9040,0.340,321.51,97.01,104.79,4.145
1777025678845120991,64.202,1,1.8728,0.0048,1.8728,0.146,323.24,98.63,106.54,1.119
1777025678944167807,64.301,1,1.8461,-0.0039,1.8461,-0.120,325.62,100.05,108.08,2.965
1777025679043431122,64.401,1,1.8308,-0.0042,1.8308,-0.133,325.74,100.89,108.98,3.165
1777025679142544734,64.500,1,1.8146,0.0094,1.8146,0.295,321.90,101.79,109.96,3.066
1777025679245592463,64.603,1,1.7898,0.0196,1.7899,0.626,318.94,103.20,111.48,0.541
1777025679341926584,64.699,1,1.7728,0.0262,1.7730,0.846,316.97,104.19,112.55,3.099
1777025679443225485,64.800,1,1.7505,0.0402,1.7510,1.317,312.75,105.52,113.98,2.668
1777025679541982487,64.899,1,1.7324,0.0503,1.7331,1.663,309.65,106.62,115.18,3.524
1777025679643070797,65.000,1,1.7103,0.0560,1.7112,1.875,307.75,108.00,116.67,3.689
1777025679743103591,65.100,1,1.6915,0.0711,1.6930,2.407,302.98,109.20,117.96,3.319
1777025679844239826,65.201,1,1.6697,0.0923,1.6723,3.163,296.20,110.62,119.50,3.730
1777025679944851619,65.302,1,1.6496,0.1180,1.6538,4.090,287.86,111.97,120.96,2.466
1777025680043736417,65.401,1,1.6296,0.1391,1.6355,4.879,280.75,113.35,122.44,4.007
1777025680144945911,65.502,1,1.5951,0.1995,1.6075,7.128,260.39,115.80,125.09,3.369
1777025680244376133,65.602,1,1.5550,0.2596,1.5765,9.478,238.89,118.78,128.32,4.291
1777025680343503004,65.701,1,1.5210,0.3113,1.5525,11.567,219.54,121.44,131.19,3.526
1777025680447450823,65.805,1,1.4802,0.3605,1.5234,13.688,199.58,124.79,134.80,0.215
1777025680543790796,65.901,1,1.4387,0.4122,1.4966,15.986,177.56,128.39,138.69,3.999
1777025680643230703,66.000,1,1.3985,0.4595,1.4721,18.190,155.96,132.08,142.67,3.893
1777025680742416018,66.100,1,1.3553,0.5003,1.4447,20.261,135.16,136.29,147.23,2.669
1777025680842263258,66.199,1,1.3109,0.5401,1.4178,22.393,113.15,140.91,152.21,1.066
1777025680944853785,66.302,1,1.2623,0.5783,1.3885,24.615,89.48,146.33,158.07,3.359
1777025681042926566,66.400,1,1.2217,0.6081,1.3647,26.460,69.19,151.19,163.32,2.653
1777025681142808602,66.500,1,1.1739,0.6427,1.3383,28.700,43.65,157.35,169.98,2.224
1777025681244826094,66.602,1,1.1184,0.6842,1.3111,31.455,10.68,165.15,178.40,3.468
1777025681345452368,66.703,0,1.0657,0.7206,1.2865,34.065,-22.37,173.32,187.22,2.788
1777025681442191413,66.799,0,1.0239,0.7501,1.2693,36.227,-51.34,180.40,194.87,2.151
1777025681545029680,66.902,0,0.9791,0.7796,1.2515,38.527,-83.96,188.65,203.79,4.656
1777025681643723886,67.001,0,0.9224,0.8003,1.2212,40.943,-120.57,200.24,216.31,2.053
1777025681744609992,67.102,0,0.8683,0.8193,1.1938,43.334,-159.53,212.71,229.78,3.297
1777025681843749085,67.201,0,0.8363,0.8234,1.1737,44.554,-180.61,220.85,238.58,2.866
1777025681944231360,67.301,0,0.8089,0.8242,1.1549,45.535,-198.21,228.33,246.66,2.935
1777025682045642890,67.403,0,0.7933,0.8200,1.1410,45.948,-205.79,232.83,251.51,4.633
1777025682146094850,67.503,0,0.7722,0.8164,1.1237,46.591,-217.84,239.19,258.38,2.601
1777025682243482912,67.601,0,0.7571,0.8113,1.1097,46.979,-225.26,243.97,263.54,1.094
1777025682343729668,67.701,0,0.7379,0.8076,1.0940,47.581,-236.98,250.31,270.39,2.408
1777025682442848743,67.800,0,0.7190,0.8031,1.0779,48.161,-248.52,256.90,277.52,1.285
1777025682543004704,67.900,0,0.6985,0.8001,1.0621,48.875,-263.09,264.42,285.64,0.676
1777025682644652586,68.002,0,0.6735,0.7981,1.0443,49.842,-283.50,274.27,296.28,3.537
1777025682742212666,68.099,0,0.6488,0.7955,1.0265,50.801,-304.57,284.70,307.55,7.793
1777025682844205509,68.201,0,0.6272,0.7944,1.0122,51.708,-325.32,294.50,318.13,0.166
1777025682944487858,68.302,0,0.6026,0.7962,0.9985,52.882,-353.42,306.53,331.13,2.296
1777025683046122833,68.403,0,0.5764,0.7971,0.9837,54.129,-384.99,320.44,346.16,4.399
1777025683144469540,68.502,0,0.5543,0.7972,0.9710,55.188,-413.35,333.20,359.94,1.409
1777025683245848237,68.603,0,0.5192,0.7998,0.9536,57.012,-465.89,355.76,384.31,3.696
1777025683345068534,68.702,0,0.4905,0.8051,0.9428,58.653,-517.75,376.61,406.83,3.158
1777025683448195818,68.805,0,0.4540,0.8098,0.9284,60.723,-590.59,406.82,439.46,3.929
1777025683543563812,68.901,0,0.4253,0.8139,0.9183,62.413,-657.41,434.31,469.17,0.877
1777025683643931217,69.001,0,0.3909,0.8182,0.9068,64.463,-749.37,472.52,510.44,0.125
1777025683744341232,69.102,0,0.3517,0.8242,0.8961,66.893,-877.93,525.20,567.34,2.014
1777025683843445881,69.201,0,0.3135,0.8302,0.8874,69.309,-1033.92,589.10,636.38,0.124
1777025683944343876,69.302,0,0.2720,0.8354,0.8785,71.966,-1251.35,679.13,733.63,1.653
1777025684045494982,69.403,0,0.2321,0.8393,0.8707,74.543,-1530.97,795.93,859.80,2.156
1777025684145340258,69.502,0,0.1896,0.8424,0.8635,77.317,-1955.27,974.27,1052.45,1.649
1777025684245003276,69.602,0,0.1201,0.8474,0.8559,81.934,-3295.77,1537.96,1661.38,1.055
1777025684343765889,69.701,0,0.0365,0.8479,0.8486,87.536,nan,nan,nan,0.355
1777025684444280145,69.801,0,-0.0400,0.8442,0.8451,92.711,nan,nan,nan,0.684
1777025684545278399,69.902,0,-0.1130,0.8360,0.8437,97.700,nan,nan,nan,2.070
1777025684643773920,70.001,0,-0.1863,0.8236,0.8444,102.743,nan,nan,nan,0.247
1777025684744635101,70.102,0,-0.2574,0.8072,0.8473,107.689,nan,nan,nan,0.908
1777025684847683478,70.205,0,-0.3322,0.7841,0.8516,112.958,nan,nan,nan,2.811
1777025684944072747,70.301,0,-0.4111,0.7532,0.8581,118.623,nan,nan,nan,0.293
1777025685043529024,70.401,0,-0.4902,0.7148,0.8667,124.446,nan,nan,nan,0.353
1777025685144535241,70.502,0,-0.5641,0.6726,0.8778,129.989,nan,nan,nan,0.727
1777025685243520502,70.601,0,-0.6336,0.6257,0.8905,135.360,nan,nan,nan,1.048
1777025685346852749,70.704,0,-0.6978,0.5768,0.9054,140.422,nan,nan,nan,2.433
1777025685444591624,70.802,0,-0.7583,0.5225,0.9209,145.433,nan,nan,nan,0.465
1777025685541775039,70.899,0,-0.8156,0.4648,0.9388,150.319,nan,nan,nan,2.872
1777025685645751783,71.003,0,-0.8700,0.3992,0.9572,155.351,nan,nan,nan,1.535
1777025685743856010,71.101,0,-0.9196,0.3320,0.9777,160.149,nan,nan,nan,0.266
1777025685845503984,71.203,0,-0.9624,0.2646,0.9982,164.629,nan,nan,nan,1.033
1777025685946502442,71.304,0,-1.0013,0.1896,1.0191,169.279,nan,nan,nan,1.154
1777025686051468850,71.409,0,-1.0376,0.1096,1.0434,173.972,nan,nan,nan,2.199
1777025686144192612,71.501,0,-1.0629,0.0418,1.0637,177.749,nan,nan,nan,0.584
1777025686243306983,71.600,0,-1.0856,-0.0380,1.0863,-177.996,nan,nan,nan,2.694
1777025686344950217,71.702,0,-1.1039,-0.1158,1.1099,-174.011,nan,nan,nan,1.054
1777025686446891635,71.804,0,-1.1167,-0.1941,1.1334,-170.138,nan,nan,nan,1.679
1777025686544344752,71.902,0,-1.1237,-0.2767,1.1573,-166.165,nan,nan,nan,1.422
1777025686645962893,72.003,0,-1.1259,-0.3578,1.1814,-162.371,nan,nan,nan,0.101
1777025686742589569,72.100,0,-1.1234,-0.4357,1.2049,-158.801,nan,nan,nan,4.334
1777025686843310268,72.200,0,-1.1148,-0.5143,1.2277,-155.232,nan,nan,nan,1.950
1777025686947182032,72.304,0,-1.1051,-0.5858,1.2507,-152.070,nan,nan,nan,1.330
1777025687043500023,72.401,0,-1.0944,-0.6521,1.2739,-149.212,nan,nan,nan,2.720
1777025687145427774,72.503,0,-1.0868,-0.7086,1.2974,-146.897,nan,nan,nan,0.817
1777025687245685993,72.603,0,-1.0885,-0.7517,1.3228,-145.372,nan,nan,nan,0.640
1777025687343737257,72.701,0,-1.0949,-0.7850,1.3472,-144.361,nan,nan,nan,2.778
1777025687444974214,72.802,0,-1.1212,-0.7961,1.3751,-144.623,nan,nan,nan,1.311
1777025687547719981,72.905,0,-1.1509,-0.8020,1.4028,-145.129,nan,nan,nan,1.359
1777025687645241802,73.002,0,-1.1854,-0.8006,1.4304,-145.965,nan,nan,nan,1.176
1777025687745231393,73.102,0,-1.2179,-0.8007,1.4575,-146.679,nan,nan,nan,1.355
1777025687845097187,73.202,0,-1.2472,-0.8048,1.4843,-147.166,nan,nan,nan,2.375
1777025687945654887,73.303,0,-1.2698,-0.8052,1.5036,-147.619,nan,nan,nan,1.406
1777025688044198409,73.401,0,-1.2855,-0.8089,1.5189,-147.820,nan,nan,nan,3.922
1777025688144347888,73.502,0,-1.3088,-0.8097,1.5390,-148.257,nan,nan,nan,3.169
1777025688244265423,73.601,0,-1.3331,-0.8061,1.5579,-148.841,nan,nan,nan,3.398
1777025688343892108,73.701,0,-1.3628,-0.7940,1.5772,-149.775,nan,nan,nan,3.861
1777025688444426419,73.802,0,-1.3946,-0.7750,1.5955,-150.939,nan,nan,nan,3.099
1777025688543206106,73.900,0,-1.4301,-0.7450,1.6125,-152.482,nan,nan,nan,3.451
1777025688648530754,74.006,0,-1.4694,-0.7079,1.6310,-154.278,nan,nan,nan,0.541
1777025688747815476,74.105,0,-1.5083,-0.6577,1.6455,-156.440,nan,nan,nan,0.378
1777025688843099434,74.200,0,-1.5408,-0.6147,1.6589,-158.249,nan,nan,nan,3.117
1777025688943465727,74.301,0,-1.5718,-0.5549,1.6669,-160.557,nan,nan,nan,3.441
1777025689044296593,74.401,0,-1.6140,-0.4838,1.6850,-163.313,nan,nan,nan,4.513
1777025689143368057,74.501,0,-1.6419,-0.4230,1.6955,-165.552,nan,nan,nan,2.679
1777025689243207370,74.600,0,-1.6675,-0.3569,1.7052,-167.917,nan,nan,nan,3.346
1777025689344348365,74.702,0,-1.6938,-0.2882,1.7182,-170.344,nan,nan,nan,3.854
1777025689444756213,74.802,0,-1.7197,-0.2128,1.7328,-172.945,nan,nan,nan,3.615
1777025689544894600,74.902,0,-1.7346,-0.1413,1.7403,-175.342,nan,nan,nan,3.665
1777025689643902805,75.001,0,-1.7482,-0.0484,1.7489,-178.414,nan,nan,nan,3.474
1777025689742828936,75.100,0,-1.7596,0.1065,1.7628,176.536,nan,nan,nan,2.515
1777025689844367966,75.202,0,-1.7626,0.1877,1.7726,173.922,nan,nan,nan,3.514
1777025689944582482,75.302,0,-1.7635,0.2430,1.7802,172.154,nan,nan,nan,4.108
1777025690045929198,75.403,0,-1.7622,0.3259,1.7921,169.524,nan,nan,nan,2.920
1777025690143122649,75.500,0,-1.7526,0.4141,1.8009,166.706,nan,nan,nan,1.476
1777025690243180351,75.600,0,-1.7414,0.4850,1.8077,164.438,nan,nan,nan,1.015
1777025690342910942,75.700,0,-1.7276,0.5598,1.8161,162.047,nan,nan,nan,2.088
1777025690442619775,75.800,0,-1.7101,0.6369,1.8248,159.571,nan,nan,nan,1.236
1777025690542777809,75.900,0,-1.6849,0.7185,1.8317,156.904,nan,nan,nan,2.336
1777025690641755551,75.999,0,-1.6582,0.7963,1.8395,154.347,nan,nan,nan,0.218
1777025690741109533,76.098,0,-1.6295,0.8699,1.8472,151.906,nan,nan,nan,0.347
1777025690844099873,76.201,0,-1.5966,0.9448,1.8552,149.385,nan,nan,nan,0.634
1777025690944291778,76.301,0,-1.5600,1.0160,1.8616,146.924,nan,nan,nan,2.819
1777025691044059444,76.401,0,-1.5190,1.0852,1.8668,144.458,nan,nan,nan,2.377
1777025691142766298,76.500,0,-1.4753,1.1560,1.8742,141.918,nan,nan,nan,1.056
1777025691244057051,76.601,0,-1.4320,1.2213,1.8821,139.539,nan,nan,nan,2.215
1777025691347094243,76.704,0,-1.3871,1.2833,1.8897,137.226,nan,nan,nan,3.721
1777025691443174031,76.800,0,-1.3273,1.3541,1.8961,134.427,nan,nan,nan,0.247
1777025691543400103,76.901,0,-1.2393,1.4492,1.9068,130.537,nan,nan,nan,1.659
1777025691643314601,77.000,0,-1.1484,1.5342,1.9165,126.816,nan,nan,nan,1.088
1777025691740839089,77.098,0,-1.0009,1.6476,1.9278,121.279,nan,nan,nan,1.961
1777025691844745945,77.202,0,-0.9146,1.7034,1.9334,118.232,nan,nan,nan,2.294
1777025691942808208,77.300,0,-0.8538,1.7440,1.9418,116.085,nan,nan,nan,0.125
1777025692043077150,77.400,0,-0.7903,1.7813,1.9487,113.926,nan,nan,nan,0.478
1777025692144571199,77.502,0,-0.7314,1.8131,1.9550,111.969,nan,nan,nan,1.042
1777025692246033544,77.603,0,-0.6685,1.8434,1.9609,109.933,nan,nan,nan,3.139
1777025692345528655,77.703,0,-0.6062,1.8689,1.9647,107.971,nan,nan,nan,3.000
1777025692444276564,77.801,0,-0.5408,1.8924,1.9682,105.949,nan,nan,nan,0.905
1777025692543776545,77.901,0,-0.4849,1.9105,1.9711,104.240,nan,nan,nan,0.447
1777025692644465023,78.002,0,-0.4312,1.9257,1.9733,102.620,nan,nan,nan,0.248
1777025692741191050,78.098,0,-0.4343,1.9266,1.9750,102.704,nan,nan,nan,4.509
1777025692844202538,78.201,0,-0.4574,1.9236,1.9772,103.377,nan,nan,nan,0.691
1777025692941660063,78.299,0,-0.4890,1.9181,1.9794,104.303,nan,nan,nan,2.196
1777025693043054834,78.400,0,-0.5255,1.9115,1.9824,105.372,nan,nan,nan,0.651
1777025693143831015,78.501,0,-0.5605,1.9047,1.9854,106.398,nan,nan,nan,0.162
1777025693244177956,78.601,0,-0.5924,1.8991,1.9894,107.326,nan,nan,nan,0.166
1777025693344596675,78.702,0,-0.6264,1.8930,1.9939,108.309,nan,nan,nan,0.539
1777025693443196011,78.800,0,-0.6601,1.8864,1.9985,109.287,nan,nan,nan,0.997
1777025693542646011,78.900,0,-0.6959,1.8794,2.0041,110.317,nan,nan,nan,1.786
1777025693644567392,79.002,0,-0.7589,1.8612,2.0100,112.182,nan,nan,nan,0.253
1777025693741032012,79.098,0,-0.8532,1.8264,2.0159,115.040,nan,nan,nan,3.331
1777025693843183800,79.200,0,-0.9631,1.7794,2.0233,118.425,nan,nan,nan,1.343
1777025693941965802,79.299,0,-1.0872,1.7167,2.0320,122.346,nan,nan,nan,4.385
1777025694044719106,79.402,0,-1.2158,1.6412,2.0425,126.530,nan,nan,nan,0.045
1777025694143853051,79.501,0,-1.3369,1.5598,2.0543,130.600,nan,nan,nan,1.459
1777025694244369936,79.602,0,-1.4532,1.4713,2.0680,134.646,nan,nan,nan,0.447
1777025694344499804,79.702,0,-1.5635,1.3752,2.0823,138.666,nan,nan,nan,0.191
1777025694444159563,79.801,0,-1.6676,1.2736,2.0983,142.629,nan,nan,nan,1.110
1777025694545360965,79.903,0,-1.7610,1.1709,2.1148,146.380,nan,nan,nan,2.412
1777025694643231025,80.000,0,-1.8572,1.0494,2.1332,150.531,nan,nan,nan,2.771
1777025694742176545,80.099,0,-1.9458,0.9170,2.1510,154.767,nan,nan,nan,3.821
1777025694843999463,80.201,0,-2.0378,0.7457,2.1699,159.900,nan,nan,nan,2.125
1777025694943030353,80.300,0,-2.1096,0.5786,2.1875,164.662,nan,nan,nan,0.706
1777025695042943925,80.400,0,-2.1695,0.4112,2.2081,169.269,nan,nan,nan,3.349
1777025695141551187,80.499,0,-2.2208,0.1981,2.2296,174.902,nan,nan,nan,4.296
1777025695241997202,80.599,0,-2.2458,-0.0759,2.2471,-178.065,nan,nan,nan,4.288
1777025695344062416,80.701,0,-2.2304,-0.3881,2.2639,-170.128,nan,nan,nan,2.303
1777025695440077797,80.797,0,-2.1807,-0.6650,2.2799,-163.041,nan,nan,nan,2.280
1777025695538357838,80.896,0,-2.0721,-0.9925,2.2976,-154.406,nan,nan,nan,0.612
1777025695642299249,80.999,0,-1.9017,-1.3299,2.3206,-145.035,nan,nan,nan,4.044
1777025695743092523,81.100,0,-1.6838,-1.6250,2.3400,-136.018,nan,nan,nan,3.782
1777025695842224246,81.199,0,-1.4532,-1.8547,2.3562,-128.079,nan,nan,nan,3.719
1777025695943278111,81.300,0,-1.1432,-2.0793,2.3729,-118.802,nan,nan,nan,3.633
1777025696044696067,81.402,0,-0.8147,-2.2413,2.3848,-109.977,nan,nan,nan,1.778
1777025696144104234,81.501,0,-0.4621,-2.3487,2.3937,-101.130,nan,nan,nan,3.701
1777025696245242469,81.602,0,-0.1213,-2.3958,2.3988,-92.900,nan,nan,nan,2.990
1777025696344756913,81.702,0,0.1159,-2.3982,2.4010,-87.233,10939.33,1593.44,1721.31,2.623
1777025696445050466,81.802,0,0.2697,-2.3870,2.4022,-83.555,4866.35,684.98,739.95,1.850
1777025696542507972,81.900,0,0.3985,-2.3688,2.4021,-80.451,3374.60,463.54,500.74,3.836
1777025696644422686,82.002,0,0.4304,-2.3622,2.4011,-79.673,3140.26,429.11,463.54,4.162
1777025696743235207,82.100,0,0.4264,-2.3623,2.4005,-79.768,3166.92,433.16,467.92,4.163
1777025696844954032,82.202,0,0.4238,-2.3620,2.3997,-79.827,3183.96,435.81,470.78,2.713
1777025696945305974,82.302,0,0.4151,-2.3614,2.3976,-80.030,3243.30,444.97,480.68,2.747
1777025697044244327,82.401,0,0.3998,-2.3564,2.3901,-80.370,3348.46,461.98,499.05,3.603
1777025697146211263,82.503,0,0.3697,-2.3441,2.3730,-81.038,3577.94,499.66,539.75,1.709
1777025697247812201,82.605,0,0.3424,-2.3345,2.3594,-81.656,3822.84,539.47,582.76,2.116
1777025697344456673,82.702,0,0.3226,-2.3212,2.3435,-82.087,4016.01,572.52,618.47,2.995
1777025697446538349,82.804,0,0.2903,-2.3001,2.3184,-82.808,4390.35,636.35,687.42,1.987
1777025697545219240,82.902,0,0.2654,-2.2815,2.2969,-83.365,4735.62,696.03,751.88,3.140
1777025697646755845,83.004,0,0.2430,-2.2659,2.2789,-83.880,5109.79,760.26,821.27,1.566
1777025697746768176,83.104,0,0.2227,-2.2495,2.2605,-84.347,5507.73,829.48,896.04,3.107
1777025697844327700,83.201,0,0.2106,-2.2344,2.2443,-84.616,5768.37,877.09,947.48,4.008
1777025697943945200,83.301,0,0.2016,-2.2175,2.2266,-84.805,5968.14,916.21,989.73,3.401
1777025698043366607,83.401,0,0.2039,-2.1991,2.2085,-84.703,5858.39,905.91,978.60,2.983
1777025698145201821,83.502,0,0.2110,-2.2024,2.2124,-84.527,5679.15,875.27,945.51,3.622
1777025698251347300,83.609,0,0.2040,-2.2000,2.2095,-84.702,5857.86,905.43,978.09,1.359
1777025698348769454,83.706,0,0.1946,-2.1907,2.1994,-84.923,6099.79,949.03,1025.19,0.440
1777025698446540811,83.804,0,0.1697,-2.1829,2.1894,-85.555,6924.25,1088.43,1175.77,2.310
1777025698549786966,83.907,0,0.1687,-2.1684,2.1750,-85.552,6920.98,1095.14,1183.02,0.427
1777025698644409129,84.002,0,0.1572,-2.1548,2.1606,-85.828,7357.92,1175.04,1269.33,3.618
1777025698743835073,84.101,0,0.1664,-2.1364,2.1428,-85.546,6910.80,1109.85,1198.92,1.634
1777025698843858645,84.201,0,0.1714,-2.1219,2.1288,-85.382,6677.11,1077.77,1164.26,2.408
1777025698942644240,84.300,0,0.1671,-2.1194,2.1260,-85.493,6833.45,1105.58,1194.30,0.859
1777025699045142526,84.402,0,0.1611,-2.1240,2.1301,-85.662,7088.68,1146.48,1238.48,3.475
1777025699144548730,84.502,0,0.1469,-2.1238,2.1289,-86.043,7741.23,1257.17,1358.06,2.634
1777025699243238195,84.600,0,0.1365,-2.1211,2.1255,-86.318,8297.33,1353.18,1461.76,1.373
1777025699344472134,84.702,0,0.1222,-2.1174,2.1209,-86.698,9217.05,1511.88,1633.21,1.744
1777025699445622517,84.803,0,0.1134,-2.1133,2.1164,-86.928,9883.29,1628.29,1758.96,3.561
1777025699549378818,84.907,0,0.1035,-2.1099,2.1124,-87.191,10781.38,1784.22,1927.40,0.974
1777025699645270329,85.002,0,0.0847,-2.1133,2.1150,-87.705,13124.57,2180.47,2355.45,3.223
1777025699742480336,85.100,0,0.0641,-2.1162,2.1172,-88.265,17265.49,2881.92,3113.19,1.191
1777025699844493032,85.202,0,0.0531,-2.1158,2.1165,-88.563,20776.63,3479.86,3759.10,2.427
1777025699943741254,85.301,0,0.0424,-2.1169,2.1173,-88.854,nan,nan,nan,1.082
1777025700043570901,85.401,0,0.0404,-2.1183,2.1187,-88.906,nan,nan,nan,0.867
1777025700144794840,85.502,0,0.0388,-2.1217,2.1221,-88.952,nan,nan,nan,2.907
1777025700246112296,85.603,0,0.0435,-2.1289,2.1293,-88.830,nan,nan,nan,3.199
1777025700345777036,85.703,0,0.0508,-2.1399,2.1405,-88.641,21956.72,3639.31,3931.35,2.885
1777025700444742982,85.802,0,0.0508,-2.1524,2.1530,-88.648,22067.20,3636.54,3928.36,6.825
1777025700544655129,85.902,0,0.0453,-2.1738,2.1743,-88.807,nan,nan,nan,2.226
1777025700644748812,86.002,0,0.0353,-2.1952,2.1955,-89.079,nan,nan,nan,1.316
1777025700743711794,86.101,0,0.0273,-2.2183,2.2185,-89.296,nan,nan,nan,1.448
1777025700846422654,86.204,0,0.0117,-2.2431,2.2432,-89.702,nan,nan,nan,2.825
1777025700943739920,86.301,0,-0.0024,-2.2693,2.2693,-90.061,nan,nan,nan,0.236
1777025701044565249,86.402,0,-0.0263,-2.2944,2.2946,-90.657,nan,nan,nan,0.650
1777025701145573744,86.503,0,-0.0481,-2.3194,2.3199,-91.189,nan,nan,nan,1.690
1777025701244424579,86.602,0,-0.0778,-2.3415,2.3428,-91.902,nan,nan,nan,0.827
1777025701342363602,86.700,0,-0.1096,-2.3632,2.3657,-92.656,nan,nan,nan,2.685
1777025701444637704,86.802,0,-0.1331,-2.3785,2.3822,-93.203,nan,nan,nan,0.104
1777025701544519758,86.902,0,-0.1529,-2.3881,2.3930,-93.662,nan,nan,nan,0.153
1777025701645058902,87.002,0,-0.1670,-2.3888,2.3946,-94.000,nan,nan,nan,0.678
1777025701742434186,87.100,0,-0.1834,-2.3895,2.3965,-94.390,nan,nan,nan,1.678
1777025701844235827,87.201,0,-0.2012,-2.3898,2.3982,-94.812,nan,nan,nan,0.332
1777025701945091508,87.302,0,-0.2216,-2.3875,2.3977,-95.304,nan,nan,nan,0.298
1777025702044959950,87.402,0,-0.2337,-2.3908,2.4022,-95.583,nan,nan,nan,0.136
1777025702144715801,87.502,0,-0.2503,-2.3992,2.4122,-95.955,nan,nan,nan,0.587
1777025702244076431,87.601,0,-0.2526,-2.4195,2.4326,-95.959,nan,nan,nan,0.613
1777025702347158901,87.704,0,-0.2449,-2.4373,2.4496,-95.737,nan,nan,nan,2.186
1777025702444210778,87.801,0,-0.2191,-2.4589,2.4686,-95.093,nan,nan,nan,0.326
1777025702543921277,87.901,0,-0.1807,-2.4790,2.4856,-94.169,nan,nan,nan,0.683
1777025702644388163,88.002,0,-0.1328,-2.4974,2.5010,-93.043,nan,nan,nan,0.805
1777025702743347924,88.101,0,-0.0793,-2.5154,2.5166,-91.805,nan,nan,nan,1.999
1777025702847167965,88.204,0,-0.0182,-2.5290,2.5290,-90.412,nan,nan,nan,2.032
1777025702942996680,88.300,0,0.0392,-2.5444,2.5447,-89.117,nan,nan,nan,2.719
1777025703045252745,88.402,0,0.1314,-2.5563,2.5597,-87.057,10306.10,1405.69,1518.49,0.468
1777025703145473372,88.503,0,0.2534,-2.5592,2.5717,-84.346,5507.23,729.03,787.54,0.103
1777025703245116816,88.602,0,0.3620,-2.5578,2.5832,-81.945,3950.10,510.29,551.24,2.723
1777025703345288276,88.702,0,0.4606,-2.5509,2.5922,-79.764,3165.94,400.99,433.17,0.711
1777025703446197401,88.803,0,0.5640,-2.5362,2.5982,-77.463,2631.88,327.51,353.79,0.605
1777025703543771555,88.901,0,0.6606,-2.5208,2.6060,-75.315,2282.37,279.60,302.03,2.106
1777025703644606124,89.002,0,0.7604,-2.4986,2.6118,-73.073,2010.46,242.90,262.40,1.171
1777025703742561759,89.100,0,0.8583,-2.4735,2.6182,-70.863,1803.18,215.20,232.47,3.804
1777025703846302374,89.203,0,0.9578,-2.4426,2.6236,-68.589,1633.02,192.85,208.33,2.103
1777025703942762606,89.300,0,1.0532,-2.4079,2.6282,-66.377,1497.64,175.38,189.46,3.425
1777025704044980745,89.402,0,1.1451,-2.3700,2.6321,-64.213,1386.52,161.31,174.25,1.084
1777025704143319378,89.500,0,1.2386,-2.3260,2.6352,-61.964,1288.03,149.12,161.09,3.131
1777025704244356669,89.602,0,1.3230,-2.2817,2.6375,-59.893,1209.41,139.61,150.82,2.310
1777025704345763755,89.703,0,1.4095,-2.2317,2.6395,-57.724,1136.90,131.04,141.56,1.610
1777025704443198465,89.800,0,1.4901,-2.1797,2.6404,-55.643,1075.08,123.96,133.90,3.518
1777025704544921643,89.902,0,1.5722,-2.1211,2.6402,-53.454,1016.77,117.49,126.91,2.309
1777025704642720426,90.000,0,1.6441,-2.0656,2.6400,-51.481,969.14,112.34,121.36,4.055
1777025704742759016,90.100,0,1.7169,-2.0032,2.6382,-49.401,923.19,107.59,116.22,3.738
1777025704843063588,90.200,0,1.7928,-1.9283,2.6330,-47.085,876.39,103.03,111.29,3.677
1777025704941471702,90.299,0,1.8540,-1.8630,2.6283,-45.139,840.12,99.63,107.62,2.101
1777025705042915455,90.400,0,1.9067,-1.7997,2.6219,-43.346,808.84,96.87,104.65,3.885
1777025705141697105,90.499,0,1.9249,-1.7642,2.6111,-42.505,794.78,95.96,103.66,2.172
1777025705241702880,90.599,0,1.9327,-1.7407,2.6010,-42.007,786.64,95.57,103.24,0.806
1777025705341317232,90.698,0,1.9315,-1.7272,2.5912,-41.805,783.37,95.63,103.30,0.913
1777025705442357634,90.800,0,1.9292,-1.7129,2.5799,-41.601,780.10,95.74,103.42,2.858
1777025705542561724,90.900,0,1.9284,-1.6948,2.5673,-41.312,775.48,95.78,103.47,2.535
1777025705644771159,91.002,0,1.9288,-1.6750,2.5546,-40.972,770.12,95.76,103.45,3.098
1777025705741767130,91.099,0,1.9268,-1.6594,2.5429,-40.735,766.42,95.86,103.55,1.443
1777025705842723477,91.200,0,1.9283,-1.6385,2.5304,-40.355,760.52,95.79,103.48,2.393
1777025705942555272,91.300,0,1.9247,-1.6201,2.5158,-40.088,756.41,95.97,103.67,1.990
1777025706042186437,91.399,0,1.9246,-1.5990,2.5021,-39.721,750.83,95.97,103.68,2.132
1777025706141211124,91.498,0,1.9217,-1.5791,2.4873,-39.411,746.16,96.12,103.83,0.681
1777025706242088767,91.599,0,1.9196,-1.5578,2.4721,-39.059,740.91,96.22,103.94,1.555
1777025706340932491,91.698,0,1.9168,-1.5393,2.4584,-38.766,736.57,96.36,104.09,18.082
1777025706442976909,91.800,0,1.9112,-1.5156,2.4392,-38.414,731.42,96.64,104.40,2.245
1777025706542788333,91.900,0,1.9073,-1.4940,2.4228,-38.071,726.43,96.84,104.61,2.476
1777025706641276058,91.998,0,1.8999,-1.4745,2.4049,-37.815,722.74,97.22,105.02,0.207
1777025706739813320,92.097,0,1.8914,-1.4576,2.3878,-37.619,719.94,97.66,105.49,1.126
1777025706843311289,92.200,0,1.8849,-1.4339,2.3683,-37.261,714.86,97.99,105.86,1.984
1777025706942818270,92.300,0,1.8799,-1.4105,2.3502,-36.881,709.51,98.26,106.14,0.389
1777025707040156554,92.397,0,1.8924,-1.3685,2.3354,-35.873,695.58,97.60,105.44,0.765
1777025707142290286,92.499,0,1.9032,-1.3151,2.3133,-34.644,679.08,97.05,104.84,0.635
1777025707240797734,92.598,0,1.9114,-1.2656,2.2925,-33.509,664.27,96.63,104.39,0.990
1777025707341634951,92.699,0,1.9249,-1.2101,2.2737,-32.155,647.09,95.96,103.66,1.588
1777025707442455002,92.800,1,1.9351,-1.1545,2.2533,-30.821,630.66,95.45,103.11,1.340
1777025707542324001,92.899,1,1.9417,-1.1005,2.2319,-29.543,615.35,95.13,102.76,0.196
1777025707641590668,92.999,1,1.9386,-1.0552,2.2071,-28.561,603.84,95.28,102.93,0.549
1777025707739914356,93.097,1,1.9253,-1.0118,2.1750,-27.723,594.18,95.94,103.63,1.434
1777025707842435476,93.200,1,1.9051,-0.9750,2.1401,-27.103,587.14,96.95,104.73,0.834
1777025707941439848,93.299,1,1.8932,-0.9326,2.1104,-26.225,577.29,97.57,105.40,3.595
1777025708042735490,93.400,1,1.8777,-0.8970,2.0809,-25.533,569.64,98.37,106.26,0.274
1777025708139837849,93.497,1,1.8562,-0.8769,2.0529,-25.287,566.94,99.51,107.50,2.528
1777025708241400305,93.599,1,1.8347,-0.8738,2.0322,-25.466,568.90,100.67,108.75,1.438
1777025708345808345,93.703,1,1.8111,-0.8669,2.0079,-25.580,570.15,101.99,110.17,3.135
1777025708442772037,93.800,1,1.7784,-0.8694,1.9795,-26.052,575.37,103.86,112.20,0.404
1777025708542660184,93.900,1,1.7458,-0.8825,1.9562,-26.817,583.91,105.80,114.29,0.186
1777025708641598519,93.999,1,1.7246,-0.9015,1.9460,-27.598,592.76,107.10,115.70,1.417
1777025708739687949,94.097,1,1.7021,-0.9253,1.9373,-28.529,603.46,108.52,117.23,2.300
1777025708844127266,94.201,1,1.6771,-0.9510,1.9279,-29.557,615.51,110.14,118.98,1.007
1777025708942454603,94.300,1,1.6562,-0.9722,1.9205,-30.413,625.73,111.52,120.47,1.510
1777025709042223842,94.399,1,1.6306,-0.9927,1.9091,-31.333,636.92,113.27,122.36,1.431
1777025709141820582,94.499,0,1.6103,-1.0191,1.9057,-32.329,649.26,114.70,123.91,1.103
1777025709242977540,94.600,0,1.5888,-1.0385,1.8981,-33.169,659.91,116.25,125.58,0.993
1777025709341936541,94.699,0,1.5665,-1.0606,1.8917,-34.100,671.93,117.91,127.38,1.275
1777025709442120742,94.799,0,1.5552,-1.0748,1.8905,-34.647,679.12,118.77,128.30,1.328
1777025709544180567,94.901,0,1.5337,-1.0951,1.8845,-35.527,690.88,120.43,130.10,1.049
1777025709641217630,94.998,0,1.5044,-1.1249,1.8784,-36.786,708.19,122.78,132.63,2.204
1777025709740439612,95.098,0,1.4832,-1.1458,1.8742,-37.687,720.91,124.54,134.53,3.890
1777025709843843507,95.201,0,1.4599,-1.1655,1.8681,-38.602,734.17,126.52,136.67,1.409
1777025709943021563,95.300,0,1.4381,-1.1906,1.8670,-39.620,749.31,128.44,138.75,0.448
1777025710042930987,95.400,0,1.4184,-1.2103,1.8646,-40.473,762.34,130.22,140.67,2.717
1777025710141348787,95.499,0,1.3972,-1.2333,1.8637,-41.434,777.43,132.20,142.80,2.814
1777025710242179430,95.599,0,1.3755,-1.2553,1.8622,-42.386,792.82,134.29,145.06,2.388
1777025710342396780,95.700,0,1.3543,-1.2772,1.8616,-43.320,808.39,136.38,147.33,1.888
1777025710441551799,95.799,0,1.3323,-1.3002,1.8617,-44.301,825.26,138.63,149.76,3.094
1777025710541219891,95.898,0,1.3103,-1.3220,1.8614,-45.254,842.19,140.96,152.27,3.363
1777025710641455184,95.999,0,1.2887,-1.3445,1.8624,-46.213,859.83,143.33,154.83,3.706
1777025710743005585,96.100,0,1.2671,-1.3660,1.8631,-47.151,877.68,145.78,157.48,2.050
1777025710844568819,96.202,0,1.2450,-1.3888,1.8652,-48.124,896.86,148.36,160.26,0.077
1777025710941201253,96.298,0,1.2243,-1.4099,1.8672,-49.030,915.40,150.87,162.98,3.420
1777025711041263103,96.398,0,1.2024,-1.4322,1.8701,-49.985,935.68,153.61,165.94,3.592
1777025711145634735,96.503,0,1.1825,-1.4576,1.8770,-50.949,956.99,156.20,168.73,0.442
1777025711243734351,96.601,0,1.1633,-1.4753,1.8788,-51.743,975.22,158.77,171.51,2.327
1777025711344416439,96.702,0,1.1389,-1.4944,1.8790,-52.688,997.78,162.18,175.19,0.759
1777025711443672032,96.801,0,1.1014,-1.5166,1.8743,-54.011,1031.02,167.70,181.16,1.996
1777025711542707274,96.900,0,1.0437,-1.5452,1.8647,-55.962,1084.15,176.97,191.17,2.804
1777025711645049135,97.002,0,0.9733,-1.5739,1.8505,-58.266,1154.19,189.77,205.00,0.721
1777025711743675915,97.101,0,0.9077,-1.5971,1.8370,-60.388,1227.30,203.49,219.82,2.538
1777025711842887842,97.200,0,0.8226,-1.6306,1.8263,-63.229,1341.53,224.53,242.55,3.081
1777025711943860300,97.301,0,0.7387,-1.6588,1.8159,-65.995,1476.65,250.04,270.10,2.110
1777025712044964072,97.402,0,0.6522,-1.6825,1.8045,-68.813,1648.21,283.22,305.94,1.394
1777025712141981339,97.499,0,0.5537,-1.7058,1.7934,-72.017,1905.28,333.60,360.37,4.101
1777025712242979482,97.600,0,0.4463,-1.7270,1.7837,-75.512,2310.17,413.91,447.12,2.506
1777025712343745737,97.701,0,0.3347,-1.7427,1.7745,-79.127,2995.65,551.79,596.07,3.309
1777025712445203360,97.802,0,0.2215,-1.7508,1.7648,-82.788,4379.31,833.73,900.63,0.766
1777025712542103886,97.899,0,0.1231,-1.7525,1.7568,-85.981,7627.77,1500.21,1620.60,3.797
1777025712641154795,97.998,0,0.0075,-1.7479,1.7479,-89.754,nan,nan,nan,3.203
1777025712740067722,98.097,0,-0.1029,-1.7407,1.7437,-93.382,nan,nan,nan,1.559
1777025712841660326,98.199,0,-0.2076,-1.7261,1.7386,-96.859,nan,nan,nan,3.690
1777025712940962678,98.298,0,-0.2940,-1.7033,1.7285,-99.794,nan,nan,nan,2.434
1777025713044962886,98.402,0,-0.3921,-1.6783,1.7235,-103.149,nan,nan,nan,1.998
1777025713142319800,98.499,0,-0.4815,-1.6513,1.7201,-106.257,nan,nan,nan,3.607
1777025713242214928,98.599,0,-0.5736,-1.6175,1.7162,-109.526,nan,nan,nan,3.120
1777025713341623113,98.699,0,-0.6560,-1.5829,1.7135,-112.509,nan,nan,nan,1.522
1777025713441622685,98.799,0,-0.7308,-1.5487,1.7125,-115.260,nan,nan,nan,2.553
1777025713543139438,98.900,0,-0.8095,-1.5129,1.7159,-118.148,nan,nan,nan,3.498
1777025713643801471,99.001,0,-0.8783,-1.4738,1.7157,-120.792,nan,nan,nan,3.933
1777025713742240122,99.099,0,-0.9377,-1.4337,1.7131,-123.188,nan,nan,nan,2.946
1777025713844433761,99.202,0,-0.9983,-1.3943,1.7148,-125.602,nan,nan,nan,3.844
1777025713946090106,99.303,0,-1.0527,-1.3547,1.7156,-127.851,nan,nan,nan,2.925
1777025714044747164,99.402,0,-1.0964,-1.3225,1.7179,-129.662,nan,nan,nan,4.248
1777025714141393080,99.499,0,-1.1352,-1.2928,1.7205,-131.284,nan,nan,nan,4.021
1777025714242975591,99.600,0,-1.1601,-1.2739,1.7230,-132.325,nan,nan,nan,3.155
1777025714341424187,99.699,0,-1.1852,-1.2546,1.7259,-133.371,nan,nan,nan,0.604
1777025714444696156,99.802,0,-1.2132,-1.2323,1.7293,-134.552,nan,nan,nan,3.742
1777025714544776024,99.902,0,-1.2384,-1.2111,1.7322,-135.639,nan,nan,nan,3.234
1777025714642068512,99.999,0,-1.2636,-1.1882,1.7346,-136.761,nan,nan,nan,0.934
1777025714741563123,100.099,0,-1.2867,-1.1679,1.7377,-137.773,nan,nan,nan,0.366
1777025714843235134,100.200,0,-1.3107,-1.1462,1.7412,-138.830,nan,nan,nan,2.827
1777025714943932890,100.301,0,-1.3259,-1.1324,1.7437,-139.501,nan,nan,nan,2.765
1777025715045465531,100.403,0,-1.3327,-1.1298,1.7471,-139.711,nan,nan,nan,3.776
1777025715142811297,100.500,0,-1.3321,-1.1329,1.7487,-139.620,nan,nan,nan,1.760
1777025715243860903,100.601,0,-1.3198,-1.1487,1.7496,-138.964,nan,nan,nan,2.634
1777025715344998878,100.702,0,-1.3063,-1.1648,1.7502,-138.278,nan,nan,nan,2.687
1777025715443261512,100.800,0,-1.2956,-1.1780,1.7511,-137.722,nan,nan,nan,1.697
1777025715542129087,100.899,0,-1.2865,-1.1889,1.7518,-137.258,nan,nan,nan,0.406
1777025715642745009,101.000,0,-1.2736,-1.2032,1.7521,-136.628,nan,nan,nan,1.275
1777025715740927032,101.098,0,-1.2620,-1.2171,1.7533,-136.038,nan,nan,nan,0.231
1777025715841514658,101.199,0,-1.2483,-1.2330,1.7546,-135.355,nan,nan,nan,1.647
1777025715941272990,101.298,0,-1.2207,-1.2559,1.7514,-134.183,nan,nan,nan,0.894
1777025716043761350,101.401,0,-1.1843,-1.2863,1.7485,-132.637,nan,nan,nan,2.182
1777025716141534467,101.499,0,-1.1462,-1.3177,1.7465,-131.019,nan,nan,nan,0.199
1777025716243466736,101.601,0,-1.1105,-1.3433,1.7429,-129.581,nan,nan,nan,0.786
1777025716342390923,101.700,0,-1.0724,-1.3740,1.7429,-127.971,nan,nan,nan,0.268
1777025716443390047,101.801,0,-1.0370,-1.3960,1.7390,-126.608,nan,nan,nan,0.597
1777025716543187380,101.900,0,-1.0036,-1.4168,1.7362,-125.314,nan,nan,nan,1.054
1777025716644253393,102.001,0,-0.9694,-1.4416,1.7372,-123.919,nan,nan,nan,1.903
1777025716746251033,102.103,0,-0.9332,-1.4576,1.7307,-122.628,nan,nan,nan,3.599
1777025716843667613,102.201,0,-0.8994,-1.4785,1.7306,-121.312,nan,nan,nan,1.187
1777025716942608337,102.300,0,-0.8621,-1.4955,1.7262,-119.963,nan,nan,nan,0.572
1777025717043196870,102.400,0,-0.8277,-1.5120,1.7238,-118.696,nan,nan,nan,0.260
1777025717144150976,102.501,0,-0.7933,-1.5269,1.7207,-117.454,nan,nan,nan,0.569
1777025717244240455,102.601,0,-0.7604,-1.5396,1.7171,-116.285,nan,nan,nan,1.314
1777025717343736899,102.701,0,-0.7258,-1.5544,1.7155,-115.028,nan,nan,nan,0.766
1777025717444998005,102.802,0,-0.6917,-1.5677,1.7136,-113.809,nan,nan,nan,1.309
1777025717544280023,102.901,0,-0.6612,-1.5832,1.7157,-112.666,nan,nan,nan,1.291
1777025717642496472,103.000,0,-0.6243,-1.5923,1.7103,-111.409,nan,nan,nan,2.502
1777025717740078829,103.097,0,-0.5969,-1.6054,1.7128,-110.396,nan,nan,nan,3.617
1777025717844103648,103.201,0,-0.5600,-1.6181,1.7123,-109.090,nan,nan,nan,2.553
1777025717942707873,103.300,0,-0.5253,-1.6302,1.7127,-107.861,nan,nan,nan,3.200
1777025718042773722,103.400,0,-0.4900,-1.6425,1.7141,-106.611,nan,nan,nan,2.375
1777025718143336570,103.500,0,-0.4567,-1.6542,1.7160,-105.434,nan,nan,nan,0.744
1777025718244065492,103.601,0,-0.4180,-1.6668,1.7184,-104.078,nan,nan,nan,0.150
1777025718345028469,103.702,0,-0.3722,-1.6780,1.7188,-102.507,nan,nan,nan,0.647
1777025718445194429,103.802,0,-0.3261,-1.6860,1.7172,-100.947,nan,nan,nan,1.232
1777025718546817478,103.904,0,-0.2784,-1.6911,1.7139,-99.347,nan,nan,nan,2.932
1777025718643708115,104.001,0,-0.2294,-1.6934,1.7089,-97.715,nan,nan,nan,1.132
1777025718741630860,104.099,0,-0.1846,-1.6927,1.7028,-96.224,nan,nan,nan,2.843
1777025718844188536,104.201,0,-0.1435,-1.6881,1.6942,-94.857,nan,nan,nan,0.079
1777025718944327496,104.301,0,-0.1042,-1.6821,1.6853,-93.544,nan,nan,nan,0.373
1777025719045653527,104.403,0,-0.0677,-1.6757,1.6771,-92.315,nan,nan,nan,0.576
1777025719146830003,104.504,0,-0.0327,-1.6674,1.6677,-91.123,nan,nan,nan,1.836
1777025719246436613,104.604,0,0.0002,-1.6580,1.6580,-89.995,nan,nan,nan,1.026
1777025719344994172,104.702,0,0.0271,-1.6503,1.6505,-89.061,nan,nan,nan,0.430
1777025719444826170,104.802,0,0.0229,-1.6420,1.6422,-89.200,nan,nan,nan,0.746
1777025719544438669,104.902,0,0.0197,-1.6345,1.6346,-89.308,nan,nan,nan,0.703
1777025719644236001,105.001,0,0.0148,-1.6278,1.6279,-89.479,nan,nan,nan,1.796
1777025719744502943,105.102,0,0.0150,-1.6225,1.6226,-89.471,nan,nan,nan,1.605
1777025719844685255,105.202,0,0.0083,-1.6165,1.6165,-89.705,nan,nan,nan,1.447
1777025719945186604,105.302,0,0.0009,-1.6121,1.6121,-89.969,nan,nan,nan,0.338
1777025720045795063,105.403,0,-0.0154,-1.6078,1.6079,-90.548,nan,nan,nan,0.507
1777025720144750953,105.502,0,-0.0374,-1.6056,1.6061,-91.335,nan,nan,nan,1.555
1777025720245033932,105.602,0,-0.0870,-1.6029,1.6052,-93.107,nan,nan,nan,1.384
1777025720343532101,105.701,0,-0.1378,-1.6004,1.6063,-94.921,nan,nan,nan,4.585
1777025720444317301,105.801,0,-0.1844,-1.5964,1.6070,-96.590,nan,nan,nan,2.960
1777025720544575298,105.902,0,-0.2324,-1.5921,1.6090,-98.304,nan,nan,nan,3.114
1777025720646856937,106.004,0,-0.2760,-1.5873,1.6111,-99.863,nan,nan,nan,0.189
1777025720745510847,106.103,0,-0.3183,-1.5825,1.6142,-101.371,nan,nan,nan,0.793
1777025720846579119,106.204,0,-0.3625,-1.5759,1.6171,-102.955,nan,nan,nan,0.913
1777025720943457442,106.301,0,-0.4035,-1.5694,1.6205,-104.418,nan,nan,nan,4.273
1777025721044456789,106.402,0,-0.4512,-1.5609,1.6248,-106.121,nan,nan,nan,3.976
1777025721146868464,106.504,0,-0.4978,-1.5516,1.6295,-107.789,nan,nan,nan,1.857
1777025721244090286,106.601,0,-0.5395,-1.5428,1.6344,-109.275,nan,nan,nan,2.996
1777025721343112472,106.700,0,-0.5870,-1.5315,1.6401,-110.970,nan,nan,nan,2.307
1777025721445016853,106.802,0,-0.6312,-1.5209,1.6467,-112.540,nan,nan,nan,3.236
1777025721544572871,106.902,0,-0.6764,-1.5072,1.6520,-114.169,nan,nan,nan,3.350
1777025721645236997,107.002,0,-0.7183,-1.4964,1.6598,-115.642,nan,nan,nan,2.001
1777025721750320442,107.107,0,-0.7626,-1.4819,1.6666,-117.229,nan,nan,nan,3.121
1777025721842396594,107.200,0,-0.7996,-1.4700,1.6734,-118.545,nan,nan,nan,2.813
1777025721945014306,107.302,0,-0.8457,-1.4545,1.6825,-120.175,nan,nan,nan,2.340
1777025722042602497,107.400,0,-0.8742,-1.4465,1.6901,-121.146,nan,nan,nan,3.082
1777025722144145120,107.501,0,-0.9016,-1.4400,1.6989,-122.053,nan,nan,nan,3.730
1777025722250892263,107.608,0,-0.9212,-1.4372,1.7071,-122.660,nan,nan,nan,1.055
1777025722343829377,107.701,0,-0.9348,-1.4364,1.7138,-123.056,nan,nan,nan,3.174
1777025722444453280,107.802,0,-0.9532,-1.4351,1.7228,-123.594,nan,nan,nan,3.641
1777025722545438682,107.903,0,-0.9718,-1.4326,1.7311,-124.150,nan,nan,nan,3.196
1777025722644000315,108.001,0,-0.9774,-1.4367,1.7376,-124.229,nan,nan,nan,3.753
1777025722742833909,108.100,0,-0.9829,-1.4419,1.7450,-124.280,nan,nan,nan,2.365
1777025722843599831,108.201,0,-0.9764,-1.4533,1.7508,-123.895,nan,nan,nan,3.500
1777025722944631288,108.302,0,-0.9757,-1.4606,1.7566,-123.743,nan,nan,nan,3.919
1777025723045326525,108.402,0,-0.9767,-1.4673,1.7626,-123.649,nan,nan,nan,3.812
1777025723144847932,108.502,0,-0.9737,-1.4739,1.7664,-123.451,nan,nan,nan,2.927
1777025723243936822,108.601,0,-0.9686,-1.4838,1.7719,-123.136,nan,nan,nan,3.240
1777025723345841536,108.703,0,-0.9729,-1.4865,1.7766,-123.203,nan,nan,nan,4.128
1777025723446617958,108.804,0,-0.9612,-1.5025,1.7837,-122.609,nan,nan,nan,2.807
1777025723544186704,108.901,0,-0.9256,-1.5339,1.7915,-121.109,nan,nan,nan,2.420
1777025723644934663,109.002,0,-0.8818,-1.5694,1.8002,-119.331,nan,nan,nan,3.797
1777025723741751134,109.099,0,-0.8325,-1.6038,1.8071,-117.433,nan,nan,nan,0.828
1777025723847669891,109.205,0,-0.7829,-1.6369,1.8145,-115.562,nan,nan,nan,2.224
1777025723944702158,109.302,0,-0.7345,-1.6675,1.8221,-113.772,nan,nan,nan,3.624
1777025724046050725,109.403,0,-0.6834,-1.6948,1.8274,-111.961,nan,nan,nan,4.203
1777025724150374488,109.508,0,-0.6398,-1.7166,1.8320,-110.440,nan,nan,nan,0.517
1777025724245125632,109.602,0,-0.5957,-1.7359,1.8353,-108.941,nan,nan,nan,2.848
1777025724345902424,109.703,0,-0.5435,-1.7589,1.8410,-107.169,nan,nan,nan,3.677
1777025724446289624,109.803,0,-0.4902,-1.7829,1.8491,-105.374,nan,nan,nan,1.564
1777025724545687828,109.903,0,-0.4425,-1.7928,1.8466,-103.865,nan,nan,nan,3.433
1777025724645342883,110.003,0,-0.4269,-1.7995,1.8494,-103.347,nan,nan,nan,2.698
1777025724742334650,110.099,0,-0.4389,-1.7933,1.8462,-103.752,nan,nan,nan,0.131
1777025724845111602,110.202,0,-0.4512,-1.7912,1.8472,-104.140,nan,nan,nan,2.235
1777025724945460858,110.303,0,-0.4668,-1.7860,1.8460,-104.649,nan,nan,nan,2.650
1777025725043980194,110.401,0,-0.4877,-1.7801,1.8457,-105.320,nan,nan,nan,1.886
1777025725145232207,110.502,0,-0.5065,-1.7742,1.8450,-105.933,nan,nan,nan,1.073
1777025725244686355,110.602,0,-0.5195,-1.7673,1.8421,-106.381,nan,nan,nan,2.149
1777025725344530205,110.702,0,-0.5366,-1.7621,1.8420,-106.938,nan,nan,nan,1.986
1777025725443470077,110.801,0,-0.5592,-1.7541,1.8411,-107.682,nan,nan,nan,0.622
1777025725543437001,110.901,0,-0.5825,-1.7413,1.8361,-108.496,nan,nan,nan,0.098
1777025725645928621,111.003,0,-0.6080,-1.7329,1.8365,-109.332,nan,nan,nan,2.485
1777025725742218649,111.099,0,-0.6332,-1.7204,1.8332,-110.207,nan,nan,nan,1.141
1777025725845959802,111.203,0,-0.6589,-1.7080,1.8307,-111.095,nan,nan,nan,2.282
1777025725943675844,111.301,0,-0.6839,-1.6974,1.8300,-111.945,nan,nan,nan,0.339
1777025726044787672,111.402,0,-0.7234,-1.6811,1.8301,-113.281,nan,nan,nan,0.824
1777025726148115938,111.505,0,-0.7628,-1.6615,1.8282,-114.661,nan,nan,nan,4.316
1777025726243634654,111.601,0,-0.8016,-1.6432,1.8283,-116.003,nan,nan,nan,0.777
1777025726347772176,111.705,0,-0.8387,-1.6234,1.8273,-117.323,nan,nan,nan,2.523
1777025726444077241,111.801,0,-0.8751,-1.6049,1.8280,-118.603,nan,nan,nan,0.159
1777025726543150612,111.900,0,-0.9136,-1.5844,1.8289,-119.968,nan,nan,nan,0.790
1777025726646046694,112.003,0,-0.9502,-1.5634,1.8295,-121.290,nan,nan,nan,1.840
1777025726741233374,112.098,0,-0.9845,-1.5426,1.8300,-122.545,nan,nan,nan,3.418
1777025726845181137,112.202,0,-1.0176,-1.5226,1.8313,-123.756,nan,nan,nan,0.551
1777025726943614344,112.301,0,-1.0511,-1.4999,1.8315,-125.023,nan,nan,nan,0.380
1777025727043748008,112.401,0,-1.0834,-1.4796,1.8338,-126.213,nan,nan,nan,0.951
1777025727145088039,112.502,0,-1.1195,-1.4520,1.8335,-127.633,nan,nan,nan,0.451
1777025727244661761,112.602,0,-1.1623,-1.4219,1.8365,-129.264,nan,nan,nan,0.477
1777025727343386059,112.701,0,-1.2172,-1.3790,1.8394,-131.435,nan,nan,nan,1.715
1777025727445245829,112.802,0,-1.2711,-1.3333,1.8421,-133.632,nan,nan,nan,0.031
1777025727543152260,112.900,0,-1.3237,-1.2840,1.8441,-135.870,nan,nan,nan,1.689
1777025727642873536,113.000,0,-1.3818,-1.2244,1.8463,-138.456,nan,nan,nan,2.061
1777025727743458144,113.101,0,-1.4428,-1.1588,1.8505,-141.230,nan,nan,nan,2.107
1777025727845866504,113.203,0,-1.4948,-1.0983,1.8550,-143.693,nan,nan,nan,0.614
1777025727943557306,113.301,0,-1.5458,-1.0330,1.8592,-146.246,nan,nan,nan,1.770
1777025728041886587,113.399,0,-1.5937,-0.9705,1.8659,-148.660,nan,nan,nan,3.853
1777025728244457483,113.602,0,-1.6825,-0.8375,1.8794,-153.538,nan,nan,nan,1.226
1777025728342981448,113.700,0,-1.7235,-0.7653,1.8858,-156.059,nan,nan,nan,2.580
1777025728444397386,113.802,0,-1.7613,-0.6952,1.8935,-158.460,nan,nan,nan,1.947
1777025728542641797,113.900,0,-1.7923,-0.6289,1.8994,-160.663,nan,nan,nan,1.899
1777025728642552092,114.000,0,-1.8293,-0.5471,1.9094,-163.351,nan,nan,nan,4.488
1777025728742835071,114.100,0,-1.8582,-0.4702,1.9168,-165.801,nan,nan,nan,3.346
1777025728849701769,114.207,0,-1.8854,-0.3938,1.9261,-168.202,nan,nan,nan,3.002
1777025728943985119,114.301,0,-1.9112,-0.3230,1.9383,-170.406,nan,nan,nan,2.525
1777025729046750293,114.404,0,-1.9350,-0.2458,1.9506,-172.760,nan,nan,nan,0.519
1777025729144495836,114.502,0,-1.9502,-0.1814,1.9586,-174.687,nan,nan,nan,2.191
1777025729245074980,114.602,0,-1.9527,-0.1448,1.9581,-175.760,nan,nan,nan,1.643
1777025729343427465,114.701,0,-1.9496,-0.1189,1.9533,-176.510,nan,nan,nan,3.870
1777025729443761221,114.801,0,-1.9450,-0.0857,1.9469,-177.477,nan,nan,nan,4.938
1777025729544616642,114.902,0,-1.9419,-0.0550,1.9426,-178.379,nan,nan,nan,3.191
1777025729643077386,115.000,0,-1.9363,-0.0287,1.9365,-179.151,nan,nan,nan,3.689
1777025729743525938,115.101,0,-1.9336,0.0019,1.9336,179.944,nan,nan,nan,2.103
1777025729843254678,115.200,0,-1.9293,0.0322,1.9295,179.044,nan,nan,nan,3.978
1777025729948428456,115.306,0,-1.9251,0.0649,1.9262,178.068,nan,nan,nan,0.392
1777025730044540948,115.402,0,-1.9218,0.0961,1.9242,177.137,nan,nan,nan,3.125
1777025730142116416,115.499,0,-1.9192,0.1225,1.9231,176.348,nan,nan,nan,2.312
1777025730243757706,115.601,0,-1.9159,0.1539,1.9221,175.408,nan,nan,nan,4.081
1777025730343844055,115.701,0,-1.9133,0.1862,1.9224,174.440,nan,nan,nan,0.660
1777025730445417437,115.803,0,-1.9102,0.2205,1.9229,173.415,nan,nan,nan,3.084
1777025730543204627,115.900,0,-1.9058,0.2495,1.9221,172.541,nan,nan,nan,3.664
1777025730642470609,116.000,0,-1.9019,0.2802,1.9224,171.618,nan,nan,nan,2.277
1777025730742628625,116.100,0,-1.8977,0.3112,1.9231,170.687,nan,nan,nan,2.900
1777025730845107523,116.202,0,-1.8932,0.3451,1.9244,169.670,nan,nan,nan,3.666
1777025730944412764,116.302,0,-1.8897,0.3722,1.9260,168.856,nan,nan,nan,3.549
1777025731045075390,116.402,0,-1.8858,0.4034,1.9285,167.925,nan,nan,nan,2.616
1777025731144358557,116.502,0,-1.8819,0.4359,1.9318,166.960,nan,nan,nan,3.760
1777025731243870778,116.601,0,-1.8781,0.4658,1.9350,166.071,nan,nan,nan,3.565
1777025731343732758,116.701,0,-1.8736,0.4969,1.9383,165.146,nan,nan,nan,2.754
1777025731443120295,116.800,0,-1.8697,0.5270,1.9425,164.257,nan,nan,nan,1.420
1777025731544980806,116.902,0,-1.8653,0.5588,1.9473,163.323,nan,nan,nan,3.249
1777025731643540438,117.001,0,-1.8617,0.5895,1.9528,162.430,nan,nan,nan,2.649
1777025731741405591,117.099,0,-1.8577,0.6199,1.9584,161.546,nan,nan,nan,0.792
1777025731842340957,117.200,0,-1.8541,0.6522,1.9655,160.620,nan,nan,nan,0.977
1777025731941967789,117.299,0,-1.8504,0.6820,1.9721,159.768,nan,nan,nan,0.143
1777025732042702656,117.400,0,-1.8460,0.7124,1.9787,158.899,nan,nan,nan,0.897
1777025732142556247,117.500,0,-1.8422,0.7441,1.9868,158.006,nan,nan,nan,0.467
1777025732243275446,117.600,0,-1.8382,0.7756,1.9951,157.124,nan,nan,nan,1.753
1777025732344219330,117.701,0,-1.8340,0.8056,2.0031,156.285,nan,nan,nan,2.281
1777025732444945881,117.802,0,-1.8297,0.8358,2.0115,155.450,nan,nan,nan,1.197
1777025732545826877,117.903,0,-1.8253,0.8674,2.0209,154.582,nan,nan,nan,2.679
1777025732644745008,118.002,0,-1.8256,0.9014,2.0360,153.722,nan,nan,nan,2.684
1777025732741862385,118.099,0,-1.8214,0.9324,2.0461,152.891,nan,nan,nan,0.544
1777025732843156398,118.200,0,-1.8184,0.9633,2.0578,152.086,nan,nan,nan,0.185
1777025732942884860,118.300,0,-1.8141,0.9944,2.0688,151.272,nan,nan,nan,1.048
1777025733043062450,118.400,0,-1.8259,0.9973,2.0805,151.357,nan,nan,nan,0.204
1777025733145040719,118.502,0,-1.8464,0.9851,2.0927,151.919,nan,nan,nan,2.663
1777025733242359763,118.600,0,-1.8672,0.9716,2.1048,152.510,nan,nan,nan,0.182
1777025733343703053,118.701,0,-1.8888,0.9572,2.1174,153.125,nan,nan,nan,0.248
1777025733443934921,118.801,0,-1.9119,0.9410,2.1309,153.794,nan,nan,nan,1.275
1777025733542940070,118.900,0,-1.9371,0.9192,2.1441,154.616,nan,nan,nan,2.154
1777025733642118867,118.999,0,-1.9645,0.8918,2.1575,155.583,nan,nan,nan,0.504
1777025733741366682,119.099,0,-1.9889,0.8720,2.1716,156.326,nan,nan,nan,0.811
1777025733843057583,119.200,0,-2.0166,0.8437,2.1860,157.297,nan,nan,nan,0.253
1777025733942399509,119.300,0,-2.0417,0.8209,2.2006,158.097,nan,nan,nan,1.002
1777025734041900397,119.399,0,-2.0675,0.7982,2.2162,158.889,nan,nan,nan,1.680
1777025734140618714,119.498,0,-2.0931,0.7740,2.2316,159.707,nan,nan,nan,3.844
1777025734242967797,119.600,0,-2.1169,0.7403,2.2426,160.723,nan,nan,nan,0.617
1777025734344577605,119.702,0,-2.1376,0.6960,2.2481,161.966,nan,nan,nan,0.482
1777025734442394203,119.800,0,-2.1553,0.6435,2.2493,163.376,nan,nan,nan,1.770
1777025734542341905,119.900,0,-2.1714,0.5860,2.2491,164.897,nan,nan,nan,0.967
1777025734642098478,119.999,0,-2.1863,0.5290,2.2494,166.397,nan,nan,nan,1.570
1777025734742272901,120.099,0,-2.1990,0.4716,2.2490,167.896,nan,nan,nan,1.435
1777025734842352640,120.200,0,-2.2109,0.4149,2.2494,169.372,nan,nan,nan,2.550
1777025734942173675,120.299,0,-2.2216,0.3541,2.2496,170.943,nan,nan,nan,2.550
1777025735043974649,120.401,0,-2.2305,0.2922,2.2495,172.537,nan,nan,nan,0.703
1777025735145090662,120.502,0,-2.2383,0.2303,2.2501,174.125,nan,nan,nan,0.231
1777025735244849754,120.602,0,-2.2437,0.1711,2.2502,175.640,nan,nan,nan,0.666
1777025735342195556,120.699,0,-2.2469,0.1124,2.2497,177.136,nan,nan,nan,2.657
1777025735445699858,120.803,0,-2.2489,0.0558,2.2495,178.579,nan,nan,nan,0.415
1777025735542724532,120.900,0,-2.2489,-0.0019,2.2489,-179.953,nan,nan,nan,1.771
1777025735641595164,120.999,0,-2.2483,-0.0598,2.2491,-178.476,nan,nan,nan,3.355
1777025735740236777,121.097,0,-2.2461,-0.1137,2.2490,-177.103,nan,nan,nan,3.768
1777025735844087022,121.201,0,-2.2415,-0.1798,2.2487,-175.415,nan,nan,nan,0.978
1777025735942417877,121.300,0,-2.2181,-0.3702,2.2488,-170.524,nan,nan,nan,2.880
1777025736045851105,121.403,0,-2.1646,-0.6135,2.2499,-164.177,nan,nan,nan,0.845
1777025736144120887,121.501,0,-2.0939,-0.8204,2.2488,-158.604,nan,nan,nan,1.535
1777025736244997715,121.602,0,-2.0016,-1.0119,2.2428,-153.181,nan,nan,nan,1.482
1777025736344874029,121.702,0,-1.9019,-1.1785,2.2374,-148.215,nan,nan,nan,0.974
1777025736443928400,121.801,0,-1.7801,-1.3512,2.2348,-142.799,nan,nan,nan,2.131
1777025736545236042,121.902,0,-1.6463,-1.5079,2.2325,-137.514,nan,nan,nan,0.996
1777025736642948251,122.000,0,-1.5416,-1.6106,2.2295,-133.745,nan,nan,nan,2.809
1777025736743666858,122.101,0,-1.4169,-1.7132,2.2232,-129.593,nan,nan,nan,2.044
1777025736844123058,122.201,0,-1.2940,-1.8035,2.2197,-125.660,nan,nan,nan,2.300
1777025736942859801,122.300,0,-1.1583,-1.8892,2.2160,-121.513,nan,nan,nan,2.074
1777025737046153715,122.403,0,-1.0111,-1.9705,2.2148,-117.162,nan,nan,nan,0.492
1777025737144878420,122.502,0,-0.8612,-2.0350,2.2098,-112.938,nan,nan,nan,1.906
1777025737245883989,122.603,0,-0.6971,-2.0952,2.2081,-108.404,nan,nan,nan,0.483
1777025737345613414,122.703,0,-0.4968,-2.1516,2.2082,-103.002,nan,nan,nan,1.461
1777025737445332580,122.802,0,-0.2820,-2.1881,2.2062,-97.344,nan,nan,nan,1.133
1777025737544253100,122.901,0,-0.0674,-2.2030,2.2040,-91.752,nan,nan,nan,2.635
1777025737649197805,123.006,0,0.1124,-2.2007,2.2036,-87.075,10367.38,1642.85,1774.68,2.382
1777025737741799567,123.099,0,0.2729,-2.1863,2.2033,-82.885,4435.09,676.84,731.15,3.336
1777025737843578430,123.201,0,0.4507,-2.1546,2.2013,-78.184,2777.15,409.79,442.67,4.127
1777025737944937942,123.302,0,0.6069,-2.1143,2.1997,-73.984,2111.93,304.33,328.75,2.754
1777025738044547534,123.402,0,0.7601,-2.0597,2.1955,-69.744,1714.88,243.00,262.50,3.142
1777025738145001049,123.502,0,0.8921,-2.0008,2.1906,-65.970,1475.30,207.05,223.67,3.978
1777025738245234102,123.602,0,0.9733,-1.9559,2.1846,-63.544,1355.63,189.78,205.01,2.651
1777025738345088174,123.702,0,1.0040,-1.9330,2.1782,-62.553,1312.38,183.97,198.73,2.939
1777025738445418690,123.803,0,0.9772,-1.9333,2.1662,-63.185,1339.59,189.02,204.18,2.112
1777025738544759394,123.902,0,0.9444,-1.9282,2.1471,-63.906,1372.15,195.59,211.28,2.953
1777025738644464893,124.002,0,0.9009,-1.9252,2.1256,-64.923,1421.00,205.03,221.48,3.523
1777025738744636409,124.102,0,0.8622,-1.9149,2.1001,-65.759,1464.04,214.22,231.41,4.159
1777025738843780965,124.201,0,0.8159,-1.9045,2.0719,-66.808,1522.13,226.38,244.55,3.827
1777025738944780349,124.302,0,0.7457,-1.8948,2.0362,-68.518,1628.31,247.71,267.59,3.249
1777025739044669699,124.402,0,0.6277,-1.9057,2.0064,-71.769,1882.26,294.26,317.87,3.852
1777025739143969051,124.501,0,0.5001,-1.9165,1.9807,-75.375,2290.79,369.34,398.98,4.092
1777025739247395242,124.605,0,0.3549,-1.9213,1.9538,-79.534,3102.14,520.43,562.20,1.263
1777025739344541360,124.702,0,0.2220,-1.9187,1.9315,-83.400,4758.89,832.01,898.78,4.588
1777025739445254560,124.802,0,0.0539,-1.9074,1.9081,-88.380,18466.59,3424.17,3698.95,3.189
1777025739545420132,124.903,0,-0.1115,-1.8862,1.8894,-93.383,nan,nan,nan,3.218
1777025739644405633,125.002,0,-0.2669,-1.8528,1.8720,-98.196,nan,nan,nan,4.080
1777025739742060379,125.099,0,-0.4024,-1.8150,1.8590,-102.500,nan,nan,nan,1.271
1777025739845916624,125.203,0,-0.5713,-1.7549,1.8455,-108.032,nan,nan,nan,3.497
1777025739944741274,125.302,0,-0.7182,-1.6904,1.8366,-113.018,nan,nan,nan,4.062
1777025740044389107,125.402,0,-0.8640,-1.6126,1.8294,-118.183,nan,nan,nan,3.045
1777025740145939396,125.503,0,-1.0008,-1.5242,1.8234,-123.288,nan,nan,nan,3.791
1777025740244347770,125.602,0,-1.1118,-1.4404,1.8195,-127.663,nan,nan,nan,2.675
1777025740344862562,125.702,0,-1.2282,-1.3398,1.8175,-132.510,nan,nan,nan,2.263
1777025740444497525,125.802,0,-1.3360,-1.2328,1.8179,-137.300,nan,nan,nan,2.944
1777025740545092039,125.902,0,-1.4406,-1.1122,1.8200,-142.329,nan,nan,nan,3.954
1777025740646185126,126.003,0,-1.5394,-0.9777,1.8236,-147.579,nan,nan,nan,3.665
1777025740743468448,126.101,0,-1.6153,-0.8541,1.8272,-152.133,nan,nan,nan,1.488
1777025740844432332,126.202,0,-1.6863,-0.7188,1.8331,-156.913,nan,nan,nan,2.644
1777025740944786736,126.302,0,-1.7432,-0.5832,1.8382,-161.501,nan,nan,nan,2.010
1777025741047427393,126.405,0,-1.7939,-0.4327,1.8453,-166.440,nan,nan,nan,3.108
1777025741144382345,126.502,0,-1.8265,-0.3117,1.8529,-170.315,nan,nan,nan,2.524
1777025741243703345,126.601,0,-1.8526,-0.1809,1.8614,-174.424,nan,nan,nan,1.442
1777025741345866132,126.703,0,-1.8703,-0.0729,1.8717,-177.769,nan,nan,nan,3.112
1777025741444057951,126.801,0,-1.8826,0.0383,1.8829,178.834,nan,nan,nan,0.667
1777025741545840906,126.903,0,-1.8866,0.1486,1.8924,175.495,nan,nan,nan,4.007
1777025741645197295,127.002,0,-1.8851,0.2637,1.9035,172.037,nan,nan,nan,2.498
1777025741744613814,127.102,0,-1.8774,0.3721,1.9140,168.789,nan,nan,nan,2.214
1777025741844971700,127.202,0,-1.8655,0.4748,1.9250,165.722,nan,nan,nan,2.002
1777025741945063846,127.302,0,-1.8508,0.5664,1.9355,162.985,nan,nan,nan,1.564
1777025742044214680,127.401,0,-1.8344,0.6560,1.9482,160.322,nan,nan,nan,0.053
1777025742145691099,127.503,0,-1.8113,0.7434,1.9579,157.685,nan,nan,nan,2.314
1777025742243016791,127.600,0,-1.7795,0.8156,1.9575,155.376,nan,nan,nan,0.152
1777025742342774493,127.700,0,-1.7679,0.8709,1.9707,153.773,nan,nan,nan,0.787
1777025742441913327,127.799,0,-1.7741,0.8980,1.9885,153.154,nan,nan,nan,0.959
1777025742542797452,127.900,0,-1.7801,0.9402,2.0132,152.159,nan,nan,nan,0.484
1777025742643185671,128.000,0,-1.7910,0.9437,2.0244,152.214,nan,nan,nan,0.230
1777025742740460771,128.098,0,-1.7910,0.9697,2.0367,151.567,nan,nan,nan,3.054
1777025742842193374,128.199,0,-1.7948,0.9880,2.0488,151.169,nan,nan,nan,2.092
1777025742943045296,128.300,0,-1.8050,0.9946,2.0609,151.144,nan,nan,nan,0.616
1777025743042591906,128.400,0,-1.8131,1.0071,2.0740,150.949,nan,nan,nan,1.266
1777025743141687055,128.499,0,-1.8195,1.0226,2.0872,150.662,nan,nan,nan,2.397
1777025743245385801,128.603,0,-1.8263,1.0383,2.1009,150.380,nan,nan,nan,2.694
1777025743341352719,128.699,0,-1.8304,1.0620,2.1161,149.877,nan,nan,nan,3.151
1777025743440563516,128.798,0,-1.8434,1.0620,2.1275,150.054,nan,nan,nan,4.017
1777025743542329175,128.899,0,-1.8579,1.0601,2.1390,150.291,nan,nan,nan,2.467
1777025743641194695,128.998,0,-1.8862,1.0316,2.1499,151.325,nan,nan,nan,3.840
1777025743741190545,129.098,0,-1.9142,1.0072,2.1630,152.249,nan,nan,nan,4.037
1777025743841614412,129.199,0,-1.9606,0.9422,2.1753,154.332,nan,nan,nan,4.562
1777025743941972206,129.299,0,-2.0240,0.8242,2.1854,157.844,nan,nan,nan,3.747
1777025744044454585,129.402,0,-2.0760,0.7192,2.1970,160.891,nan,nan,nan,0.707
1777025744144860433,129.502,0,-2.1224,0.6135,2.2093,163.877,nan,nan,nan,0.557
1777025744243573454,129.601,0,-2.1649,0.5078,2.2237,166.799,nan,nan,nan,4.031
1777025744344444375,129.702,0,-2.2009,0.4067,2.2381,169.531,nan,nan,nan,1.734
1777025744444728595,129.802,0,-2.2331,0.2948,2.2525,172.480,nan,nan,nan,1.317
1777025744542459655,129.900,0,-2.2610,0.1814,2.2682,175.412,nan,nan,nan,3.834
1777025744642008673,129.999,0,-2.2824,0.0773,2.2837,178.060,nan,nan,nan,4.076
1777025744741911542,130.099,0,-2.3015,-0.0463,2.3019,-178.848,nan,nan,nan,3.950
1777025744845411066,130.203,0,-2.3146,-0.1684,2.3208,-175.840,nan,nan,nan,0.577
1777025744946095173,130.303,0,-2.3226,-0.2867,2.3402,-172.964,nan,nan,nan,0.717
1777025745043508661,130.401,0,-2.3225,-0.4062,2.3577,-170.078,nan,nan,nan,3.131
1777025745145401801,130.503,0,-2.3164,-0.5245,2.3751,-167.241,nan,nan,nan,0.603
1777025745246209686,130.603,0,-2.3046,-0.6431,2.3926,-164.409,nan,nan,nan,0.146
1777025745345691296,130.703,0,-2.2864,-0.7605,2.4095,-161.601,nan,nan,nan,0.639
1777025745444558205,130.802,0,-2.2628,-0.8735,2.4256,-158.892,nan,nan,nan,1.983
1777025745545302498,130.902,0,-2.2330,-0.9864,2.4411,-156.168,nan,nan,nan,1.806
1777025745645933642,131.003,0,-2.1959,-1.0984,2.4553,-153.426,nan,nan,nan,0.417
1777025745742517280,131.100,0,-2.1552,-1.2046,2.4690,-150.799,nan,nan,nan,3.936
1777025745843469886,131.201,0,-2.1066,-1.3200,2.4860,-147.930,nan,nan,nan,3.376
1777025745943522495,131.301,0,-2.0568,-1.4230,2.5011,-145.322,nan,nan,nan,4.822
1777025746044637953,131.402,0,-2.0066,-1.5186,2.5164,-142.881,nan,nan,nan,2.108
1777025746145890743,131.503,0,-1.9497,-1.6153,2.5320,-140.359,nan,nan,nan,1.092
1777025746246631665,131.604,0,-1.8873,-1.7110,2.5475,-137.805,nan,nan,nan,0.167
1777025746343759802,131.701,0,-1.8214,-1.8018,2.5620,-135.310,nan,nan,nan,3.604
1777025746445434683,131.803,0,-1.7509,-1.8918,2.5777,-132.784,nan,nan,nan,1.739
1777025746546487308,131.904,0,-1.6733,-1.9804,2.5926,-130.196,nan,nan,nan,0.915
1777025746644662071,132.002,0,-1.5967,-2.0597,2.6061,-127.784,nan,nan,nan,2.740
1777025746743320203,132.100,0,-1.5201,-2.1340,2.6201,-125.464,nan,nan,nan,3.765
1777025746844943714,132.202,0,-1.4250,-2.2165,2.6350,-122.737,nan,nan,nan,2.878
1777025746943533624,132.301,0,-1.3387,-2.2844,2.6478,-120.372,nan,nan,nan,4.298
1777025747044735044,132.402,0,-1.2275,-2.3626,2.6624,-117.456,nan,nan,nan,3.124
1777025747146870110,132.504,0,-1.1258,-2.4276,2.6759,-114.879,nan,nan,nan,1.235
1777025747244109913,132.601,0,-1.0311,-2.4826,2.6882,-112.554,nan,nan,nan,3.548
1777025747343840967,132.701,0,-0.9215,-2.5381,2.7002,-109.955,nan,nan,nan,3.815
1777025747445051887,132.802,0,-0.8033,-2.5895,2.7112,-107.235,nan,nan,nan,3.192
1777025747546127938,132.903,0,-0.7045,-2.6255,2.7184,-105.022,nan,nan,nan,2.303
1777025747646445638,133.004,0,-0.6137,-2.6558,2.7258,-103.011,nan,nan,nan,1.768
1777025747742174798,133.099,0,-0.5255,-2.6800,2.7310,-101.094,nan,nan,nan,2.370
1777025747844223327,133.201,0,-0.4240,-2.7022,2.7353,-98.918,nan,nan,nan,3.819
1777025747941962980,133.299,0,-0.3222,-2.7197,2.7387,-96.755,nan,nan,nan,1.639
1777025748041894460,133.399,0,-0.2231,-2.7314,2.7405,-94.670,nan,nan,nan,1.185
1777025748141879680,133.499,0,-0.1233,-2.7377,2.7405,-92.579,nan,nan,nan,0.853
1777025748241852623,133.599,0,-0.0280,-2.7399,2.7400,-90.585,nan,nan,nan,0.882
1777025748341523937,133.699,0,0.0706,-2.7386,2.7395,-88.524,20238.57,2617.74,2827.81,0.949
1777025748441484472,133.799,0,0.1760,-2.7319,2.7375,-86.315,8290.45,1049.73,1133.97,0.355
1777025748543241539,133.900,0,0.2714,-2.7204,2.7339,-84.303,5467.75,680.63,735.25,2.029
1777025748641749541,133.999,0,0.3683,-2.7047,2.7297,-82.246,4092.52,501.52,541.77,0.633
1777025748739620139,134.097,0,0.4605,-2.6867,2.7259,-80.275,3318.31,401.14,433.33,1.712
1777025748841151725,134.198,0,0.5480,-2.6638,2.7196,-78.376,2818.71,337.07,364.12,0.257
1777025748939735820,134.297,0,0.6338,-2.6358,2.7109,-76.479,2458.16,291.41,314.80,2.247
1777025749041179295,134.398,0,0.7192,-2.6058,2.7032,-74.570,2183.50,256.82,277.43,0.636
1777025749141402255,134.499,0,0.7973,-2.5741,2.6947,-72.791,1981.07,231.67,250.26,0.610
1777025749242447324,134.600,0,0.8822,-2.5367,2.6857,-70.824,1799.93,209.38,226.18,1.007
1777025749341533806,134.699,0,0.9657,-2.4948,2.6751,-68.840,1650.09,191.28,206.63,0.285
1777025749440913973,134.798,0,1.0517,-2.4489,2.6651,-66.759,1519.30,175.64,189.73,1.038
1777025749541757376,134.899,0,1.1263,-2.4014,2.6524,-64.873,1418.50,164.00,177.16,0.566
1777025749643752553,135.001,0,1.1995,-2.3520,2.6402,-62.980,1330.64,153.99,166.35,1.343
1777025749741606743,135.099,0,1.2698,-2.2999,2.6271,-61.096,1253.85,145.47,157.14,3.044
1777025749841807259,135.199,0,1.3385,-2.2445,2.6133,-59.191,1184.94,138.00,149.07,1.077
1777025749941501350,135.299,0,1.4005,-2.1897,2.5993,-57.397,1126.75,131.89,142.47,2.752
1777025750043798619,135.401,0,1.4658,-2.1278,2.5838,-55.438,1069.35,126.01,136.13,0.702
1777025750145178779,135.502,0,1.5284,-2.0624,2.5670,-53.459,1016.91,120.85,130.55,1.955
1777025750243487079,135.601,0,1.5903,-1.9917,2.5487,-51.395,967.15,116.15,125.47,0.513
1777025750343212171,135.700,0,1.6446,-1.9223,2.5298,-49.453,924.28,112.31,121.33,0.408
1777025750441218471,135.798,0,1.6925,-1.8512,2.5083,-47.564,885.74,109.13,117.89,1.576
1777025750542529410,135.900,0,1.7422,-1.7736,2.4862,-45.512,846.88,106.02,114.53,1.070
1777025750642552537,136.000,0,1.7865,-1.6952,2.4627,-43.498,811.41,103.39,111.69,0.918
1777025750743208830,136.100,0,1.8239,-1.6182,2.4383,-41.580,779.76,101.27,109.40,0.123
1777025750843458031,136.201,0,1.8618,-1.5357,2.4134,-39.517,747.75,99.21,107.17,0.283
1777025750942422384,136.300,0,1.8944,-1.4531,2.3875,-37.489,718.10,97.50,105.33,1.068
1777025751046143296,136.403,0,1.9234,-1.3712,2.3621,-35.485,690.33,96.03,103.74,1.868
1777025751146648700,136.504,0,1.9420,-1.2979,2.3358,-33.755,667.44,95.11,102.74,2.881
1777025751244367816,136.602,0,1.9630,-1.2156,2.3089,-31.767,642.26,94.09,101.64,0.585
1777025751346111383,136.703,1,1.9773,-1.1364,2.2806,-29.888,619.44,93.42,100.91,2.102
1777025751448061393,136.805,1,1.9929,-1.0527,2.2539,-27.845,595.57,92.68,100.12,4.256
1777025751543540702,136.901,1,2.0010,-0.9745,2.2256,-25.966,574.41,92.31,99.72,0.527
1777025751645324102,137.002,1,2.0079,-0.8939,2.1979,-23.999,552.97,91.99,99.37,0.878
1777025751743570605,137.101,1,2.0093,-0.8105,2.1666,-21.968,531.51,91.93,99.30,1.369
1777025751845111247,137.202,1,2.0068,-0.7329,2.1365,-20.062,511.92,92.04,99.43,0.683
1777025751945154578,137.302,1,1.9958,-0.6758,2.1071,-18.706,498.28,92.55,99.97,0.281
1777025752044841133,137.402,1,1.9868,-0.6019,2.0760,-16.855,479.99,92.97,100.43,0.362
1777025752146726939,137.504,1,1.9781,-0.5247,2.0465,-14.857,460.66,93.38,100.87,1.656
1777025752245369812,137.603,1,1.9595,-0.4705,2.0151,-13.502,447.75,94.27,101.83,1.210
1777025752343151651,137.700,1,1.9283,-0.4527,1.9807,-13.213,445.01,95.79,103.48,3.404
1777025752443450185,137.801,1,1.9006,-0.4236,1.9473,-12.564,438.89,97.18,104.98,3.947
1777025752544752382,137.902,1,1.8685,-0.4150,1.9140,-12.521,438.50,98.86,106.79,2.152
1777025752643729532,138.001,1,1.8386,-0.3993,1.8814,-12.254,435.99,100.46,108.52,1.820
1777025752741289038,138.098,1,1.8019,-0.3977,1.8453,-12.445,437.78,102.51,110.73,3.944
1777025752844572507,138.202,1,1.7640,-0.4081,1.8106,-13.028,443.26,104.71,113.11,1.177
1777025752942518215,138.300,1,1.7221,-0.4259,1.7740,-13.892,451.44,107.26,115.86,2.454
1777025753042746453,138.400,1,1.6810,-0.4428,1.7384,-14.758,459.71,109.88,118.70,2.480
1777025753143638782,138.501,1,1.6408,-0.4642,1.7052,-15.796,469.70,112.57,121.61,3.368
1777025753244900961,138.602,1,1.6071,-0.4842,1.6785,-16.765,479.11,114.93,124.15,0.754
1777025753343845518,138.701,1,1.5721,-0.4954,1.6484,-17.491,486.24,117.49,126.92,1.657
1777025753444369200,138.802,1,1.5265,-0.5212,1.6130,-18.852,499.73,121.00,130.71,3.035
1777025753543748681,138.901,1,1.4836,-0.5469,1.5812,-20.237,513.71,124.50,134.49,2.761
1777025753642984404,139.000,1,1.4474,-0.5640,1.5534,-21.290,524.49,127.61,137.85,2.841
1777025753742766495,139.100,1,1.4126,-0.5828,1.5281,-22.419,536.22,130.76,141.25,3.501
1777025753845440763,139.203,1,1.3700,-0.6137,1.5012,-24.130,554.38,134.82,145.64,1.446
1777025753944529430,139.302,1,1.3173,-0.6454,1.4669,-26.104,575.95,140.22,151.47,3.457
1777025754042840026,139.400,1,1.2702,-0.6795,1.4405,-28.147,599.05,145.42,157.09,2.945
1777025754143237301,139.500,1,1.2338,-0.7077,1.4223,-29.837,618.83,149.71,161.72,2.867
1777025754244160759,139.601,0,1.1858,-0.7382,1.3968,-31.904,643.96,155.77,168.27,2.367
1777025754346492861,139.704,0,1.1407,-0.7653,1.3736,-33.857,668.77,161.93,174.92,0.018
1777025754444592568,139.802,0,1.0960,-0.7908,1.3515,-35.810,694.72,168.53,182.05,3.368
1777025754544706807,139.902,0,1.0457,-0.8165,1.3267,-37.981,725.14,176.63,190.81,2.389
1777025754644437732,140.002,0,1.0021,-0.8403,1.3078,-39.983,754.81,184.32,199.11,2.481
1777025754741697239,140.099,0,0.9588,-0.8635,1.2903,-42.007,786.64,192.65,208.11,2.631
1777025754843738045,140.201,0,0.8984,-0.8988,1.2708,-45.011,837.83,205.59,222.09,3.449
1777025754942614954,140.300,0,0.8477,-0.9287,1.2575,-47.610,886.64,217.88,235.37,3.659
1777025755047262937,140.404,0,0.7779,-0.9692,1.2428,-51.250,963.83,237.44,256.50,1.763
1777025755145267127,140.502,0,0.7015,-1.0154,1.2341,-55.361,1067.22,263.31,284.44,2.794
1777025755244322665,140.601,0,0.6115,-1.0634,1.2267,-60.100,1216.81,302.06,326.30,3.326
1777025755343119222,140.700,0,0.5226,-1.1067,1.2239,-64.722,1411.07,353.44,381.81,2.976
1777025755445009548,140.802,0,0.4076,-1.1543,1.2241,-70.551,1777.58,453.18,489.55,2.905
1777025755542169314,140.899,0,0.3052,-1.1879,1.2265,-75.590,2321.43,605.15,653.72,2.845
1777025755644432249,141.002,0,0.1811,-1.2185,1.2319,-81.545,3776.07,1019.75,1101.58,4.187
1777025755741392665,141.099,0,0.0852,-1.2361,1.2390,-86.056,7767.17,2167.65,2341.60,0.803
1777025755844851800,141.202,0,-0.0550,-1.2504,1.2516,-92.518,nan,nan,nan,3.589
1777025755946509793,141.304,0,-0.1730,-1.2526,1.2645,-97.862,nan,nan,nan,2.123
1777025756042006472,141.399,0,-0.2800,-1.2474,1.2785,-102.653,nan,nan,nan,0.495
1777025756142117266,141.499,0,-0.3992,-1.2314,1.2945,-107.960,nan,nan,nan,1.798
1777025756242551873,141.600,0,-0.5145,-1.2121,1.3167,-113.001,nan,nan,nan,1.499
1777025756343847034,141.701,0,-0.6301,-1.1789,1.3367,-118.123,nan,nan,nan,2.770
1777025756444908714,141.802,0,-0.7445,-1.1407,1.3622,-123.132,nan,nan,nan,4.133
1777025756544820527,141.902,0,-0.8526,-1.0926,1.3860,-127.967,nan,nan,nan,4.096
1777025756644235879,142.001,0,-0.9571,-1.0408,1.4140,-132.602,nan,nan,nan,2.124
1777025756744216747,142.101,0,-1.0613,-0.9793,1.4441,-137.300,nan,nan,nan,3.160
1777025756843926617,142.201,0,-1.1581,-0.9089,1.4722,-141.875,nan,nan,nan,2.586
1777025756942593397,142.300,0,-1.2537,-0.8298,1.5034,-146.502,nan,nan,nan,1.043
1777025757042723672,142.400,0,-1.3430,-0.7446,1.5356,-150.995,nan,nan,nan,1.199
1777025757143081484,142.500,0,-1.4251,-0.6519,1.5671,-155.418,nan,nan,nan,2.078
1777025757242062245,142.599,0,-1.5009,-0.5556,1.6005,-159.687,nan,nan,nan,0.197
1777025757343677275,142.701,0,-1.5685,-0.4528,1.6325,-163.898,nan,nan,nan,2.526
1777025757444559677,142.802,0,-1.6293,-0.3463,1.6657,-168.000,nan,nan,nan,2.185
1777025757546454169,142.904,0,-1.6857,-0.2329,1.7017,-172.135,nan,nan,nan,3.803
1777025757647283739,143.004,0,-1.7308,-0.1247,1.7353,-175.880,nan,nan,nan,2.621
1777025757741639644,143.099,0,-1.7641,-0.0190,1.7642,-179.383,nan,nan,nan,0.090
1777025757842708175,143.200,0,-1.7950,0.0942,1.7975,176.996,nan,nan,nan,0.180
1777025757942449934,143.300,0,-1.8157,0.2104,1.8279,173.391,nan,nan,nan,0.476
1777025758040256031,143.397,0,-1.8296,0.3252,1.8583,169.921,nan,nan,nan,5.373
1777025758140942231,143.498,0,-1.8330,0.4453,1.8863,166.346,nan,nan,nan,1.217
1777025758243950904,143.601,0,-1.8306,0.5646,1.9157,162.860,nan,nan,nan,1.768
1777025758341896816,143.699,0,-1.8198,0.6823,1.9436,159.448,nan,nan,nan,1.705
1777025758441896685,143.799,0,-1.7984,0.8042,1.9700,155.908,nan,nan,nan,2.103
1777025758542129108,143.899,0,-1.7690,0.9211,1.9945,152.494,nan,nan,nan,1.666
1777025758641980459,143.999,0,-1.7342,1.0312,2.0176,149.263,nan,nan,nan,1.243
1777025758741460755,144.099,0,-1.6921,1.1401,2.0403,146.028,nan,nan,nan,1.812
1777025758840408978,144.198,0,-1.6440,1.2413,2.0600,142.944,nan,nan,nan,2.889
1777025758940744883,144.298,0,-1.5857,1.3453,2.0795,139.688,nan,nan,nan,3.012
1777025759040580844,144.398,0,-1.5148,1.4510,2.0977,136.233,nan,nan,nan,2.526
1777025759141532395,144.499,0,-1.4424,1.5451,2.1137,133.032,nan,nan,nan,3.959
1777025759242391501,144.600,0,-1.3606,1.6353,2.1274,129.761,nan,nan,nan,1.032
1777025759340491376,144.698,0,-1.2722,1.7209,2.1401,126.475,nan,nan,nan,3.835
1777025759439709691,144.797,0,-1.1763,1.8004,2.1506,123.158,nan,nan,nan,3.825
1777025759541091407,144.898,0,-1.0797,1.8700,2.1593,120.000,nan,nan,nan,2.340
1777025759641854680,144.999,0,-0.9672,1.9390,2.1668,116.510,nan,nan,nan,2.611
1777025759740198276,145.097,0,-0.8521,1.9977,2.1718,113.099,nan,nan,nan,2.228
1777025759841544326,145.199,0,-0.7088,2.0558,2.1745,109.023,nan,nan,nan,2.527
1777025759942784116,145.300,0,-0.5797,2.0967,2.1754,105.455,nan,nan,nan,1.602
1777025760043871203,145.401,0,-0.4547,2.1266,2.1746,102.070,nan,nan,nan,0.701
1777025760143020871,145.500,0,-0.3232,2.1480,2.1721,98.558,nan,nan,nan,1.717
1777025760242705814,145.600,0,-0.1906,2.1594,2.1678,95.044,nan,nan,nan,1.692
1777025760342789571,145.700,0,-0.0548,2.1610,2.1617,91.453,nan,nan,nan,2.107
1777025760441430555,145.799,0,0.0820,2.1521,2.1537,87.817,-13135.59,2251.59,2432.28,3.336
1777025760541385294,145.899,0,0.2174,2.1319,2.1430,84.178,-4707.55,849.74,917.93,4.050
1777025760647192885,146.004,0,0.3579,2.1010,2.1313,80.334,-2687.84,516.15,557.57,1.869
1777025760748545156,146.106,0,0.4857,2.0607,2.1172,76.737,-1852.22,380.27,410.79,3.749
1777025760846168366,146.203,0,0.6051,2.0132,2.1021,73.271,-1382.49,305.26,329.75,1.087
1777025760945645199,146.303,0,0.7247,1.9542,2.0843,69.652,-1058.91,254.86,275.31,0.504
1777025761044727459,146.402,0,0.8347,1.8907,2.0668,66.179,-837.59,221.28,239.04,0.757
1777025761146375563,146.504,0,0.9484,1.8141,2.0471,62.400,-656.88,194.76,210.39,0.864
1777025761244624492,146.602,0,1.0473,1.7348,2.0264,58.882,-525.37,176.37,190.52,0.645
1777025761343964659,146.701,0,1.1468,1.6422,2.0030,55.071,-410.14,161.06,173.98,1.442
1777025761448438977,146.806,0,1.2431,1.5403,1.9793,51.095,-311.21,148.59,160.51,2.672
1777025761550534079,146.908,0,1.3353,1.4257,1.9533,46.875,-223.27,138.33,149.43,3.182
1777025761743617727,147.101,0,1.4768,1.2017,1.9039,39.136,-92.95,125.07,135.11,2.420
1777025761845034017,147.202,0,1.5379,1.0766,1.8773,34.993,-34.62,120.10,129.74,1.271
1777025761944445961,147.302,1,1.5869,0.9501,1.8495,30.910,17.36,116.40,125.74,1.445
1777025762044913013,147.402,1,1.6295,0.8173,1.8230,26.638,67.19,113.35,122.45,1.040
1777025762143227498,147.500,1,1.6575,0.6940,1.7970,22.720,109.71,111.43,120.38,3.175
1777025762245345452,147.603,1,1.6801,0.5503,1.7680,18.137,156.49,109.94,118.76,1.452
1777025762346395243,147.704,1,1.6902,0.4163,1.7407,13.837,198.17,109.28,118.05,0.193
1777025762443666620,147.801,1,1.6915,0.2801,1.7145,9.402,239.59,109.20,117.96,3.059
1777025762544729449,147.902,1,1.6821,0.1418,1.6880,4.818,281.30,109.81,118.62,3.273
1777025762645929091,148.003,1,1.6631,0.0095,1.6632,0.326,321.63,111.06,119.97,1.396
1777025762743163061,148.100,1,1.6333,-0.1240,1.6380,-4.343,363.52,113.09,122.16,3.554
1777025762843873853,148.201,1,1.5938,-0.2560,1.6142,-9.127,406.97,115.89,125.19,2.803
1777025762946943730,148.304,1,1.5448,-0.3854,1.5922,-14.007,452.54,119.56,129.16,0.449
1777025763046014935,148.403,1,1.4866,-0.5090,1.5713,-18.902,500.24,124.25,134.22,3.492
1777025763150220123,148.507,1,1.4208,-0.6284,1.5536,-23.857,551.46,130.00,140.43,2.504
1777025763246149116,148.603,1,1.3446,-0.7429,1.5362,-28.922,608.04,137.37,148.40,2.001
1777025763344099713,148.701,0,1.2596,-0.8512,1.5202,-34.049,671.26,146.64,158.41,4.133
1777025763444869116,148.802,0,1.1701,-0.9470,1.5053,-38.985,739.81,157.86,170.52,3.048
1777025763543309026,148.900,0,1.0898,-1.0189,1.4919,-43.073,804.23,169.48,183.08,3.939
1777025763644174688,149.001,0,1.0074,-1.0805,1.4772,-47.006,874.88,183.36,198.07,3.483
1777025763742743265,149.100,0,0.9328,-1.1279,1.4636,-50.407,944.91,198.01,213.90,3.015
1777025763843375557,149.201,0,0.8735,-1.1561,1.4490,-52.928,1003.66,211.46,228.43,3.416
1777025763942864576,149.300,0,0.8258,-1.1710,1.4329,-54.807,1052.07,223.67,241.62,3.128
1777025764043434868,149.401,0,0.7804,-1.1815,1.4160,-56.555,1101.34,236.68,255.68,3.126
1777025764142473758,149.500,0,0.7375,-1.1872,1.3976,-58.152,1150.52,250.46,270.55,0.383
1777025764244336750,149.601,0,0.6965,-1.1935,1.3819,-59.733,1203.75,265.20,286.48,3.828
1777025764343333659,149.700,0,0.6637,-1.1994,1.3708,-61.041,1251.72,278.29,300.62,3.174
1777025764443684748,149.801,0,0.6472,-1.2020,1.3651,-61.702,1277.50,285.41,308.32,2.880
1777025764542405695,149.900,0,0.6275,-1.2029,1.3568,-62.452,1308.16,294.37,317.99,1.560
1777025764651100962,150.008,0,0.6028,-1.2054,1.3477,-63.433,1350.61,306.43,331.02,2.104
1777025764741866508,150.099,0,0.5874,-1.2065,1.3419,-64.042,1378.46,314.47,339.71,0.407
1777025764846476917,150.204,0,0.5651,-1.2081,1.3337,-64.931,1421.41,326.86,353.09,2.995
1777025764944528292,150.302,0,0.5537,-1.2084,1.3292,-65.382,1444.28,333.59,360.36,3.650
1777025765043338905,150.400,0,0.5526,-1.2079,1.3283,-65.417,1446.10,334.27,361.10,1.044
1777025765143916956,150.501,0,0.5521,-1.2056,1.3260,-65.397,1445.05,334.59,361.44,1.132
1777025765243349123,150.601,0,0.5489,-1.2034,1.3227,-65.480,1449.37,336.50,363.50,1.582
1777025765343279195,150.700,0,0.5487,-1.2021,1.3214,-65.467,1448.68,336.65,363.66,1.955
1777025765445645001,150.803,0,0.5486,-1.2021,1.3213,-65.468,1448.74,336.68,363.70,3.791
1777025765543341747,150.901,0,0.5485,-1.2020,1.3213,-65.472,1448.94,336.75,363.77,1.636
1777025765643151134,151.000,0,0.5485,-1.2020,1.3212,-65.472,1448.92,336.76,363.79,0.880
1777025765743577076,151.101,0,0.5471,-1.2006,1.3193,-65.503,1450.56,337.64,364.74,1.890
1777025765841952968,151.199,0,0.5467,-1.1988,1.3176,-65.484,1449.57,337.85,364.96,1.209
1777025765943469665,151.301,0,0.5455,-1.1943,1.3130,-65.452,1447.90,338.61,365.78,1.332
1777025766042048482,151.399,0,0.5470,-1.1906,1.3103,-65.324,1441.31,337.66,364.76,1.793
1777025766142786292,151.500,0,0.5476,-1.1855,1.3059,-65.206,1435.25,337.29,364.36,0.289
1777025766246516594,151.604,0,0.5497,-1.1820,1.3036,-65.061,1427.93,336.04,363.01,4.009
1777025766344320302,151.701,0,0.5520,-1.1774,1.3004,-64.882,1418.96,334.61,361.47,1.990
1777025766443600136,151.801,0,0.5557,-1.1738,1.2987,-64.667,1408.36,332.41,359.08,0.771
1777025766543231413,151.900,0,0.5554,-1.1733,1.2981,-64.667,1408.34,332.54,359.23,0.100
1777025766643216911,152.000,0,0.5535,-1.1725,1.2965,-64.728,1411.36,333.70,360.48,2.021
1777025766741194934,152.098,0,0.5450,-1.1735,1.2938,-65.088,1429.29,338.92,366.12,0.958
1777025766842439447,152.200,0,0.5388,-1.1751,1.2927,-65.369,1443.61,342.83,370.34,0.095
1777025766943222905,152.300,0,0.5307,-1.1785,1.2925,-65.758,1463.97,348.06,375.99,0.566
1777025767041326317,152.398,0,0.5247,-1.1815,1.2928,-66.053,1479.82,352.01,380.26,1.947
1777025767143059309,152.500,0,0.5158,-1.1868,1.2940,-66.511,1505.17,358.13,386.87,2.617
1777025767248305550,152.605,0,0.5089,-1.1917,1.2958,-66.875,1525.96,362.94,392.07,4.710
1777025767342511733,152.700,0,0.5056,-1.1979,1.3002,-67.115,1540.07,365.31,394.62,3.647
1777025767445232241,152.802,0,0.5060,-1.2077,1.3094,-67.266,1549.08,365.02,394.32,1.874
1777025767551168017,152.908,0,0.4979,-1.2198,1.3175,-67.796,1581.54,370.97,400.74,0.713
1777025767643610502,153.001,0,0.4938,-1.2311,1.3265,-68.143,1603.64,374.03,404.05,0.849
1777025767741410173,153.099,0,0.4765,-1.2499,1.3376,-69.133,1670.48,387.66,418.77,2.419
1777025767843719497,153.201,0,0.4571,-1.2636,1.3437,-70.114,1743.02,404.13,436.56,0.221
1777025767942824609,153.300,0,0.4426,-1.2806,1.3549,-70.932,1808.91,417.30,450.78,0.603
1777025768042359683,153.400,0,0.4262,-1.2971,1.3653,-71.812,1886.16,433.41,468.19,1.982
1777025768142932161,153.500,0,0.4008,-1.3154,1.3751,-73.053,2008.28,460.82,497.80,1.260
1777025768244168507,153.601,0,0.3774,-1.3308,1.3833,-74.168,2133.82,489.43,528.71,0.075
1777025768343574970,153.701,0,0.3470,-1.3468,1.3908,-75.551,2315.74,532.26,574.97,15.935
1777025768443523709,153.801,0,0.3022,-1.3668,1.3999,-77.534,2645.44,611.28,660.33,1.484
1777025768543184300,153.900,0,0.2647,-1.3827,1.4078,-79.164,3005.10,697.90,753.90,2.788
1777025768644505498,154.002,0,0.2440,-1.3943,1.4155,-80.073,3256.16,756.93,817.67,0.102
1777025768741429154,154.099,0,0.2102,-1.4039,1.4195,-81.484,3751.23,878.72,949.24,3.033
1777025768842877277,154.200,0,0.1813,-1.4117,1.4233,-82.680,4318.75,1018.53,1100.27,2.508
1777025768942376814,154.300,0,0.1456,-1.4179,1.4254,-84.138,5322.21,1268.88,1370.71,2.962
1777025769043472234,154.401,0,0.1082,-1.4201,1.4242,-85.642,7056.62,1706.66,1843.61,3.065
1777025769142945660,154.500,0,0.0761,-1.4185,1.4205,-86.928,9884.74,2426.31,2621.02,2.432
1777025769242296975,154.599,0,0.0583,-1.4158,1.4170,-87.641,12779.13,3166.78,3420.91,2.959
1777025769343941542,154.701,0,0.0277,-1.4127,1.4130,-88.877,nan,nan,nan,1.893
1777025769442750118,154.800,0,-0.0021,-1.4095,1.4095,-90.087,nan,nan,nan,3.045
1777025769545283960,154.902,0,-0.0365,-1.4142,1.4147,-91.479,nan,nan,nan,5.037
1777025769642535948,155.000,0,-0.0584,-1.4177,1.4189,-92.359,nan,nan,nan,3.461
1777025769744355385,155.102,0,-0.0921,-1.4232,1.4262,-93.703,nan,nan,nan,5.654
1777025769843031387,155.200,0,-0.1246,-1.4311,1.4365,-94.977,nan,nan,nan,3.329
1777025769944651972,155.302,0,-0.1596,-1.4396,1.4485,-96.326,nan,nan,nan,2.060
1777025770043393715,155.401,0,-0.1975,-1.4476,1.4610,-97.769,nan,nan,nan,3.265
1777025770142122347,155.499,0,-0.2376,-1.4537,1.4730,-99.284,nan,nan,nan,3.942
1777025770242900046,155.600,0,-0.2968,-1.4568,1.4867,-101.516,nan,nan,nan,3.823
1777025770344136022,155.701,0,-0.3542,-1.4555,1.4980,-103.677,nan,nan,nan,2.108
1777025770445397553,155.803,0,-0.4154,-1.4536,1.5118,-105.949,nan,nan,nan,0.829
1777025770544152925,155.901,0,-0.4696,-1.4509,1.5250,-107.936,nan,nan,nan,3.134
1777025770642860779,156.000,0,-0.5355,-1.4429,1.5390,-110.362,nan,nan,nan,3.285
1777025770741667985,156.099,0,-0.6054,-1.4251,1.5484,-113.015,nan,nan,nan,3.137
1777025770841842908,156.199,0,-0.6813,-1.4058,1.5622,-115.855,nan,nan,nan,3.560
1777025770941113798,156.298,0,-0.7521,-1.3849,1.5759,-118.507,nan,nan,nan,2.557
1777025771042647124,156.400,0,-0.8253,-1.3582,1.5893,-121.286,nan,nan,nan,3.970
1777025771141886921,156.499,0,-0.8917,-1.3318,1.6028,-123.803,nan,nan,nan,1.464
1777025771241802549,156.599,0,-0.9621,-1.3000,1.6173,-126.503,nan,nan,nan,2.705
1777025771341903621,156.699,0,-1.0308,-1.2636,1.6307,-129.207,nan,nan,nan,2.846
1777025771442092377,156.799,0,-1.1002,-1.2247,1.6463,-131.934,nan,nan,nan,3.281
1777025771541342119,156.899,0,-1.1615,-1.1893,1.6624,-134.323,nan,nan,nan,1.944
1777025771641848152,156.999,0,-1.2241,-1.1495,1.6792,-136.801,nan,nan,nan,2.374
1777025771738843678,157.096,0,-1.2929,-1.1000,1.6975,-139.609,nan,nan,nan,1.286
1777025771839205823,157.196,0,-1.3617,-1.0444,1.7161,-142.511,nan,nan,nan,0.238
1777025771940974408,157.298,0,-1.4297,-0.9840,1.7356,-145.460,nan,nan,nan,1.546
1777025772037205196,157.394,0,-1.4960,-0.9242,1.7584,-148.294,nan,nan,nan,2.232
1777025772141179959,157.498,0,-1.5625,-0.8561,1.7817,-151.281,nan,nan,nan,1.353
1777025772237748135,157.595,0,-1.6229,-0.7891,1.8046,-154.071,nan,nan,nan,2.146
1777025772338952444,157.696,0,-1.6825,-0.7223,1.8310,-156.766,nan,nan,nan,0.822
1777025772439005664,157.796,0,-1.7398,-0.6529,1.8583,-159.431,nan,nan,nan,1.681
1777025772539652197,157.897,0,-1.7937,-0.5790,1.8848,-162.110,nan,nan,nan,0.910
1777025772639510011,157.997,0,-1.8455,-0.5035,1.9130,-164.739,nan,nan,nan,0.771
1777025772735625595,158.093,0,-1.8930,-0.4239,1.9398,-167.378,nan,nan,nan,2.608
1777025772831192922,158.188,0,-1.9396,-0.3335,1.9681,-170.243,nan,nan,nan,1.149
1777025772935463795,158.293,0,-1.9822,-0.2365,1.9962,-173.195,nan,nan,nan,3.201
1777025773037237251,158.394,0,-2.0253,-0.1310,2.0296,-176.299,nan,nan,nan,3.556
1777025773135914512,158.493,0,-2.0550,-0.0434,2.0555,-178.790,nan,nan,nan,3.404
1777025773238830631,158.596,0,-2.0859,0.0643,2.0869,178.235,nan,nan,nan,1.551
1777025773331456726,158.689,0,-2.1056,0.1602,2.1117,175.648,nan,nan,nan,2.682
1777025773432349203,158.790,0,-2.1216,0.2605,2.1375,173.000,nan,nan,nan,0.016
1777025773530986168,158.888,0,-2.1265,0.3856,2.1611,169.722,nan,nan,nan,1.840
1777025773632905994,158.990,0,-2.1239,0.5175,2.1861,166.306,nan,nan,nan,0.113
1777025773732074087,159.089,0,-2.1177,0.6254,2.2081,163.548,nan,nan,nan,0.724
1777025773841168982,159.198,0,-2.1039,0.7458,2.2322,160.481,nan,nan,nan,0.022
1777025773942177607,159.299,0,-2.0778,0.8704,2.2528,157.272,nan,nan,nan,0.235
1777025774042759918,159.400,0,-2.0473,0.9827,2.2709,154.358,nan,nan,nan,0.930
1777025774140289442,159.497,0,-2.0043,1.1025,2.2875,151.185,nan,nan,nan,1.635
1777025774241010475,159.598,0,-1.9609,1.2091,2.3038,148.341,nan,nan,nan,1.196
1777025774340718233,159.698,0,-1.9087,1.3151,2.3179,145.432,nan,nan,nan,1.142
1777025774442066171,159.799,0,-1.8493,1.4177,2.3302,142.527,nan,nan,nan,0.674
1777025774540071879,159.897,0,-1.7861,1.5146,2.3419,139.703,nan,nan,nan,3.323
1777025774641524243,159.999,0,-1.7039,1.6200,2.3511,136.446,nan,nan,nan,0.593
1777025774740897984,160.098,0,-1.6238,1.7115,2.3592,133.494,nan,nan,nan,1.938
1777025774843070309,160.200,0,-1.5404,1.7985,2.3679,130.580,nan,nan,nan,1.175
1777025774942445383,160.300,0,-1.4431,1.8867,2.3753,127.412,nan,nan,nan,0.266
1777025775045224168,160.402,0,-1.3462,1.9651,2.3820,124.412,nan,nan,nan,1.400
1777025775143926485,160.501,0,-1.2302,2.0437,2.3854,121.045,nan,nan,nan,1.193
1777025775246660160,160.604,0,-1.1442,2.1003,2.3917,118.580,nan,nan,nan,2.927
1777025775343789834,160.701,0,-1.0274,2.1640,2.3955,115.396,nan,nan,nan,0.707
1777025775444963495,160.802,0,-0.9122,2.2194,2.3996,112.342,nan,nan,nan,2.184
1777025775548750999,160.906,0,-0.7895,2.2707,2.4040,109.171,nan,nan,nan,0.937
1777025775645404415,161.003,0,-0.6845,2.3077,2.4071,106.521,nan,nan,nan,0.545
1777025775746386262,161.104,0,-0.5694,2.3415,2.4097,103.667,nan,nan,nan,3.020
1777025775844234767,161.201,0,-0.4571,2.3697,2.4134,100.917,nan,nan,nan,1.130
1777025775942048717,161.299,0,-0.3354,2.3920,2.4154,97.981,nan,nan,nan,2.361
1777025776042648490,161.400,0,-0.2176,2.4062,2.4161,95.167,nan,nan,nan,3.164
1777025776141859639,161.499,0,-0.1010,2.4142,2.4163,92.395,nan,nan,nan,4.031
1777025776241555360,161.599,0,0.0194,2.4169,2.4170,89.541,nan,nan,nan,6.657
1777025776341027786,161.698,0,0.1326,2.4143,2.4179,86.856,-9017.30,1393.00,1504.78,3.181
1777025776442533835,161.800,0,0.2626,2.4027,2.4170,83.763,-4370.47,703.47,759.92,4.464
1777025776541367837,161.899,0,0.3866,2.3825,2.4136,80.783,-2837.31,477.77,516.11,3.620
1777025776640696059,161.998,0,0.4828,2.3624,2.4113,78.449,-2185.85,382.55,413.25,3.032
1777025776742052146,162.099,0,0.6179,2.3262,2.4068,75.125,-1607.17,298.95,322.94,2.513
1777025776845027542,162.202,0,0.7199,2.2900,2.4005,72.548,-1307.53,256.57,277.16,0.338
1777025776941163200,162.298,0,0.8234,2.2469,2.3930,69.874,-1075.53,224.33,242.33,2.816
1777025777041321327,162.398,0,0.9332,2.1931,2.3834,66.949,-881.23,197.93,213.81,3.950
1777025777141555287,162.499,0,1.0483,2.1268,2.3711,63.762,-716.44,176.20,190.34,3.247
1777025777239993050,162.597,0,1.1377,2.0679,2.3602,61.180,-607.99,162.35,175.37,3.522
1777025777341015433,162.698,0,1.2555,1.9819,2.3461,57.645,-485.35,147.12,158.92,3.775
1777025777440864858,162.798,0,1.3485,1.9016,2.3312,54.659,-399.01,136.98,147.97,3.659
1777025777539574397,162.897,0,1.4221,1.8246,2.3134,52.066,-333.73,129.88,140.30,2.264
1777025777640940650,162.998,0,1.5097,1.7280,2.2946,48.858,-262.74,122.35,132.17,3.692
1777025777740538353,163.098,0,1.5807,1.6341,2.2735,45.951,-205.86,116.85,126.23,3.118
1777025777841214127,163.198,0,1.6405,1.5405,2.2504,43.199,-157.25,112.59,121.63,4.292
1777025777942190992,163.299,0,1.6887,1.4479,2.2245,40.609,-115.35,109.38,118.15,3.665
1777025778042039880,163.399,0,1.7289,1.3601,2.1998,38.192,-79.10,106.84,115.41,4.188
1777025778142113322,163.499,0,1.7719,1.2590,2.1736,35.395,-40.01,104.24,112.61,4.411
1777025778241981357,163.599,0,1.7995,1.1753,2.1493,33.150,-10.57,102.65,110.88,4.096
1777025778341139266,163.698,1,1.8097,1.1052,2.1205,31.414,11.19,102.07,110.26,3.603
1777025778442740555,163.800,1,1.8136,1.0349,2.0881,29.711,31.76,101.85,110.02,3.531
1777025778541383576,163.899,1,1.8112,0.9988,2.0683,28.876,41.59,101.98,110.17,1.929
1777025778642775829,164.000,1,1.8248,0.9233,2.0451,26.839,64.93,101.22,109.34,3.425
1777025778741238276,164.098,1,1.8263,0.8546,2.0163,25.076,84.46,101.14,109.26,2.852
1777025778843379564,164.201,1,1.8203,0.7821,1.9812,23.250,104.11,101.47,109.61,3.054
1777025778944605947,164.302,1,1.8159,0.7461,1.9632,22.337,113.73,101.72,109.88,1.970
1777025779043210190,164.400,1,1.8024,0.7359,1.9469,22.209,115.07,102.48,110.70,4.326
1777025779143914778,164.501,1,1.7877,0.7090,1.9232,21.633,121.06,103.32,111.61,3.121
1777025779244638996,164.602,1,1.7797,0.6803,1.9053,20.921,128.40,103.79,112.12,2.829
1777025779344677976,164.702,1,1.7700,0.6525,1.8864,20.236,135.41,104.36,112.73,3.331
1777025779443049738,164.800,1,1.7573,0.6409,1.8705,20.038,137.42,105.11,113.55,4.337
1777025779544240992,164.901,1,1.7416,0.6305,1.8522,19.900,138.81,106.06,114.57,3.693
1777025779643343937,165.001,1,1.7276,0.6250,1.8372,19.889,138.93,106.91,115.49,3.508
1777025779743537972,165.101,1,1.7115,0.6194,1.8201,19.895,138.86,107.92,116.59,2.860
1777025779844904391,165.202,1,1.6830,0.6091,1.7898,19.894,138.87,109.75,118.56,2.881
1777025779945157074,165.302,1,1.6541,0.5937,1.7574,19.743,140.40,111.67,120.63,3.055
1777025780043860724,165.401,1,1.6246,0.5752,1.7234,19.497,142.89,113.69,122.82,4.029
1777025780145022107,165.502,1,1.6031,0.5482,1.6942,18.880,149.08,115.22,124.47,4.523
1777025780243738591,165.601,1,1.5852,0.5218,1.6689,18.219,155.66,116.52,125.87,4.193
1777025780344665160,165.702,1,1.5673,0.4971,1.6443,17.599,161.81,117.85,127.31,2.033
1777025780442671905,165.800,1,1.5495,0.4731,1.6201,16.979,167.89,119.20,128.77,2.396
1777025780546530725,165.904,1,1.5302,0.4464,1.5940,16.265,174.86,120.71,130.40,1.775
1777025780643440732,166.001,1,1.5134,0.4239,1.5717,15.649,180.82,122.05,131.84,3.092
1777025780743088176,166.100,1,1.4956,0.3994,1.5480,14.952,187.53,123.50,133.41,2.100
1777025780845765555,166.203,1,1.4752,0.3728,1.5216,14.182,194.89,125.21,135.25,2.762
1777025780943740281,166.301,1,1.4587,0.3501,1.5001,13.497,201.40,126.62,136.79,3.601
1777025781043874316,166.401,1,1.4399,0.3245,1.4761,12.701,208.91,128.27,138.57,3.061
1777025781144381053,166.502,1,1.4219,0.3010,1.4534,11.952,215.94,129.91,140.33,4.309
1777025781243523369,166.601,1,1.4041,0.2771,1.4312,11.164,223.29,131.55,142.11,3.358
1777025781346101599,166.703,1,1.3836,0.2505,1.4061,10.261,231.67,133.50,144.21,3.128
1777025781443768364,166.801,1,1.3672,0.2287,1.3862,9.498,238.71,135.10,145.94,2.731
1777025781544417786,166.902,1,1.3489,0.2042,1.3643,8.609,246.87,136.93,147.92,2.448
1777025781644380543,167.002,1,1.3304,0.1792,1.3424,7.670,255.45,138.84,149.98,1.964
1777025781744277653,167.101,1,1.3117,0.1556,1.3209,6.763,263.70,140.81,152.11,3.845
1777025781846293200,167.203,1,1.2912,0.1292,1.2976,5.714,273.21,143.06,154.54,4.362
1777025781944149372,167.301,1,1.2745,0.1078,1.2790,4.833,281.17,144.93,156.56,3.363
1777025782043883556,167.401,1,1.2557,0.0842,1.2585,3.838,290.12,147.09,158.90,1.988
1777025782244594827,167.602,1,1.2170,0.0360,1.2176,1.695,309.36,151.77,163.95,1.332
1777025782345806822,167.703,1,1.1979,0.0126,1.1980,0.602,319.16,154.19,166.57,3.444
1777025782445627450,167.803,1,1.1793,-0.0104,1.1793,-0.506,329.08,156.63,169.20,3.583
1777025782545276060,167.902,1,1.1598,-0.0345,1.1603,-1.706,339.83,159.26,172.04,3.424
1777025782646220222,168.003,1,1.1402,-0.0582,1.1417,-2.922,350.74,161.99,174.99,3.852
1777025782742585732,168.100,1,1.1210,-0.0816,1.1239,-4.165,361.91,164.78,178.00,0.736
1777025782845443609,168.203,1,1.1025,-0.1048,1.1075,-5.431,373.33,167.53,180.98,2.472
1777025782943436595,168.301,1,1.0834,-0.1283,1.0909,-6.753,385.30,170.49,184.18,1.666
1777025783045924900,168.403,1,1.0651,-0.1512,1.0758,-8.077,397.36,173.41,187.33,3.385
1777025783144527125,168.502,1,1.0456,-0.1750,1.0601,-9.501,410.42,176.66,190.84,1.931
1777025783245928822,168.603,1,1.0264,-0.1983,1.0454,-10.935,423.68,179.96,194.40,2.802
1777025783343643605,168.701,1,1.0070,-0.2210,1.0310,-12.376,437.13,183.42,198.13,1.134
1777025783443681659,168.801,1,0.9880,-0.2445,1.0178,-13.900,451.53,186.96,201.96,0.594
1777025783545043912,168.902,1,0.9696,-0.2642,1.0050,-15.243,464.36,190.49,205.78,1.616
1777025783643219916,169.000,1,0.9529,-0.2819,0.9937,-16.479,476.33,193.84,209.39,2.819
1777025783743190858,169.100,1,0.9359,-0.2961,0.9816,-17.556,486.87,197.37,213.20,4.829
1777025783845816052,169.203,1,0.9160,-0.3098,0.9669,-18.690,498.11,201.66,217.84,0.387
1777025783941638693,169.299,1,0.8968,-0.3202,0.9522,-19.652,507.77,205.97,222.50,6.548
1777025784045495401,169.403,1,0.8761,-0.3304,0.9363,-20.665,518.06,210.83,227.75,0.757
1777025784143325665,169.500,1,0.8529,-0.3401,0.9182,-21.737,529.11,216.55,233.93,1.577
1777025784243134016,169.600,1,0.8290,-0.3487,0.8993,-22.811,540.34,222.81,240.69,4.171
1777025784344072289,169.701,1,0.8053,-0.3559,0.8804,-23.840,551.28,229.37,247.77,0.187
1777025784444783303,169.802,1,0.7804,-0.3611,0.8599,-24.830,561.95,236.69,255.68,1.222
1777025784543825785,169.901,1,0.7563,-0.3656,0.8400,-25.802,572.60,244.24,263.84,0.371
1777025784644105486,170.001,1,0.7336,-0.3687,0.8210,-26.685,582.43,251.80,272.00,0.185
1777025784742360231,170.100,1,0.7058,-0.3706,0.7972,-27.706,593.99,261.72,282.72,3.221
1777025784842239229,170.199,1,0.6814,-0.3711,0.7759,-28.572,603.96,271.07,292.82,2.300
1777025784943790093,170.301,1,0.6607,-0.3701,0.7572,-29.255,611.95,279.59,302.02,0.321
1777025785042173948,170.399,1,0.6404,-0.3687,0.7390,-29.928,619.92,288.41,311.55,1.952
1777025785143050665,170.500,1,0.6104,-0.3666,0.7120,-30.987,632.67,302.62,326.90,1.545
1777025785242047592,170.599,0,0.5734,-0.3630,0.6787,-32.337,649.36,322.12,347.97,2.530
1777025785346190114,170.703,0,0.5445,-0.3597,0.6526,-33.450,663.51,339.21,366.43,1.281
1777025785442249384,170.799,0,0.5148,-0.3581,0.6271,-34.821,681.43,358.79,387.58,2.724
1777025785544959763,170.902,0,0.4925,-0.3586,0.6092,-36.060,698.14,375.04,405.14,0.241
1777025785642047751,170.999,0,0.4678,-0.3569,0.5884,-37.343,716.01,394.87,426.55,2.825
1777025785743915392,171.101,0,0.4321,-0.3524,0.5575,-39.198,742.97,427.50,461.81,1.903
1777025785846741158,171.204,0,0.4003,-0.3501,0.5318,-41.168,773.21,461.39,498.41,1.444
1777025785941173637,171.298,0,0.3721,-0.3482,0.5096,-43.097,804.63,496.34,536.17,3.872
1777025786041130858,171.398,0,0.3432,-0.3467,0.4878,-45.295,842.93,538.26,581.46,3.979
1777025786140810116,171.498,0,0.3228,-0.3469,0.4739,-47.065,876.01,572.24,618.16,3.965
1777025786244812694,171.602,0,0.2993,-0.3474,0.4585,-49.257,920.16,617.19,666.72,1.023
1777025786344171435,171.701,0,0.2861,-0.3490,0.4513,-50.651,950.32,645.54,697.34,1.553
1777025786441991866,171.799,0,0.2760,-0.3528,0.4479,-51.963,980.38,669.23,722.93,3.655
1777025786543272471,171.900,0,0.2755,-0.3563,0.4503,-52.290,988.16,670.55,724.36,2.457
1777025786643277024,172.000,0,0.2797,-0.3579,0.4542,-51.989,981.01,660.32,713.31,3.146
1777025786742249192,172.099,0,0.2840,-0.3595,0.4581,-51.693,974.05,650.45,702.65,4.244
1777025786841827136,172.199,0,0.2816,-0.3657,0.4615,-52.406,990.94,656.00,708.64,3.538
1777025786941580542,172.299,0,0.2744,-0.3808,0.4694,-54.219,1036.45,673.02,727.03,2.719
1777025787043265331,172.400,0,0.2599,-0.3991,0.4762,-56.928,1112.44,710.79,767.82,3.877
1777025787142522906,172.500,0,0.2333,-0.4255,0.4852,-61.266,1260.41,791.85,855.39,3.601
1777025787244167454,172.601,0,0.2083,-0.4546,0.5001,-65.383,1444.36,886.69,957.85,2.667
1777025787342260514,172.699,0,0.1849,-0.4874,0.5213,-69.227,1677.18,999.01,1079.17,4.102
1777025787443333842,172.800,0,0.1677,-0.5161,0.5426,-72.002,1903.83,1101.63,1190.03,3.671
1777025787543572932,172.901,0,0.1550,-0.5441,0.5657,-74.096,2125.23,1191.44,1287.05,3.497
1777025787644187576,173.001,0,0.1299,-0.5796,0.5940,-77.369,2614.19,1422.16,1536.29,3.302
1777025787743844242,173.101,0,0.0873,-0.6093,0.6156,-81.843,3903.98,2114.77,2284.47,2.620
1777025787844725867,173.202,0,0.0280,-0.6433,0.6439,-87.507,nan,nan,nan,2.816
1777025787943374443,173.301,0,-0.0117,-0.6647,0.6648,-91.011,nan,nan,nan,3.745
1777025788044200124,173.401,0,-0.0470,-0.6844,0.6860,-93.929,nan,nan,nan,3.784
1777025788145747969,173.503,0,-0.0783,-0.6968,0.7012,-96.412,nan,nan,nan,2.361
1777025788244394064,173.602,0,-0.1079,-0.7031,0.7113,-98.723,nan,nan,nan,3.116
1777025788343628676,173.701,0,-0.1290,-0.7038,0.7155,-100.387,nan,nan,nan,0.875
1777025788443806932,173.801,0,-0.1546,-0.7038,0.7205,-102.391,nan,nan,nan,4.148
1777025788543358210,173.901,0,-0.1735,-0.7030,0.7241,-103.866,nan,nan,nan,4.147
1777025788643625485,174.001,0,-0.1968,-0.7028,0.7298,-105.644,nan,nan,nan,2.919
1777025788742493449,174.100,0,-0.2169,-0.7033,0.7360,-107.143,nan,nan,nan,2.595
1777025788843631870,174.201,0,-0.2367,-0.7013,0.7402,-108.651,nan,nan,nan,2.241
1777025788945971082,174.303,0,-0.2525,-0.7023,0.7463,-109.776,nan,nan,nan,2.484
1777025789044140568,174.401,0,-0.2699,-0.7043,0.7542,-110.971,nan,nan,nan,1.797
1777025789142591941,174.500,0,-0.2780,-0.7023,0.7553,-111.599,nan,nan,nan,1.544
1777025789244614692,174.602,0,-0.2836,-0.7045,0.7595,-111.926,nan,nan,nan,3.028
1777025789343931303,174.701,0,-0.2856,-0.7082,0.7636,-111.963,nan,nan,nan,2.586
1777025789444055431,174.801,0,-0.2793,-0.7100,0.7629,-111.473,nan,nan,nan,2.785
1777025789545189203,174.902,0,-0.2759,-0.7024,0.7546,-111.447,nan,nan,nan,3.167
1777025789643793224,175.001,0,-0.2727,-0.6916,0.7435,-111.522,nan,nan,nan,1.771
1777025789741829191,175.099,0,-0.2639,-0.6815,0.7308,-111.166,nan,nan,nan,0.297
1777025789844242645,175.201,0,-0.2556,-0.6609,0.7086,-111.140,nan,nan,nan,3.438
1777025789942753814,175.300,0,-0.2491,-0.6417,0.6883,-111.219,nan,nan,nan,0.730
1777025790042252036,175.399,0,-0.2417,-0.6230,0.6683,-111.203,nan,nan,nan,0.726
1777025790142128071,175.499,0,-0.2357,-0.6014,0.6459,-111.403,nan,nan,nan,5.013
1777025790243137714,175.600,0,-0.2317,-0.5799,0.6245,-111.776,nan,nan,nan,1.416
1777025790341812809,175.699,0,-0.2306,-0.5652,0.6104,-112.193,nan,nan,nan,0.111
1777025790442648860,175.800,0,-0.2321,-0.5589,0.6052,-112.554,nan,nan,nan,0.596
1777025790544190946,175.901,0,-0.2327,-0.5463,0.5938,-113.072,nan,nan,nan,1.476
1777025790643536946,176.001,0,-0.2292,-0.5384,0.5852,-113.055,nan,nan,nan,1.535
1777025790739793864,176.097,0,-0.2269,-0.5354,0.5815,-112.970,nan,nan,nan,2.981
1777025790842848796,176.200,0,-0.2275,-0.5294,0.5763,-113.253,nan,nan,nan,0.584
1777025790941266003,176.298,0,-0.2272,-0.5237,0.5708,-113.459,nan,nan,nan,1.128
1777025791042800033,176.400,0,-0.2296,-0.5131,0.5621,-114.109,nan,nan,nan,0.354
1777025791141866386,176.499,0,-0.2242,-0.5129,0.5598,-113.613,nan,nan,nan,1.071
1777025791244899653,176.602,0,-0.2258,-0.5074,0.5554,-113.993,nan,nan,nan,2.915
1777025791341874845,176.699,0,-0.2501,-0.5039,0.5626,-116.398,nan,nan,nan,0.261
1777025791443413616,176.801,0,-0.2937,-0.4959,0.5764,-120.632,nan,nan,nan,1.016
1777025791541480287,176.899,0,-0.3244,-0.4755,0.5756,-124.306,nan,nan,nan,1.378
1777025791642224838,176.999,0,-0.3606,-0.4574,0.5825,-128.253,nan,nan,nan,0.594
1777025791741550339,177.099,0,-0.3954,-0.4421,0.5931,-131.809,nan,nan,nan,1.301
1777025791842144039,177.199,0,-0.4302,-0.4256,0.6052,-135.310,nan,nan,nan,0.927
1777025791942450350,177.300,0,-0.4657,-0.4058,0.6177,-138.929,nan,nan,nan,0.929
1777025792043827715,177.401,0,-0.5048,-0.3743,0.6284,-143.439,nan,nan,nan,0.393
1777025792143460269,177.501,0,-0.5385,-0.3312,0.6322,-148.412,nan,nan,nan,0.084
1777025792241122312,177.598,0,-0.5692,-0.2952,0.6412,-152.591,nan,nan,nan,2.777
1777025792341687012,177.699,0,-0.5970,-0.2601,0.6512,-156.456,nan,nan,nan,1.681
1777025792442099972,177.799,0,-0.6204,-0.2219,0.6589,-160.318,nan,nan,nan,1.473
1777025792541864581,177.899,0,-0.6408,-0.1853,0.6670,-163.872,nan,nan,nan,2.613
1777025792643573241,178.001,0,-0.6566,-0.1537,0.6743,-166.827,nan,nan,nan,1.223
1777025792742364520,178.100,0,-0.6725,-0.1401,0.6869,-168.234,nan,nan,nan,3.780
1777025792841090541,178.198,0,-0.6848,-0.1253,0.6962,-169.629,nan,nan,nan,3.710
1777025792943354810,178.301,0,-0.6872,-0.1029,0.6949,-171.481,nan,nan,nan,0.844
1777025793042942531,178.400,0,-0.7020,-0.0850,0.7071,-173.099,nan,nan,nan,1.884
1777025793141702700,178.499,0,-0.7104,-0.0676,0.7136,-174.564,nan,nan,nan,2.399
1777025793241051978,178.598,0,-0.7193,-0.0566,0.7215,-175.502,nan,nan,nan,4.350
1777025793342285213,178.699,0,-0.7297,-0.0429,0.7310,-176.637,nan,nan,nan,3.976
1777025793441715713,178.799,0,-0.7417,-0.0299,0.7423,-177.693,nan,nan,nan,3.315
1777025793542347227,178.900,0,-0.7514,-0.0186,0.7516,-178.580,nan,nan,nan,5.454
1777025793642472355,179.000,0,-0.7579,-0.0123,0.7580,-179.072,nan,nan,nan,2.566
1777025793740889617,179.098,0,-0.7653,-0.0256,0.7657,-178.080,nan,nan,nan,4.161
1777025793843704162,179.201,0,-0.7668,-0.0536,0.7687,-175.998,nan,nan,nan,1.524
1777025793940964002,179.298,0,-0.7675,-0.0792,0.7716,-174.107,nan,nan,nan,3.923
1777025794040894759,179.398,0,-0.7675,-0.1053,0.7747,-172.189,nan,nan,nan,4.165
1777025794141529311,179.499,0,-0.7684,-0.1397,0.7809,-169.695,nan,nan,nan,4.131
1777025794241805697,179.599,0,-0.7669,-0.1655,0.7845,-167.821,nan,nan,nan,3.267
1777025794343640097,179.701,0,-0.7652,-0.1842,0.7871,-166.463,nan,nan,nan,2.270
1777025794441295343,179.798,0,-0.7645,-0.2028,0.7909,-165.144,nan,nan,nan,3.935
1777025794542849466,179.900,0,-0.7625,-0.2228,0.7943,-163.711,nan,nan,nan,2.854
1777025794642081040,179.999,0,-0.7589,-0.2392,0.7957,-162.504,nan,nan,nan,4.560
1777025794741515170,180.099,0,-0.7569,-0.2562,0.7991,-161.301,nan,nan,nan,4.529
1777025794841363150,180.199,0,-0.7538,-0.2726,0.8015,-160.119,nan,nan,nan,3.546
1777025794941573406,180.299,0,-0.7494,-0.2914,0.8041,-158.751,nan,nan,nan,3.780
1777025795042788364,180.400,0,-0.7432,-0.3136,0.8067,-157.124,nan,nan,nan,3.351
1777025795142635973,180.500,0,-0.7403,-0.3330,0.8117,-155.781,nan,nan,nan,3.890
1777025795241929159,180.599,0,-0.7333,-0.3560,0.8152,-154.103,nan,nan,nan,3.744
1777025795342138415,180.699,0,-0.7252,-0.3750,0.8164,-152.659,nan,nan,nan,4.259
1777025795443009466,180.800,0,-0.7161,-0.3980,0.8192,-150.933,nan,nan,nan,4.008
1777025795544388349,180.902,0,-0.7045,-0.4168,0.8186,-149.387,nan,nan,nan,3.191
1777025795643799867,181.001,0,-0.6904,-0.4325,0.8146,-147.935,nan,nan,nan,3.222
1777025795741596946,181.099,0,-0.6802,-0.4425,0.8114,-146.951,nan,nan,nan,2.893
1777025795842978681,181.200,0,-0.6687,-0.4536,0.8080,-145.848,nan,nan,nan,4.138
1777025795941327166,181.298,0,-0.6633,-0.4571,0.8056,-145.427,nan,nan,nan,2.867
1777025796040545481,181.398,0,-0.6583,-0.4517,0.7984,-145.544,nan,nan,nan,1.957
1777025796142790453,181.500,0,-0.6596,-0.4350,0.7901,-146.598,nan,nan,nan,3.882
1777025796244431576,181.602,0,-0.6579,-0.4321,0.7872,-146.702,nan,nan,nan,2.940
1777025796341703471,181.699,0,-0.6563,-0.4282,0.7836,-146.875,nan,nan,nan,2.134
1777025796444063666,181.801,0,-0.6557,-0.4207,0.7790,-147.314,nan,nan,nan,3.328
1777025796541901208,181.899,0,-0.6580,-0.4160,0.7784,-147.698,nan,nan,nan,2.661
1777025796641093560,181.998,0,-0.6571,-0.4055,0.7722,-148.321,nan,nan,nan,1.919
1777025796742039222,182.099,0,-0.6525,-0.4028,0.7668,-148.311,nan,nan,nan,2.747
1777025796842994754,182.200,0,-0.6490,-0.3958,0.7602,-148.622,nan,nan,nan,3.278
1777025796943569917,182.301,0,-0.6465,-0.3883,0.7542,-149.011,nan,nan,nan,3.593
1777025797044220228,182.401,0,-0.6440,-0.3807,0.7481,-149.413,nan,nan,nan,2.665
1777025797142278380,182.499,0,-0.6412,-0.3765,0.7436,-149.575,nan,nan,nan,1.502
1777025797244095613,182.601,0,-0.6384,-0.3699,0.7378,-149.913,nan,nan,nan,3.203
1777025797343147503,182.700,0,-0.6347,-0.3652,0.7323,-150.085,nan,nan,nan,1.773
1777025797445159847,182.802,0,-0.6315,-0.3622,0.7280,-150.163,nan,nan,nan,0.744
1777025797542991518,182.900,0,-0.6269,-0.3581,0.7220,-150.265,nan,nan,nan,0.062
1777025797643469644,183.001,0,-0.6197,-0.3558,0.7146,-150.137,nan,nan,nan,1.563
1777025797742887033,183.100,0,-0.6140,-0.3667,0.7152,-149.150,nan,nan,nan,1.029
1777025797842843902,183.200,0,-0.6045,-0.3841,0.7162,-147.567,nan,nan,nan,0.155
1777025797945507114,183.303,0,-0.5952,-0.3970,0.7155,-146.298,nan,nan,nan,3.310
1777025798042349863,183.400,0,-0.5863,-0.4061,0.7132,-145.290,nan,nan,nan,1.468
1777025798142660045,183.500,0,-0.5801,-0.4177,0.7148,-144.240,nan,nan,nan,1.911
1777025798242185859,183.599,0,-0.5701,-0.4310,0.7146,-142.911,nan,nan,nan,1.229
1777025798342616782,183.700,0,-0.5587,-0.4442,0.7137,-141.516,nan,nan,nan,1.787
1777025798443930942,183.801,0,-0.5499,-0.4554,0.7140,-140.371,nan,nan,nan,2.682
1777025798543850441,183.901,0,-0.5388,-0.4659,0.7122,-139.150,nan,nan,nan,2.586
1777025798645159416,184.002,0,-0.5247,-0.4788,0.7103,-137.617,nan,nan,nan,3.145
1777025798742343886,184.100,0,-0.5110,-0.4878,0.7065,-136.334,nan,nan,nan,0.984
1777025798841985237,184.199,0,-0.4945,-0.4953,0.6999,-134.956,nan,nan,nan,0.221
1777025798943701007,184.301,0,-0.4806,-0.5028,0.6956,-133.707,nan,nan,nan,2.016
1777025799046514534,184.404,0,-0.4643,-0.5088,0.6888,-132.382,nan,nan,nan,4.042
1777025799142643618,184.500,0,-0.4513,-0.5133,0.6835,-131.325,nan,nan,nan,0.194
1777025799245083720,184.602,0,-0.4356,-0.5175,0.6764,-130.091,nan,nan,nan,2.498
1777025799343097872,184.700,0,-0.4202,-0.5194,0.6681,-128.968,nan,nan,nan,2.028
1777025799442676371,184.800,0,-0.4067,-0.5223,0.6620,-127.909,nan,nan,nan,1.999
1777025799543059479,184.900,0,-0.3944,-0.5208,0.6533,-127.140,nan,nan,nan,1.317
1777025799644588584,185.002,0,-0.3816,-0.5189,0.6442,-126.330,nan,nan,nan,0.288
1777025799745805208,185.103,0,-0.3754,-0.5132,0.6359,-126.181,nan,nan,nan,2.662
1777025799845423614,185.203,0,-0.3650,-0.5101,0.6272,-125.585,nan,nan,nan,1.672
1777025799942375270,185.300,0,-0.3550,-0.5042,0.6166,-125.152,nan,nan,nan,1.423
1777025800044173318,185.401,0,-0.3508,-0.4971,0.6084,-125.214,nan,nan,nan,0.114
1777025800143787262,185.501,0,-0.3466,-0.4894,0.5996,-125.305,nan,nan,nan,1.080
1777025800242345561,185.600,0,-0.3439,-0.4812,0.5914,-125.554,nan,nan,nan,0.605
1777025800343015575,185.700,0,-0.3406,-0.4734,0.5832,-125.730,nan,nan,nan,0.314
1777025800442940888,185.800,0,-0.3391,-0.4666,0.5768,-126.006,nan,nan,nan,1.485
1777025800544362623,185.902,0,-0.3376,-0.4592,0.5700,-126.319,nan,nan,nan,1.319
1777025800643422827,186.001,0,-0.3347,-0.4549,0.5647,-126.341,nan,nan,nan,0.320
1777025800742344903,186.100,0,-0.3354,-0.4458,0.5579,-126.955,nan,nan,nan,1.136
1777025800843850526,186.201,0,-0.3362,-0.4375,0.5518,-127.542,nan,nan,nan,0.119
1777025800945706555,186.303,0,-0.3375,-0.4303,0.5469,-128.101,nan,nan,nan,1.184
1777025801043714726,186.401,0,-0.3397,-0.4225,0.5422,-128.795,nan,nan,nan,0.172
1777025801144303130,186.501,0,-0.3420,-0.4139,0.5369,-129.561,nan,nan,nan,0.354
1777025801242966576,186.600,0,-0.3463,-0.4073,0.5346,-130.377,nan,nan,nan,1.145
1777025801344319570,186.701,0,-0.3507,-0.3987,0.5310,-131.338,nan,nan,nan,0.334
1777025801443142016,186.800,0,-0.3557,-0.3922,0.5295,-132.209,nan,nan,nan,1.152
1777025801548185517,186.905,0,-0.3643,-0.3856,0.5305,-133.374,nan,nan,nan,4.139
1777025801643699344,187.001,0,-0.3740,-0.3776,0.5315,-134.725,nan,nan,nan,2.004
1777025801742043496,187.099,0,-0.3819,-0.3712,0.5325,-135.811,nan,nan,nan,2.945
1777025801843234397,187.200,0,-0.3905,-0.3670,0.5359,-136.776,nan,nan,nan,2.808
1777025801942916100,187.300,0,-0.4001,-0.3633,0.5404,-137.756,nan,nan,nan,2.223
1777025802044710259,187.402,0,-0.4111,-0.3603,0.5466,-138.763,nan,nan,nan,0.303
1777025802144774516,187.502,0,-0.4202,-0.3598,0.5532,-139.426,nan,nan,nan,0.297
1777025802244254035,187.601,0,-0.4379,-0.3563,0.5646,-140.867,nan,nan,nan,0.155
1777025802346314933,187.703,0,-0.4604,-0.3468,0.5764,-143.011,nan,nan,nan,1.797
1777025802442828813,187.800,0,-0.4803,-0.3352,0.5857,-145.089,nan,nan,nan,2.329
1777025802543936604,187.901,0,-0.4984,-0.3209,0.5928,-147.226,nan,nan,nan,1.989
1777025802644171046,188.001,0,-0.5101,-0.2999,0.5918,-149.545,nan,nan,nan,2.110
1777025802742791511,188.100,0,-0.5223,-0.2772,0.5913,-152.047,nan,nan,nan,2.777
1777025802842534214,188.200,0,-0.5371,-0.2607,0.5970,-154.104,nan,nan,nan,2.998
1777025802942606323,188.300,0,-0.5468,-0.2404,0.5973,-156.271,nan,nan,nan,3.581
1777025803043810854,188.401,0,-0.5560,-0.2219,0.5986,-158.240,nan,nan,nan,1.903
1777025803142375634,188.500,0,-0.5638,-0.2038,0.5995,-160.123,nan,nan,nan,3.957
1777025803244803013,188.602,0,-0.5707,-0.1854,0.6001,-162.001,nan,nan,nan,1.260
1777025803345966082,188.703,0,-0.5729,-0.1702,0.5977,-163.452,nan,nan,nan,0.207
1777025803445274249,188.802,0,-0.5780,-0.1521,0.5976,-165.258,nan,nan,nan,7.560
1777025803544343731,188.902,0,-0.5844,-0.1280,0.5983,-167.642,nan,nan,nan,1.329
1777025803643143437,189.000,0,-0.5856,-0.1059,0.5951,-169.745,nan,nan,nan,3.424
1777025803741196256,189.098,0,-0.5850,-0.0814,0.5906,-172.076,nan,nan,nan,2.707
1777025803842728897,189.200,0,-0.5820,-0.0573,0.5848,-174.374,nan,nan,nan,3.811
1777025803941728862,189.299,0,-0.5777,-0.0332,0.5787,-176.712,nan,nan,nan,3.172
1777025804043265503,189.400,0,-0.5717,-0.0082,0.5718,-179.178,nan,nan,nan,3.916
1777025804142944150,189.500,0,-0.5628,0.0131,0.5630,178.671,nan,nan,nan,3.776
1777025804241947651,189.599,0,-0.5538,0.0371,0.5550,176.169,nan,nan,nan,3.760
1777025804343656848,189.701,0,-0.5496,0.0587,0.5527,173.902,nan,nan,nan,4.239
1777025804444358992,189.802,0,-0.5512,0.0728,0.5560,172.475,nan,nan,nan,2.724
1777025804541916516,189.899,0,-0.5500,0.0908,0.5574,170.622,nan,nan,nan,2.680
1777025804642996288,190.000,0,-0.5520,0.1060,0.5621,169.126,nan,nan,nan,3.021
1777025804741877123,190.099,0,-0.5564,0.1201,0.5693,167.818,nan,nan,nan,0.733
1777025804842295805,190.199,0,-0.5576,0.1324,0.5731,166.645,nan,nan,nan,3.096
1777025804943860910,190.301,0,-0.5577,0.1454,0.5763,165.390,nan,nan,nan,3.545
1777025805042409357,190.400,0,-0.5592,0.1554,0.5804,164.470,nan,nan,nan,3.091
1777025805142556521,190.500,0,-0.5606,0.1609,0.5832,163.987,nan,nan,nan,3.060
1777025805241667874,190.599,0,-0.5632,0.1674,0.5876,163.446,nan,nan,nan,2.091
1777025805343581551,190.701,0,-0.5645,0.1730,0.5904,162.964,nan,nan,nan,2.474
1777025805441605166,190.799,0,-0.5688,0.1715,0.5941,163.221,nan,nan,nan,1.752
1777025805540834537,190.898,0,-0.5718,0.1642,0.5949,163.978,nan,nan,nan,0.491
1777025805641587088,190.999,0,-0.5722,0.1614,0.5945,164.249,nan,nan,nan,1.834
1777025805741642605,191.099,0,-0.5736,0.1559,0.5944,164.796,nan,nan,nan,1.494
1777025805843991540,191.201,0,-0.5755,0.1487,0.5944,165.516,nan,nan,nan,3.089
1777025805941822619,191.299,0,-0.5784,0.1387,0.5948,166.515,nan,nan,nan,2.234
1777025806041317619,191.398,0,-0.5818,0.1317,0.5965,167.242,nan,nan,nan,0.894
1777025806144914031,191.502,0,-0.5836,0.1221,0.5963,168.179,nan,nan,nan,3.922
1777025806242267297,191.599,0,-0.5858,0.1140,0.5968,168.987,nan,nan,nan,0.953
1777025806341791648,191.699,0,-0.5863,0.1048,0.5956,169.867,nan,nan,nan,0.194
1777025806441611980,191.799,0,-0.5856,0.0923,0.5929,171.042,nan,nan,nan,0.444
1777025806540443001,191.898,0,-0.5874,0.0824,0.5931,172.010,nan,nan,nan,0.672
1777025806641232792,191.998,0,-0.5880,0.0711,0.5923,173.108,nan,nan,nan,0.331
1777025806740881884,192.098,0,-0.5857,0.0619,0.5890,173.970,nan,nan,nan,1.146
1777025806840778938,192.198,0,-0.5786,0.0546,0.5811,174.609,nan,nan,nan,0.688
1777025806942622949,192.300,0,-0.5694,0.0457,0.5712,175.413,nan,nan,nan,1.190
1777025807042546799,192.400,0,-0.5606,0.0368,0.5618,176.248,nan,nan,nan,1.321
1777025807144346828,192.502,0,-0.5525,0.0268,0.5532,177.218,nan,nan,nan,2.477
1777025807243699940,192.601,0,-0.5421,0.0184,0.5424,178.054,nan,nan,nan,0.729
1777025807341818333,192.699,0,-0.5331,0.0079,0.5332,179.151,nan,nan,nan,0.939
1777025807442307440,192.799,0,-0.5248,-0.0035,0.5248,-179.618,nan,nan,nan,0.284
1777025807540934609,192.898,0,-0.5146,-0.0275,0.5153,-176.943,nan,nan,nan,1.450
1777025807647183754,193.004,0,-0.5038,-0.0494,0.5063,-174.396,nan,nan,nan,4.980
1777025807742454119,193.100,0,-0.4940,-0.0690,0.4988,-172.044,nan,nan,nan,0.085
1777025807842006896,193.199,0,-0.4847,-0.0901,0.4930,-169.473,nan,nan,nan,2.933
1777025807940893620,193.298,0,-0.4736,-0.1091,0.4860,-167.029,nan,nan,nan,1.305
1777025808042681650,193.400,0,-0.4626,-0.1276,0.4799,-164.579,nan,nan,nan,0.372
1777025808142095761,193.499,0,-0.4501,-0.1481,0.4739,-161.792,nan,nan,nan,0.080
1777025808241975815,193.599,0,-0.4382,-0.1753,0.4719,-158.198,nan,nan,nan,1.338
1777025808342213201,193.699,0,-0.4242,-0.1985,0.4684,-154.919,nan,nan,nan,0.834
1777025808441933663,193.799,0,-0.4107,-0.2185,0.4653,-151.986,nan,nan,nan,0.956
1777025808541449033,193.899,0,-0.3952,-0.2359,0.4602,-149.159,nan,nan,nan,1.116
1777025808643655394,194.001,0,-0.3806,-0.2529,0.4570,-146.402,nan,nan,nan,0.131
1777025808741265733,194.098,0,-0.3660,-0.2680,0.4536,-143.787,nan,nan,nan,2.965
1777025808842733708,194.200,0,-0.3613,-0.2814,0.4579,-142.086,nan,nan,nan,1.719
1777025808943956813,194.301,0,-0.3536,-0.2900,0.4573,-140.638,nan,nan,nan,0.179
1777025809046451452,194.404,0,-0.3539,-0.2978,0.4626,-139.921,nan,nan,nan,2.180
1777025809144079939,194.501,0,-0.3613,-0.3085,0.4751,-139.504,nan,nan,nan,4.211
1777025809242526923,194.600,0,-0.3706,-0.3199,0.4896,-139.201,nan,nan,nan,1.986
1777025809344249157,194.701,0,-0.3735,-0.3296,0.4981,-138.571,nan,nan,nan,0.690
1777025809442229087,194.799,0,-0.3757,-0.3386,0.5057,-137.974,nan,nan,nan,1.988
1777025809543032860,194.900,0,-0.3824,-0.3474,0.5167,-137.749,nan,nan,nan,1.595
1777025809644595353,195.002,0,-0.3885,-0.3570,0.5276,-137.418,nan,nan,nan,0.881
1777025809740578809,195.098,0,-0.3917,-0.3550,0.5286,-137.817,nan,nan,nan,3.863
1777025809841830229,195.199,0,-0.3952,-0.3472,0.5260,-138.701,nan,nan,nan,5.104
1777025809942036485,195.299,0,-0.3988,-0.3419,0.5253,-139.388,nan,nan,nan,2.222
1777025810042868036,195.400,0,-0.4046,-0.3367,0.5264,-140.235,nan,nan,nan,1.957
1777025810143056238,195.500,0,-0.4044,-0.3303,0.5222,-140.755,nan,nan,nan,1.973
1777025810243889751,195.601,0,-0.4073,-0.3218,0.5191,-141.684,nan,nan,nan,1.352
1777025810341639831,195.699,0,-0.4125,-0.3201,0.5221,-142.189,nan,nan,nan,4.352
1777025810443423508,195.801,0,-0.4138,-0.3081,0.5159,-143.329,nan,nan,nan,1.724
1777025810541983881,195.899,0,-0.4128,-0.2959,0.5079,-144.370,nan,nan,nan,3.582
1777025810643114617,196.000,0,-0.4171,-0.2898,0.5079,-145.208,nan,nan,nan,2.046
1777025810743727168,196.101,0,-0.4180,-0.2856,0.5063,-145.658,nan,nan,nan,1.878
1777025810846648972,196.204,0,-0.4217,-0.2778,0.5049,-146.623,nan,nan,nan,1.240
1777025810942252225,196.299,0,-0.4245,-0.2707,0.5035,-147.472,nan,nan,nan,4.142
1777025811042919721,196.400,0,-0.4284,-0.2607,0.5015,-148.673,nan,nan,nan,2.974
1777025811143373291,196.501,0,-0.4324,-0.2536,0.5013,-149.610,nan,nan,nan,2.510
1777025811242896457,196.600,0,-0.4374,-0.2439,0.5008,-150.859,nan,nan,nan,2.978
1777025811342150754,196.699,0,-0.4401,-0.2393,0.5010,-151.465,nan,nan,nan,3.781
1777025811442737010,196.800,0,-0.4458,-0.2330,0.5030,-152.412,nan,nan,nan,3.631
1777025811543582338,196.901,0,-0.4479,-0.2328,0.5048,-152.543,nan,nan,nan,2.129
1777025811643951576,197.001,0,-0.4474,-0.2357,0.5057,-152.213,nan,nan,nan,2.381
1777025811741552045,197.099,0,-0.4476,-0.2368,0.5064,-152.123,nan,nan,nan,3.496
1777025811842111522,197.199,0,-0.4502,-0.2421,0.5112,-151.725,nan,nan,nan,3.002
1777025811947241949,197.304,0,-0.4519,-0.2434,0.5133,-151.694,nan,nan,nan,0.435
1777025812042357647,197.400,0,-0.4493,-0.2500,0.5141,-150.904,nan,nan,nan,3.375
1777025812143479623,197.501,0,-0.4470,-0.2556,0.5149,-150.243,nan,nan,nan,4.414
1777025812243994861,197.601,0,-0.4417,-0.2610,0.5130,-149.418,nan,nan,nan,3.991
1777025812342044365,197.699,0,-0.4306,-0.2701,0.5083,-147.902,nan,nan,nan,3.106
1777025812445040446,197.802,0,-0.4172,-0.2800,0.5024,-146.127,nan,nan,nan,2.151
1777025812544321409,197.901,0,-0.4071,-0.2865,0.4978,-144.861,nan,nan,nan,2.593
1777025812642722190,198.000,0,-0.3970,-0.2929,0.4933,-143.584,nan,nan,nan,2.594
1777025812743095113,198.100,0,-0.3864,-0.2975,0.4877,-142.402,nan,nan,nan,4.048
1777025812844095534,198.201,0,-0.3728,-0.2986,0.4776,-141.302,nan,nan,nan,3.480
1777025812941934280,198.299,0,-0.3630,-0.2995,0.4706,-140.473,nan,nan,nan,2.865
1777025813043658531,198.401,0,-0.3537,-0.3040,0.4664,-139.316,nan,nan,nan,4.286
1777025813144600767,198.502,0,-0.3451,-0.3074,0.4621,-138.312,nan,nan,nan,2.823
1777025813244210526,198.601,0,-0.3396,-0.3117,0.4610,-137.456,nan,nan,nan,3.695
1777025813349347637,198.707,0,-0.3340,-0.3154,0.4593,-136.639,nan,nan,nan,1.062
1777025813445501703,198.803,0,-0.3278,-0.3204,0.4584,-135.662,nan,nan,nan,2.880
1777025813542670173,198.900,0,-0.3181,-0.3350,0.4620,-133.513,nan,nan,nan,3.015
1777025813644682128,199.002,0,-0.3012,-0.3595,0.4690,-129.958,nan,nan,nan,3.545
1777025813742768632,199.100,0,-0.2878,-0.3751,0.4728,-127.497,nan,nan,nan,3.017
1777025813846899561,199.204,0,-0.2658,-0.3964,0.4773,-123.843,nan,nan,nan,1.947
1777025813946253043,199.303,0,-0.2478,-0.4114,0.4803,-121.061,nan,nan,nan,2.213
1777025814046471799,199.404,0,-0.2279,-0.4221,0.4797,-118.364,nan,nan,nan,2.327
1777025814145054895,199.502,0,-0.2093,-0.4215,0.4706,-116.409,nan,nan,nan,3.337
1777025814245458891,199.603,0,-0.1959,-0.4254,0.4684,-114.721,nan,nan,nan,4.953
1777025814344872762,199.702,0,-0.1946,-0.4252,0.4676,-114.591,nan,nan,nan,4.071
1777025814446742346,199.804,0,-0.1965,-0.4151,0.4592,-115.329,nan,nan,nan,2.221
1777025814544826702,199.902,0,-0.2107,-0.4069,0.4582,-117.375,nan,nan,nan,4.175
1777025814643988833,200.001,0,-0.2390,-0.4115,0.4759,-120.150,nan,nan,nan,3.422
1777025814743374240,200.101,0,-0.2715,-0.4178,0.4983,-123.024,nan,nan,nan,2.445
1777025814844940159,200.202,0,-0.3017,-0.4231,0.5197,-125.489,nan,nan,nan,4.300
1777025814943367866,200.301,0,-0.3319,-0.4290,0.5424,-127.732,nan,nan,nan,2.194
1777025815043965177,200.401,0,-0.3614,-0.4349,0.5655,-129.723,nan,nan,nan,2.564
1777025815147651478,200.505,0,-0.3934,-0.4411,0.5910,-131.727,nan,nan,nan,2.652
1777025815245125892,200.602,0,-0.4197,-0.4454,0.6120,-133.300,nan,nan,nan,3.550
1777025815342581250,200.700,0,-0.4401,-0.4474,0.6276,-134.535,nan,nan,nan,1.115
1777025815443532041,200.801,0,-0.4580,-0.4392,0.6346,-136.202,nan,nan,nan,1.956
1777025815544114093,200.901,0,-0.4761,-0.4256,0.6386,-138.200,nan,nan,nan,2.675
1777025815642310245,200.999,0,-0.4866,-0.4318,0.6506,-138.420,nan,nan,nan,0.375
1777025815742168762,201.099,0,-0.4948,-0.4394,0.6617,-138.394,nan,nan,nan,0.576
1777025815846188969,201.203,0,-0.5046,-0.4476,0.6745,-138.428,nan,nan,nan,4.033
1777025815942378072,201.300,0,-0.5131,-0.4582,0.6880,-138.234,nan,nan,nan,0.238
1777025816042994346,201.400,0,-0.5238,-0.4610,0.6978,-138.650,nan,nan,nan,0.529
1777025816142252291,201.499,0,-0.5329,-0.4564,0.7016,-139.423,nan,nan,nan,0.410
1777025816240669961,201.598,0,-0.5428,-0.4537,0.7075,-140.108,nan,nan,nan,1.613
1777025816341109846,201.698,0,-0.5532,-0.4457,0.7104,-141.144,nan,nan,nan,1.696
1777025816442048526,201.799,0,-0.5622,-0.4314,0.7086,-142.499,nan,nan,nan,0.983
1777025816542425505,201.900,0,-0.5701,-0.4206,0.7084,-143.582,nan,nan,nan,0.771
1777025816641344895,201.999,0,-0.5774,-0.4097,0.7080,-144.642,nan,nan,nan,1.853
1777025816740616673,202.098,0,-0.5821,-0.3976,0.7050,-145.664,nan,nan,nan,2.541
1777025816840616079,202.198,0,-0.5864,-0.3904,0.7045,-146.346,nan,nan,nan,2.289
1777025816944140084,202.301,0,-0.5944,-0.3914,0.7116,-146.634,nan,nan,nan,0.927
1777025817043049400,202.400,0,-0.5999,-0.3885,0.7147,-147.069,nan,nan,nan,0.362
1777025817144376783,202.502,0,-0.6056,-0.3879,0.7192,-147.360,nan,nan,nan,0.682
1777025817242472991,202.600,0,-0.6115,-0.3870,0.7237,-147.668,nan,nan,nan,0.868
1777025817345130907,202.702,0,-0.6168,-0.3862,0.7277,-147.944,nan,nan,nan,1.797
1777025817444464851,202.802,0,-0.6223,-0.3848,0.7317,-148.268,nan,nan,nan,0.706
1777025817542130394,202.899,0,-0.6283,-0.3844,0.7366,-148.540,nan,nan,nan,1.872
1777025817641817393,202.999,0,-0.6333,-0.3712,0.7340,-149.622,nan,nan,nan,1.920
1777025817743817681,203.101,0,-0.6304,-0.3638,0.7278,-150.013,nan,nan,nan,0.553
1777025817840359634,203.198,0,-0.6296,-0.3579,0.7242,-150.383,nan,nan,nan,4.050
1777025817941182296,203.298,0,-0.6279,-0.3504,0.7190,-150.833,nan,nan,nan,3.224
1777025818040197927,203.397,0,-0.6260,-0.3425,0.7135,-151.317,nan,nan,nan,4.241
1777025818141578643,203.499,0,-0.6247,-0.3400,0.7112,-151.442,nan,nan,nan,2.703
1777025818240075276,203.597,0,-0.6225,-0.3349,0.7069,-151.722,nan,nan,nan,4.173
1777025818343045357,203.700,0,-0.6182,-0.3289,0.7003,-151.986,nan,nan,nan,3.223
1777025818443091447,203.800,0,-0.6159,-0.3241,0.6959,-152.248,nan,nan,nan,1.274
1777025818540534565,203.898,0,-0.6119,-0.3200,0.6905,-152.395,nan,nan,nan,2.539
1777025818641459967,203.999,0,-0.6090,-0.3154,0.6858,-152.621,nan,nan,nan,2.631
1777025818739731989,204.097,0,-0.6038,-0.3124,0.6798,-152.645,nan,nan,nan,3.333
1777025818842421960,204.200,0,-0.5975,-0.3083,0.6723,-152.702,nan,nan,nan,2.575
1777025818942359644,204.300,0,-0.5914,-0.3053,0.6655,-152.695,nan,nan,nan,2.721
1777025819043270565,204.400,0,-0.5859,-0.3009,0.6586,-152.816,nan,nan,nan,1.507
1777025819140747682,204.498,0,-0.5815,-0.2961,0.6526,-153.017,nan,nan,nan,3.305
1777025819243293487,204.600,0,-0.5753,-0.2924,0.6454,-153.054,nan,nan,nan,2.514
1777025819341439713,204.699,0,-0.5711,-0.2886,0.6399,-153.194,nan,nan,nan,3.960
1777025819441925432,204.799,0,-0.5670,-0.2900,0.6369,-152.916,nan,nan,nan,3.909
1777025819543589721,204.901,0,-0.5620,-0.2918,0.6332,-152.558,nan,nan,nan,2.578
1777025819641080042,204.998,0,-0.5552,-0.2944,0.6284,-152.066,nan,nan,nan,2.869
1777025819741585594,205.099,0,-0.5442,-0.3122,0.6273,-150.158,nan,nan,nan,1.791
1777025819842112016,205.199,0,-0.5331,-0.3288,0.6263,-148.331,nan,nan,nan,4.085
1777025819945447392,205.303,0,-0.5175,-0.3452,0.6220,-146.290,nan,nan,nan,0.843
1777025820042143734,205.399,0,-0.5030,-0.3553,0.6158,-144.768,nan,nan,nan,3.658
1777025820142872693,205.500,0,-0.4884,-0.3633,0.6087,-143.357,nan,nan,nan,3.217
1777025820242026509,205.599,0,-0.4745,-0.3706,0.6021,-142.008,nan,nan,nan,3.702
1777025820343233151,205.700,0,-0.4611,-0.3768,0.5955,-140.747,nan,nan,nan,3.782
1777025820441308859,205.798,0,-0.4529,-0.3817,0.5923,-139.870,nan,nan,nan,2.490
1777025820543157703,205.900,0,-0.4445,-0.3822,0.5863,-139.308,nan,nan,nan,3.318
1777025820641884038,205.999,0,-0.4380,-0.3817,0.5810,-138.926,nan,nan,nan,3.442
1777025820741382686,206.099,0,-0.4352,-0.3764,0.5754,-139.139,nan,nan,nan,2.013
1777025820845319783,206.202,0,-0.4364,-0.3694,0.5718,-139.752,nan,nan,nan,2.992
1777025820942924974,206.300,0,-0.4424,-0.3567,0.5683,-141.123,nan,nan,nan,4.039
1777025821042371029,206.400,0,-0.4547,-0.3460,0.5714,-142.735,nan,nan,nan,3.638
1777025821144495594,206.502,0,-0.4751,-0.3274,0.5770,-145.427,nan,nan,nan,3.018
1777025821242679543,206.600,0,-0.4918,-0.3106,0.5817,-147.726,nan,nan,nan,3.140
1777025821343416038,206.701,0,-0.5147,-0.2885,0.5900,-150.732,nan,nan,nan,3.898
1777025821442051152,206.799,0,-0.5405,-0.2659,0.6023,-153.803,nan,nan,nan,3.135
1777025821544996141,206.902,0,-0.5666,-0.2406,0.6156,-156.990,nan,nan,nan,2.564
1777025821641714982,206.999,0,-0.5909,-0.2185,0.6300,-159.709,nan,nan,nan,2.229
1777025821741778054,207.099,0,-0.6161,-0.1978,0.6470,-162.198,nan,nan,nan,2.316
1777025821842892382,207.200,0,-0.6401,-0.1821,0.6655,-164.122,nan,nan,nan,2.754
1777025821942773547,207.300,0,-0.6634,-0.1639,0.6834,-166.123,nan,nan,nan,3.040
1777025822044865409,207.402,0,-0.6882,-0.1422,0.7027,-168.324,nan,nan,nan,3.844
1777025822144875574,207.502,0,-0.6995,-0.1195,0.7096,-170.304,nan,nan,nan,3.837
1777025822244772554,207.602,0,-0.7041,-0.1010,0.7113,-171.837,nan,nan,nan,4.402
1777025822343066168,207.700,0,-0.7143,-0.0809,0.7189,-173.543,nan,nan,nan,2.967
1777025822444623421,207.802,0,-0.7334,-0.0623,0.7360,-175.144,nan,nan,nan,4.518
1777025822543279664,207.900,0,-0.7549,-0.0437,0.7561,-176.688,nan,nan,nan,2.683
1777025822644063622,208.001,0,-0.7710,-0.0261,0.7715,-178.058,nan,nan,nan,3.361
1777025822741845442,208.099,0,-0.7842,-0.0089,0.7842,-179.350,nan,nan,nan,0.158
1777025822843083918,208.200,0,-0.7987,0.0062,0.7988,179.554,nan,nan,nan,2.518
1777025822944932466,208.302,0,-0.8127,0.0216,0.8130,178.474,nan,nan,nan,3.997
1777025823042628286,208.400,0,-0.8251,0.0390,0.8260,177.294,nan,nan,nan,1.414
1777025823143840317,208.501,0,-0.8379,0.0524,0.8396,176.422,nan,nan,nan,2.717
1777025823244582868,208.602,0,-0.8482,0.0697,0.8511,175.302,nan,nan,nan,2.512
1777025823342192281,208.699,0,-0.8580,0.0853,0.8622,174.321,nan,nan,nan,0.063
1777025823442534797,208.800,0,-0.8682,0.1002,0.8740,173.416,nan,nan,nan,0.640
1777025823543024738,208.900,0,-0.8770,0.1144,0.8844,172.567,nan,nan,nan,1.167
1777025823641822147,208.999,0,-0.8879,0.1271,0.8970,171.851,nan,nan,nan,0.065
1777025823742267607,209.099,0,-0.8969,0.1395,0.9077,171.160,nan,nan,nan,0.437
1777025823842642048,209.200,0,-0.9073,0.1521,0.9200,170.484,nan,nan,nan,0.360
1777025823943549303,209.301,0,-0.9144,0.1618,0.9286,169.966,nan,nan,nan,1.899
1777025824042970747,209.400,0,-0.9215,0.1704,0.9371,169.523,nan,nan,nan,0.919
1777025824143887501,209.501,0,-0.9285,0.1812,0.9460,168.956,nan,nan,nan,10.853
1777025824242205171,209.599,0,-0.9317,0.1910,0.9511,168.416,nan,nan,nan,1.297
1777025824343030148,209.700,0,-0.9356,0.2030,0.9573,167.758,nan,nan,nan,0.229
1777025824442183871,209.799,0,-0.9393,0.2172,0.9641,166.983,nan,nan,nan,0.691
1777025824543478995,209.901,0,-0.9426,0.2343,0.9713,166.041,nan,nan,nan,0.826
1777025824642207219,209.999,0,-0.9423,0.2589,0.9772,164.635,nan,nan,nan,0.786
1777025824741131258,210.098,0,-0.9374,0.2885,0.9808,162.896,nan,nan,nan,2.903
1777025824842276678,210.199,0,-0.9262,0.3307,0.9835,160.352,nan,nan,nan,0.877
1777025824943119377,210.300,0,-0.9090,0.3798,0.9851,157.322,nan,nan,nan,0.362
1777025825044176779,210.401,0,-0.8892,0.4251,0.9856,154.448,nan,nan,nan,0.671
1777025825142725004,210.500,0,-0.8672,0.4710,0.9869,151.491,nan,nan,nan,2.211
1777025825245116884,210.602,0,-0.8386,0.5192,0.9863,148.236,nan,nan,nan,2.077
1777025825345331418,210.702,0,-0.8108,0.5604,0.9856,145.350,nan,nan,nan,1.170
1777025825446211598,210.803,0,-0.7792,0.6014,0.9843,142.339,nan,nan,nan,2.892
1777025825541505723,210.899,0,-0.7459,0.6386,0.9819,139.431,nan,nan,nan,2.247
1777025825642161144,210.999,0,-0.7117,0.6720,0.9788,136.642,nan,nan,nan,2.431
1777025825741004554,211.098,0,-0.6738,0.7068,0.9765,133.633,nan,nan,nan,4.699
1777025825842570158,211.200,0,-0.6358,0.7329,0.9702,130.945,nan,nan,nan,2.781
1777025825944507168,211.302,0,-0.5984,0.7559,0.9641,128.365,nan,nan,nan,0.561
1777025826042137359,211.399,0,-0.5582,0.7794,0.9587,125.611,nan,nan,nan,2.410
1777025826141363582,211.499,0,-0.5175,0.7988,0.9518,122.938,nan,nan,nan,3.220
1777025826243632313,211.601,0,-0.4754,0.8168,0.9450,120.199,nan,nan,nan,1.350
1777025826343260609,211.700,0,-0.4398,0.8222,0.9324,118.140,nan,nan,nan,2.159
1777025826441838315,211.799,0,-0.4129,0.8221,0.9200,116.667,nan,nan,nan,3.080
1777025826541706925,211.899,0,-0.3877,0.8206,0.9076,115.288,nan,nan,nan,3.581
1777025826640593667,211.998,0,-0.3607,0.8190,0.8949,113.772,nan,nan,nan,3.998
1777025826741858235,212.099,0,-0.3325,0.8175,0.8826,112.135,nan,nan,nan,3.129
1777025826841540382,212.199,0,-0.3073,0.8127,0.8689,110.709,nan,nan,nan,3.654
1777025826941573640,212.299,0,-0.2901,0.8039,0.8547,109.841,nan,nan,nan,4.521
1777025827040928677,212.398,0,-0.2811,0.7929,0.8413,109.517,nan,nan,nan,3.479
1777025827142328263,212.499,0,-0.2709,0.7780,0.8238,109.200,nan,nan,nan,4.756
1777025827241260616,212.598,0,-0.2597,0.7708,0.8133,108.617,nan,nan,nan,4.053
1777025827342724110,212.700,0,-0.2506,0.7615,0.8017,108.219,nan,nan,nan,3.264
1777025827442896255,212.800,0,-0.2456,0.7463,0.7857,108.215,nan,nan,nan,6.058
1777025827543206345,212.900,0,-0.2368,0.7366,0.7737,107.819,nan,nan,nan,2.389
1777025827642695845,213.000,0,-0.2320,0.7270,0.7632,107.697,nan,nan,nan,2.794
1777025827739906648,213.097,0,-0.2359,0.7126,0.7507,108.317,nan,nan,nan,1.514
1777025827842124047,213.199,0,-0.2427,0.6955,0.7366,109.237,nan,nan,nan,4.330
1777025827942032397,213.299,0,-0.2496,0.6800,0.7244,110.158,nan,nan,nan,4.150
1777025828043299539,213.400,0,-0.2596,0.6652,0.7140,111.316,nan,nan,nan,2.673
1777025828141113933,213.498,0,-0.2635,0.6531,0.7042,111.970,nan,nan,nan,3.860
1777025828241243542,213.598,0,-0.2656,0.6410,0.6938,112.508,nan,nan,nan,3.365
1777025828341485835,213.699,0,-0.2719,0.6276,0.6839,113.426,nan,nan,nan,3.346
1777025828442503015,213.800,0,-0.2750,0.6162,0.6748,114.047,nan,nan,nan,3.159
1777025828541922552,213.899,0,-0.2806,0.6040,0.6660,114.915,nan,nan,nan,4.210
1777025828640710276,213.998,0,-0.2991,0.5850,0.6570,117.083,nan,nan,nan,2.634
1777025828742355954,214.100,0,-0.3458,0.5557,0.6545,121.893,nan,nan,nan,3.730
1777025828843364208,214.201,0,-0.3889,0.5242,0.6527,126.571,nan,nan,nan,3.451
1777025828942953078,214.300,0,-0.4220,0.4980,0.6528,130.278,nan,nan,nan,4.130
1777025829043189298,214.400,0,-0.4647,0.4651,0.6574,134.978,nan,nan,nan,4.088
1777025829141610467,214.499,0,-0.4968,0.4360,0.6610,138.728,nan,nan,nan,3.350
1777025829241559743,214.599,0,-0.5366,0.3942,0.6658,143.701,nan,nan,nan,2.339
1777025829341407186,214.699,0,-0.5760,0.3470,0.6725,148.935,nan,nan,nan,2.608
1777025829443072661,214.800,0,-0.6134,0.2915,0.6791,154.580,nan,nan,nan,3.751
1777025829544665302,214.902,0,-0.6467,0.2270,0.6854,160.658,nan,nan,nan,3.173
1777025829642750658,215.000,0,-0.6655,0.1720,0.6874,165.510,nan,nan,nan,3.247
1777025829741384771,215.099,0,-0.6796,0.1081,0.6882,170.962,nan,nan,nan,1.592
1777025829844468186,215.202,0,-0.6862,0.0388,0.6873,176.763,nan,nan,nan,3.381
1777025829943181040,215.300,0,-0.6846,-0.0253,0.6851,-177.885,nan,nan,nan,0.686
1777025830046151769,215.403,0,-0.6838,-0.0920,0.6900,-172.342,nan,nan,nan,1.978
1777025830143489905,215.501,0,-0.6743,-0.1624,0.6936,-166.462,nan,nan,nan,3.676
1777025830245272953,215.602,0,-0.6582,-0.2255,0.6957,-161.086,nan,nan,nan,3.396
1777025830343769049,215.701,0,-0.6416,-0.2739,0.6976,-156.884,nan,nan,nan,2.844
1777025830442460606,215.800,0,-0.6137,-0.3296,0.6966,-151.758,nan,nan,nan,0.816
1777025830543864581,215.901,0,-0.5880,-0.3586,0.6887,-148.620,nan,nan,nan,3.665
1777025830642208677,215.999,0,-0.5727,-0.3610,0.6770,-147.770,nan,nan,nan,1.497
1777025830741234401,216.098,0,-0.5575,-0.3705,0.6694,-146.393,nan,nan,nan,0.394
1777025830843236522,216.200,0,-0.5386,-0.3817,0.6602,-144.677,nan,nan,nan,2.463
1777025830943809037,216.301,0,-0.5230,-0.3898,0.6523,-143.302,nan,nan,nan,2.818
1777025831045799510,216.403,0,-0.5056,-0.3984,0.6437,-141.765,nan,nan,nan,1.869
1777025831143067017,216.500,0,-0.4870,-0.4046,0.6331,-140.281,nan,nan,nan,2.438
1777025831246010061,216.603,0,-0.4693,-0.4100,0.6232,-138.863,nan,nan,nan,3.440
1777025831342651459,216.700,0,-0.4514,-0.4134,0.6121,-137.517,nan,nan,nan,1.673
1777025831443119789,216.800,0,-0.4277,-0.4170,0.5974,-135.726,nan,nan,nan,2.302
1777025831543751044,216.901,0,-0.4071,-0.4205,0.5852,-134.071,nan,nan,nan,0.517
1777025831645530573,217.003,0,-0.3846,-0.4255,0.5735,-132.106,nan,nan,nan,3.369
1777025831744544667,217.102,0,-0.3604,-0.4304,0.5614,-129.945,nan,nan,nan,3.405
1777025831842894596,217.200,0,-0.3434,-0.4321,0.5520,-128.477,nan,nan,nan,1.437
1777025831943797499,217.301,0,-0.3235,-0.4317,0.5395,-126.852,nan,nan,nan,1.433
1777025832046864228,217.404,0,-0.3083,-0.4347,0.5329,-125.346,nan,nan,nan,3.148
1777025832143653088,217.501,0,-0.2895,-0.4296,0.5180,-123.973,nan,nan,nan,1.704
1777025832242442572,217.600,0,-0.2711,-0.4185,0.4987,-122.931,nan,nan,nan,0.106
1777025832343822362,217.701,0,-0.2585,-0.4126,0.4869,-122.063,nan,nan,nan,1.705
1777025832443208528,217.800,0,-0.2423,-0.4080,0.4745,-120.699,nan,nan,nan,0.560
1777025832543322526,217.900,0,-0.2288,-0.4014,0.4620,-119.683,nan,nan,nan,1.213
1777025832643765782,218.001,0,-0.2323,-0.3955,0.4586,-120.424,nan,nan,nan,0.925
1777025832741792286,218.099,0,-0.2270,-0.3893,0.4506,-120.252,nan,nan,nan,0.496
1777025832845296051,218.202,0,-0.2277,-0.3862,0.4483,-120.520,nan,nan,nan,2.692
1777025832943470925,218.301,0,-0.2372,-0.3804,0.4483,-121.943,nan,nan,nan,0.522
1777025833042451186,218.400,0,-0.2335,-0.3621,0.4308,-122.813,nan,nan,nan,0.736
1777025833144394085,218.502,0,-0.2306,-0.3478,0.4174,-123.547,nan,nan,nan,2.145
1777025833243376049,218.601,0,-0.2364,-0.3385,0.4129,-124.922,nan,nan,nan,0.214
1777025833341938070,218.699,0,-0.2352,-0.3282,0.4038,-125.628,nan,nan,nan,1.476
1777025833443671859,218.801,0,-0.2440,-0.3137,0.3974,-127.877,nan,nan,nan,0.842
1777025833542067140,218.899,0,-0.2554,-0.3062,0.3987,-129.823,nan,nan,nan,1.085
1777025833642574322,219.000,0,-0.2733,-0.3033,0.4083,-132.020,nan,nan,nan,0.884
1777025833741651730,219.099,0,-0.2894,-0.2991,0.4162,-134.058,nan,nan,nan,1.939
1777025833843417075,219.201,0,-0.3054,-0.2943,0.4241,-136.058,nan,nan,nan,0.318
1777025833941397764,219.299,0,-0.3269,-0.2937,0.4395,-138.065,nan,nan,nan,2.375
1777025834043056109,219.400,0,-0.3485,-0.2964,0.4575,-139.616,nan,nan,nan,0.022
1777025834141389538,219.499,0,-0.3765,-0.3018,0.4825,-141.279,nan,nan,nan,2.475
1777025834243923399,219.601,0,-0.4067,-0.3079,0.5101,-142.875,nan,nan,nan,0.284
1777025834342564160,219.700,0,-0.4281,-0.3131,0.5303,-143.820,nan,nan,nan,6.321
1777025834442051753,219.799,0,-0.4544,-0.3230,0.5575,-144.590,nan,nan,nan,2.279
1777025834542940692,219.900,0,-0.4809,-0.3309,0.5838,-145.469,nan,nan,nan,1.541
1777025834641889194,219.999,0,-0.5010,-0.3414,0.6062,-145.724,nan,nan,nan,3.143
1777025834740403159,220.098,0,-0.5177,-0.3590,0.6300,-145.261,nan,nan,nan,4.888
1777025834840988230,220.198,0,-0.5337,-0.3755,0.6526,-144.874,nan,nan,nan,4.120
1777025834942922147,220.300,0,-0.5413,-0.3963,0.6709,-143.793,nan,nan,nan,1.876
1777025835041471058,220.399,0,-0.5250,-0.4094,0.6658,-142.055,nan,nan,nan,4.513
1777025835143103865,220.500,0,-0.4876,-0.4276,0.6486,-138.754,nan,nan,nan,2.493
1777025835242439458,220.600,0,-0.4777,-0.4415,0.6505,-137.257,nan,nan,nan,2.312
1777025835344486764,220.702,0,-0.4884,-0.4633,0.6732,-136.510,nan,nan,nan,2.255
1777025835443471821,220.801,0,-0.5108,-0.4858,0.7049,-136.437,nan,nan,nan,4.722
1777025835541837658,220.899,0,-0.5128,-0.5066,0.7208,-135.348,nan,nan,nan,2.815
1777025835642957708,221.000,0,-0.5179,-0.5253,0.7377,-134.592,nan,nan,nan,2.448
1777025835741990561,221.099,0,-0.5239,-0.5463,0.7569,-133.797,nan,nan,nan,3.292
1777025835841795560,221.199,0,-0.5279,-0.5659,0.7739,-133.010,nan,nan,nan,4.129
1777025835941454170,221.299,0,-0.5306,-0.5845,0.7894,-132.232,nan,nan,nan,3.772
1777025836040494689,221.398,0,-0.5208,-0.6010,0.7952,-130.912,nan,nan,nan,3.058
1777025836142095775,221.499,0,-0.5089,-0.6227,0.8042,-129.258,nan,nan,nan,3.632
1777025836241301257,221.598,0,-0.5052,-0.6393,0.8148,-128.314,nan,nan,nan,4.077
1777025836340003667,221.697,0,-0.4998,-0.6570,0.8255,-127.259,nan,nan,nan,2.124
1777025836443904819,221.801,0,-0.4928,-0.6776,0.8379,-126.026,nan,nan,nan,2.182
1777025836539723812,221.897,0,-0.4870,-0.6939,0.8478,-125.061,nan,nan,nan,2.137
1777025836640206901,221.997,0,-0.4774,-0.7120,0.8572,-123.845,nan,nan,nan,2.245
1777025836740678305,222.098,0,-0.4580,-0.7277,0.8598,-122.188,nan,nan,nan,2.296
1777025836841672115,222.199,0,-0.4289,-0.7517,0.8655,-119.711,nan,nan,nan,2.539
1777025836942386851,222.300,0,-0.4097,-0.7764,0.8778,-117.821,nan,nan,nan,3.599
1777025837041959110,222.399,0,-0.3936,-0.7988,0.8905,-116.230,nan,nan,nan,3.628
1777025837141309314,222.498,0,-0.3829,-0.8224,0.9072,-114.967,nan,nan,nan,0.357
1777025837242785974,222.600,0,-0.3785,-0.8405,0.9218,-114.245,nan,nan,nan,4.196
1777025837340760423,222.698,0,-0.3708,-0.8570,0.9338,-113.393,nan,nan,nan,1.948
1777025837442338527,222.799,0,-0.3619,-0.8792,0.9508,-112.372,nan,nan,nan,3.745
1777025837540716419,222.898,0,-0.3556,-0.9063,0.9735,-111.423,nan,nan,nan,0.822
1777025837641575840,222.999,0,-0.3468,-0.9354,0.9976,-110.342,nan,nan,nan,2.710
1777025837741156432,223.098,0,-0.3362,-0.9721,1.0286,-109.076,nan,nan,nan,1.462
1777025837842678759,223.200,0,-0.3374,-1.0098,1.0647,-108.476,nan,nan,nan,3.347
1777025837942334017,223.299,0,-0.3479,-1.0387,1.0954,-108.515,nan,nan,nan,2.673
1777025838042189905,223.399,0,-0.3600,-1.0685,1.1275,-108.621,nan,nan,nan,2.323
1777025838141035758,223.498,0,-0.3738,-1.0973,1.1592,-108.810,nan,nan,nan,1.626
1777025838242412511,223.600,0,-0.3889,-1.1319,1.1969,-108.962,nan,nan,nan,3.388
1777025838342972452,223.700,0,-0.4036,-1.1664,1.2343,-109.084,nan,nan,nan,3.053
1777025838441766195,223.799,0,-0.4205,-1.2037,1.2751,-109.257,nan,nan,nan,1.781
1777025838544034056,223.901,0,-0.4359,-1.2436,1.3178,-109.318,nan,nan,nan,4.301
1777025838642818150,224.000,0,-0.4514,-1.2778,1.3552,-109.455,nan,nan,nan,2.594
1777025838740517822,224.098,0,-0.4728,-1.3137,1.3962,-109.793,nan,nan,nan,0.448
1777025838839574490,224.197,0,-0.4909,-1.3490,1.4355,-109.999,nan,nan,nan,0.853
1777025838940871706,224.298,0,-0.5106,-1.3856,1.4767,-110.231,nan,nan,nan,0.400
1777025839043165716,224.400,0,-0.5292,-1.4222,1.5175,-110.411,nan,nan,nan,2.787
1777025839140734073,224.498,0,-0.5519,-1.4570,1.5580,-110.746,nan,nan,nan,0.495
1777025839240806645,224.598,0,-0.5693,-1.4954,1.6001,-110.843,nan,nan,nan,0.474
1777025839340727421,224.698,0,-0.5929,-1.5293,1.6403,-111.191,nan,nan,nan,0.262
1777025839440116255,224.797,0,-0.6129,-1.5612,1.6772,-111.434,nan,nan,nan,2.253
1777025839541450119,224.899,0,-0.6360,-1.5963,1.7183,-111.724,nan,nan,nan,1.912
1777025839642290910,224.999,0,-0.6550,-1.6343,1.7607,-111.839,nan,nan,nan,0.189
1777025839741639429,225.099,0,-0.6782,-1.6702,1.8027,-112.099,nan,nan,nan,0.588
1777025839842446332,225.200,0,-0.6920,-1.7081,1.8430,-112.053,nan,nan,nan,1.343
1777025839941885387,225.299,0,-0.6949,-1.7501,1.8830,-111.656,nan,nan,nan,0.946
1777025840041506257,225.399,0,-0.6930,-1.7945,1.9237,-111.116,nan,nan,nan,0.540
1777025840141929550,225.499,0,-0.6698,-1.8447,1.9625,-109.956,nan,nan,nan,0.601
1777025840241104125,225.598,0,-0.6337,-1.8896,1.9930,-108.538,nan,nan,nan,0.682
1777025840342022602,225.699,0,-0.6127,-1.9348,2.0295,-107.572,nan,nan,nan,0.539
1777025840442671135,225.800,0,-0.5851,-1.9797,2.0644,-106.464,nan,nan,nan,1.146
1777025840543602445,225.901,0,-0.5275,-2.0261,2.0937,-104.592,nan,nan,nan,1.642
1777025840648364594,226.006,0,-0.4536,-2.0718,2.1209,-102.350,nan,nan,nan,2.608
1777025840743064442,226.100,0,-0.3804,-2.1077,2.1418,-100.232,nan,nan,nan,1.015
1777025840841585056,226.199,0,-0.3135,-2.1383,2.1612,-98.341,nan,nan,nan,0.509
1777025840941752369,226.299,0,-0.2486,-2.1708,2.1850,-96.534,nan,nan,nan,0.742
1777025841041642737,226.399,0,-0.1939,-2.1998,2.2083,-95.038,nan,nan,nan,0.622
1777025841143211008,226.500,0,-0.1237,-2.2319,2.2353,-93.172,nan,nan,nan,1.102
1777025841241559604,226.599,0,-0.0366,-2.2612,2.2615,-90.927,nan,nan,nan,0.804
1777025841341593250,226.699,0,0.0360,-2.2777,2.2780,-89.095,nan,nan,nan,2.377
1777025841443636075,226.801,0,0.1084,-2.2828,2.2854,-87.280,11124.87,1703.24,1839.92,0.900
1777025841542622762,226.900,0,0.2032,-2.2909,2.2999,-84.932,6109.48,909.06,982.01,0.275
1777025841643250202,227.000,0,0.2682,-2.2949,2.3105,-83.334,4714.56,688.67,743.94,0.902
1777025841741684298,227.099,0,0.3472,-2.2933,2.3194,-81.391,3713.56,532.01,574.70,1.433
1777025841844710620,227.202,0,0.4301,-2.2845,2.3246,-79.338,3049.97,429.49,463.95,1.411
1777025841942894420,227.300,0,0.5067,-2.2724,2.3282,-77.429,2625.43,364.51,393.76,0.869
1777025842045005189,227.402,0,0.5764,-2.2576,2.3300,-75.678,2334.15,320.46,346.18,1.360
1777025842145688148,227.503,0,0.6458,-2.2347,2.3262,-73.881,2099.95,286.01,308.96,2.332
1777025842244325576,227.601,0,0.7289,-2.2019,2.3194,-71.684,1874.53,253.42,273.75,0.437
1777025842344075056,227.701,0,0.7972,-2.1678,2.3097,-69.809,1719.70,231.69,250.28,0.085
1777025842445675735,227.803,0,0.8692,-2.1274,2.2981,-67.777,1580.36,212.51,229.56,1.740
1777025842544623791,227.902,0,0.9369,-2.0829,2.2839,-65.781,1465.21,197.15,212.97,0.763
1777025842645405324,228.003,0,1.0110,-2.0301,2.2679,-63.526,1354.78,182.70,197.36,1.154
1777025842743650772,228.101,0,1.0732,-1.9790,2.2513,-61.528,1270.64,172.10,185.91,0.426
1777025842844822526,228.202,0,1.1446,-1.9178,2.2334,-59.170,1184.24,161.38,174.33,2.934
1777025842944746283,228.302,0,1.2041,-1.8527,2.2096,-56.979,1113.97,153.40,165.71,0.746
1777025843042841250,228.400,0,1.2628,-1.7801,2.1825,-54.648,1047.79,146.27,158.01,2.589
1777025843144744798,228.502,0,1.3070,-1.7136,2.1552,-52.665,997.21,141.32,152.66,1.652
1777025843244278761,228.601,0,1.3515,-1.6444,2.1285,-50.582,948.79,136.67,147.63,1.421
1777025843344697368,228.702,0,1.3892,-1.5754,2.1004,-48.595,906.42,132.96,143.63,0.669
1777025843442626614,228.800,0,1.4230,-1.5056,2.0716,-46.616,867.41,129.81,140.22,2.325
1777025843545093048,228.902,0,1.4596,-1.4301,2.0435,-44.415,827.26,126.55,136.70,0.199
1777025843643767514,229.001,0,1.4765,-1.3594,2.0069,-42.635,796.93,125.10,135.14,1.520
1777025843742893218,229.100,0,1.4873,-1.2871,1.9669,-40.872,768.55,124.19,134.15,0.861
1777025843843207863,229.200,0,1.4957,-1.2098,1.9237,-38.968,739.56,123.49,133.40,2.209
1777025843943719452,229.301,0,1.4961,-1.1437,1.8832,-37.395,716.76,123.46,133.36,2.591
1777025844044625966,229.402,0,1.4767,-1.0971,1.8397,-36.610,705.73,125.08,135.12,1.050
1777025844146054071,229.503,0,1.4571,-1.0535,1.7981,-35.866,695.50,126.76,136.93,0.069
1777025844243309615,229.600,0,1.4355,-1.0107,1.7556,-35.148,685.78,128.67,138.99,2.768
1777025844343823981,229.701,0,1.4150,-0.9679,1.7144,-34.373,675.51,130.53,141.01,2.383
1777025844443748554,229.801,0,1.3946,-0.9260,1.6740,-33.585,665.25,132.45,143.08,3.017
1777025844542179335,229.899,0,1.3877,-0.8886,1.6478,-32.634,653.11,133.11,143.79,4.235
1777025844642909849,230.000,0,1.3676,-0.8543,1.6125,-31.990,645.04,135.06,145.90,4.082
1777025844742909606,230.100,1,1.3515,-0.8229,1.5823,-31.335,636.93,136.67,147.63,3.589
1777025844849105492,230.206,1,1.3318,-0.7842,1.5455,-30.492,626.67,138.69,149.82,2.946
1777025844942293734,230.299,1,1.3061,-0.7515,1.5069,-29.916,619.77,141.42,152.77,3.895
1777025845042713342,230.400,1,1.2667,-0.7160,1.4550,-29.479,614.59,145.82,157.53,3.741
1777025845141954046,230.499,1,1.2418,-0.6874,1.4193,-28.966,608.56,148.75,160.68,3.726
1777025845241976525,230.599,1,1.2107,-0.6592,1.3785,-28.567,603.91,152.56,164.80,4.029
1777025845340440065,230.698,1,1.1741,-0.6417,1.3380,-28.658,604.96,157.32,169.94,2.163
1777025845441698300,230.799,1,1.1222,-0.6499,1.2968,-30.077,621.69,164.59,177.80,3.169
1777025845542496500,230.900,0,1.0687,-0.6599,1.2560,-31.695,641.37,172.84,186.71,3.582
1777025845640748225,230.998,0,1.0166,-0.6657,1.2151,-33.218,660.53,181.70,196.28,1.025
1777025845741414573,231.099,0,0.9636,-0.6739,1.1759,-34.967,683.37,191.68,207.06,2.261
1777025845842178180,231.199,0,0.9067,-0.6879,1.1381,-37.188,713.82,203.72,220.06,3.484
1777025845941360088,231.299,0,0.8418,-0.7123,1.1027,-40.238,758.72,219.43,237.04,2.270
1777025846040875217,231.398,0,0.7727,-0.7406,1.0703,-43.783,816.28,239.05,258.23,1.562
1777025846142233118,231.499,0,0.6991,-0.7740,1.0430,-47.907,892.53,264.19,285.39,3.168
1777025846242876781,231.600,0,0.6182,-0.8016,1.0123,-52.361,989.85,298.79,322.77,3.280
1777025846341593339,231.699,0,0.5407,-0.8236,0.9852,-56.719,1106.19,341.64,369.06,1.443
1777025846443182387,231.800,0,0.4649,-0.8406,0.9606,-61.057,1252.34,397.35,429.23,3.136
1777025846542837461,231.900,0,0.3861,-0.8545,0.9377,-65.683,1460.01,478.34,516.73,3.105
1777025846642660885,232.000,0,0.3066,-0.8645,0.9173,-70.476,1771.52,602.53,650.88,1.797
1777025846741780312,232.099,0,0.2192,-0.8719,0.8990,-75.887,2365.32,842.61,910.22,0.709
1777025846842921121,232.200,0,0.1114,-0.8768,0.8839,-82.759,4362.65,1657.89,1790.93,2.041
1777025846942937712,232.300,0,-0.0036,-0.8729,0.8729,-90.234,nan,nan,nan,1.485
1777025847043103228,232.400,0,-0.1037,-0.8596,0.8658,-96.880,nan,nan,nan,2.609
1777025847143480299,232.501,0,-0.2069,-0.8431,0.8681,-103.787,nan,nan,nan,3.152
1777025847247161970,232.604,0,-0.2989,-0.8239,0.8764,-109.941,nan,nan,nan,2.120
1777025847343369240,232.701,0,-0.3685,-0.7932,0.8746,-114.919,nan,nan,nan,2.571
1777025847446087507,232.803,0,-0.4120,-0.7727,0.8757,-118.068,nan,nan,nan,3.269
1777025847542806349,232.900,0,-0.4549,-0.7489,0.8763,-121.276,nan,nan,nan,2.274
1777025847642864513,233.000,0,-0.4926,-0.7246,0.8762,-124.208,nan,nan,nan,1.017
1777025847744614191,233.102,0,-0.5232,-0.7033,0.8766,-126.646,nan,nan,nan,6.807
1777025847843861414,233.201,0,-0.5618,-0.6873,0.8877,-129.260,nan,nan,nan,2.330
1777025847945707110,233.303,0,-0.5967,-0.6570,0.8875,-132.244,nan,nan,nan,3.836
1777025848045663108,233.403,0,-0.6167,-0.6311,0.8824,-134.337,nan,nan,nan,3.639
1777025848143825908,233.501,0,-0.6391,-0.6005,0.8770,-136.781,nan,nan,nan,1.912
1777025848242311411,233.599,0,-0.6594,-0.5638,0.8676,-139.472,nan,nan,nan,0.223
1777025848343309480,233.700,0,-0.6764,-0.5241,0.8557,-142.230,nan,nan,nan,0.852
1777025848445012750,233.802,0,-0.6915,-0.4923,0.8489,-144.554,nan,nan,nan,2.727
1777025848545863709,233.903,0,-0.7093,-0.4488,0.8393,-147.674,nan,nan,nan,3.894
1777025848644460082,234.002,0,-0.7234,-0.4190,0.8360,-149.924,nan,nan,nan,2.871
1777025848742017532,234.099,0,-0.7394,-0.3831,0.8327,-152.609,nan,nan,nan,0.184
1777025848843056360,234.200,0,-0.7537,-0.3508,0.8314,-155.041,nan,nan,nan,0.152
1777025848943386838,234.301,0,-0.7686,-0.3172,0.8315,-157.575,nan,nan,nan,0.756
1777025849044309852,234.401,0,-0.7815,-0.2849,0.8318,-159.972,nan,nan,nan,2.340
1777025849144598405,234.502,0,-0.7937,-0.2577,0.8345,-162.010,nan,nan,nan,2.246
1777025849243543573,234.601,0,-0.7998,-0.2356,0.8338,-163.585,nan,nan,nan,1.044
1777025849345432120,234.703,0,-0.8054,-0.2121,0.8329,-165.244,nan,nan,nan,2.671
1777025849444474733,234.802,0,-0.8108,-0.1887,0.8324,-166.900,nan,nan,nan,2.006
1777025849544888859,234.902,0,-0.8169,-0.1657,0.8335,-168.531,nan,nan,nan,2.264
1777025849646410537,235.004,0,-0.8228,-0.1427,0.8351,-170.161,nan,nan,nan,3.055
1777025849743870747,235.101,0,-0.8291,-0.1218,0.8380,-171.641,nan,nan,nan,1.086
1777025849844661891,235.202,0,-0.8355,-0.0970,0.8411,-173.376,nan,nan,nan,1.698
1777025849943731077,235.301,0,-0.8414,-0.0790,0.8451,-174.635,nan,nan,nan,0.275
1777025850043297780,235.400,0,-0.8463,-0.0619,0.8485,-175.814,nan,nan,nan,0.169
1777025850150199312,235.507,0,-0.8516,-0.0522,0.8532,-176.493,nan,nan,nan,2.150
1777025850246113286,235.603,0,-0.8547,-0.0479,0.8560,-176.789,nan,nan,nan,3.128
1777025850346058599,235.703,0,-0.8587,-0.0470,0.8599,-176.868,nan,nan,nan,2.060
1777025850442845015,235.800,0,-0.8607,-0.0475,0.8620,-176.842,nan,nan,nan,1.187
1777025850544091157,235.901,0,-0.8640,-0.0499,0.8655,-176.692,nan,nan,nan,0.878
1777025850643064881,236.000,0,-0.8679,-0.0500,0.8693,-176.702,nan,nan,nan,0.634
1777025850744569948,236.102,0,-0.8713,-0.0474,0.8726,-176.886,nan,nan,nan,0.789
1777025850844846075,236.202,0,-0.8764,-0.0512,0.8779,-176.654,nan,nan,nan,0.925
1777025850943623614,236.301,0,-0.8789,-0.0556,0.8807,-176.383,nan,nan,nan,0.371
1777025851046303270,236.403,0,-0.8817,-0.0645,0.8840,-175.817,nan,nan,nan,1.825
1777025851146277139,236.503,0,-0.8840,-0.0763,0.8872,-175.068,nan,nan,nan,2.361
1777025851244929085,236.602,0,-0.8816,-0.0925,0.8864,-174.014,nan,nan,nan,0.504
1777025851343586791,236.701,0,-0.8810,-0.1053,0.8873,-173.182,nan,nan,nan,1.751
1777025851445186858,236.802,0,-0.8788,-0.1174,0.8866,-172.390,nan,nan,nan,0.830
1777025851544194397,236.901,0,-0.8766,-0.1271,0.8858,-171.753,nan,nan,nan,0.722
1777025851643257787,237.000,0,-0.8695,-0.1458,0.8817,-170.483,nan,nan,nan,1.006
1777025851745964146,237.103,0,-0.8653,-0.1594,0.8799,-169.560,nan,nan,nan,0.934
1777025851844053002,237.201,0,-0.8587,-0.1725,0.8759,-168.640,nan,nan,nan,1.369
1777025851946521326,237.304,0,-0.8478,-0.1837,0.8675,-167.773,nan,nan,nan,0.727
1777025852055513388,237.413,0,-0.8332,-0.1915,0.8550,-167.057,nan,nan,nan,1.780
1777025852146123212,237.503,0,-0.8237,-0.1973,0.8470,-166.528,nan,nan,nan,0.646
1777025852249508496,237.607,0,-0.8149,-0.2049,0.8402,-165.888,nan,nan,nan,3.611
1777025852346782743,237.704,0,-0.8060,-0.2127,0.8336,-165.219,nan,nan,nan,0.697
1777025852443531141,237.801,0,-0.7952,-0.2217,0.8255,-164.425,nan,nan,nan,3.221
1777025852544742765,237.902,0,-0.7852,-0.2301,0.8182,-163.670,nan,nan,nan,3.280
1777025852646222091,238.003,0,-0.7751,-0.2363,0.8103,-163.044,nan,nan,nan,0.515
1777025852745266946,238.102,0,-0.7647,-0.2400,0.8015,-162.573,nan,nan,nan,3.233
1777025852850372040,238.208,0,-0.7528,-0.2417,0.7907,-162.201,nan,nan,nan,3.737
1777025852944147410,238.301,0,-0.7436,-0.2452,0.7830,-161.748,nan,nan,nan,3.684
1777025853045308813,238.402,0,-0.7354,-0.2456,0.7753,-161.534,nan,nan,nan,1.570
1777025853143299819,238.500,0,-0.7272,-0.2462,0.7678,-161.294,nan,nan,nan,3.420
1777025853244370426,238.602,0,-0.7208,-0.2452,0.7614,-161.212,nan,nan,nan,2.144
1777025853344578498,238.702,0,-0.7136,-0.2504,0.7563,-160.661,nan,nan,nan,2.252
1777025853444544609,238.802,0,-0.7053,-0.2739,0.7566,-158.779,nan,nan,nan,2.020
1777025853544863422,238.902,0,-0.7003,-0.2990,0.7614,-156.878,nan,nan,nan,2.237
1777025853642781983,239.000,0,-0.6936,-0.3179,0.7630,-155.379,nan,nan,nan,4.030
1777025853740905859,239.098,0,-0.6885,-0.3376,0.7668,-153.880,nan,nan,nan,2.391
1777025853841805429,239.199,0,-0.6840,-0.3560,0.7711,-152.506,nan,nan,nan,3.627
1777025853941931020,239.299,0,-0.6793,-0.3728,0.7749,-151.244,nan,nan,nan,3.245
1777025854043406922,239.401,0,-0.6751,-0.3889,0.7791,-150.056,nan,nan,nan,3.706
1777025854141103836,239.498,0,-0.6719,-0.4081,0.7861,-148.727,nan,nan,nan,2.069
1777025854242201702,239.599,0,-0.6642,-0.4294,0.7909,-147.118,nan,nan,nan,3.115
1777025854340846539,239.698,0,-0.6549,-0.4506,0.7949,-145.471,nan,nan,nan,1.329
1777025854441760665,239.799,0,-0.6461,-0.4695,0.7987,-143.993,nan,nan,nan,3.429
1777025854541206166,239.898,0,-0.6365,-0.4863,0.8010,-142.622,nan,nan,nan,2.082
1777025854640179872,239.997,0,-0.6255,-0.5011,0.8015,-141.303,nan,nan,nan,1.685
1777025854741643070,240.099,0,-0.6209,-0.5039,0.7996,-140.939,nan,nan,nan,1.750
1777025854841983809,240.199,0,-0.6219,-0.4912,0.7925,-141.697,nan,nan,nan,2.167
1777025854941107959,240.298,0,-0.6246,-0.4803,0.7879,-142.438,nan,nan,nan,1.154
1777025855041091570,240.398,0,-0.6276,-0.4719,0.7852,-143.060,nan,nan,nan,1.208
1777025855141251050,240.498,0,-0.6329,-0.4616,0.7833,-143.899,nan,nan,nan,1.087
1777025855243911744,240.601,0,-0.6383,-0.4537,0.7831,-144.596,nan,nan,nan,3.787
1777025855342929876,240.700,0,-0.6457,-0.4459,0.7847,-145.374,nan,nan,nan,3.030
1777025855453541583,240.811,0,-0.6532,-0.4377,0.7863,-146.173,nan,nan,nan,3.957
1777025855540966455,240.898,0,-0.6543,-0.4463,0.7920,-145.702,nan,nan,nan,0.786
1777025855643315799,241.000,0,-0.6594,-0.4630,0.8057,-144.924,nan,nan,nan,2.912
1777025855741120527,241.098,0,-0.6632,-0.4764,0.8165,-144.310,nan,nan,nan,0.999
1777025855843655518,241.201,0,-0.6711,-0.4832,0.8270,-144.248,nan,nan,nan,3.021
1777025855943255685,241.300,0,-0.6854,-0.4746,0.8337,-145.296,nan,nan,nan,2.355
1777025856042468409,241.400,0,-0.6982,-0.4746,0.8443,-145.793,nan,nan,nan,0.513
1777025856143271461,241.500,0,-0.7081,-0.4789,0.8548,-145.928,nan,nan,nan,2.352
1777025856242777129,241.600,0,-0.7166,-0.4840,0.8648,-145.963,nan,nan,nan,1.497
1777025856342603832,241.700,0,-0.7280,-0.4862,0.8754,-146.264,nan,nan,nan,1.837
1777025856441482150,241.799,0,-0.7446,-0.4726,0.8820,-147.597,nan,nan,nan,0.657
1777025856542133943,241.899,0,-0.7664,-0.4485,0.8880,-149.665,nan,nan,nan,0.499
1777025856643228420,242.000,0,-0.7809,-0.4335,0.8931,-150.960,nan,nan,nan,0.719
1777025856743815436,242.101,0,-0.7947,-0.4130,0.8956,-152.538,nan,nan,nan,2.323
1777025856841953589,242.199,0,-0.8037,-0.3887,0.8927,-154.188,nan,nan,nan,1.071
1777025856952516851,242.310,0,-0.8148,-0.3668,0.8935,-155.761,nan,nan,nan,1.519
1777025857042753215,242.400,0,-0.8241,-0.3470,0.8941,-157.164,nan,nan,nan,0.717
1777025857142833788,242.500,0,-0.8312,-0.3262,0.8929,-158.570,nan,nan,nan,0.497
1777025857241472921,242.599,0,-0.8340,-0.3082,0.8892,-159.717,nan,nan,nan,0.592
1777025857342912490,242.700,0,-0.8336,-0.3046,0.8875,-159.929,nan,nan,nan,0.774
1777025857441147606,242.798,0,-0.8333,-0.2993,0.8854,-160.247,nan,nan,nan,1.299
1777025857543254024,242.900,0,-0.8312,-0.3000,0.8837,-160.158,nan,nan,nan,0.968
1777025857641970361,242.999,0,-0.8277,-0.2996,0.8803,-160.103,nan,nan,nan,1.225
1777025857741281343,243.098,0,-0.8228,-0.3040,0.8772,-159.721,nan,nan,nan,1.915
1777025857844431166,243.202,0,-0.8170,-0.3053,0.8722,-159.510,nan,nan,nan,1.615
1777025857944448684,243.302,0,-0.8091,-0.3127,0.8675,-158.869,nan,nan,nan,0.938
1777025858042964558,243.400,0,-0.7977,-0.3226,0.8605,-157.982,nan,nan,nan,0.583
1777025858142803558,243.500,0,-0.7820,-0.3373,0.8517,-156.666,nan,nan,nan,0.086
1777025858244535348,243.602,0,-0.7669,-0.3476,0.8420,-155.618,nan,nan,nan,1.658
1777025858347666670,243.705,0,-0.7482,-0.3625,0.8314,-154.149,nan,nan,nan,0.102
1777025858442583315,243.800,0,-0.7325,-0.3719,0.8215,-153.084,nan,nan,nan,0.702
1777025858542983906,243.900,0,-0.7164,-0.3830,0.8123,-151.870,nan,nan,nan,0.475
1777025858644938602,244.002,0,-0.7006,-0.3903,0.8020,-150.876,nan,nan,nan,1.960
1777025858743120533,244.100,0,-0.6895,-0.3985,0.7964,-149.977,nan,nan,nan,0.964
1777025858844868305,244.202,0,-0.6785,-0.4067,0.7910,-149.058,nan,nan,nan,1.264
1777025858945059248,244.302,0,-0.6660,-0.4154,0.7850,-148.045,nan,nan,nan,1.196
1777025859045991836,244.403,0,-0.6567,-0.4157,0.7772,-147.670,nan,nan,nan,1.460
1777025859143825305,244.501,0,-0.6446,-0.4218,0.7703,-146.799,nan,nan,nan,0.310
1777025859243460695,244.601,0,-0.6332,-0.4268,0.7636,-146.017,nan,nan,nan,1.100
1777025859344316358,244.701,0,-0.6208,-0.4312,0.7559,-145.219,nan,nan,nan,0.161
1777025859443164138,244.800,0,-0.6098,-0.4358,0.7495,-144.445,nan,nan,nan,1.200
1777025859545866555,244.903,0,-0.5946,-0.4420,0.7409,-143.376,nan,nan,nan,1.968
1777025859643260877,245.000,0,-0.5839,-0.4443,0.7337,-142.734,nan,nan,nan,1.597
1777025859744265392,245.101,0,-0.5757,-0.4425,0.7261,-142.453,nan,nan,nan,0.837
1777025859847244919,245.204,0,-0.5663,-0.4454,0.7205,-141.816,nan,nan,nan,2.122
1777025859944366779,245.302,0,-0.5583,-0.4446,0.7137,-141.467,nan,nan,nan,0.478
1777025860051632885,245.409,0,-0.5522,-0.4386,0.7051,-141.542,nan,nan,nan,2.610
1777025860145177238,245.502,0,-0.5595,-0.4272,0.7040,-142.641,nan,nan,nan,0.043
1777025860244698423,245.602,0,-0.5744,-0.4059,0.7033,-144.751,nan,nan,nan,0.646
1777025860346211473,245.703,0,-0.5930,-0.3769,0.7026,-147.559,nan,nan,nan,1.014
1777025860442009819,245.799,0,-0.6100,-0.3483,0.7024,-150.271,nan,nan,nan,3.527
1777025860544423681,245.902,0,-0.6247,-0.3237,0.7036,-152.608,nan,nan,nan,0.919
1777025860643467183,246.001,0,-0.6403,-0.2991,0.7068,-154.961,nan,nan,nan,2.126
1777025860741040357,246.098,0,-0.6520,-0.2756,0.7078,-157.081,nan,nan,nan,4.079
1777025860842545444,246.200,0,-0.6591,-0.2648,0.7103,-158.115,nan,nan,nan,3.406
1777025860944300697,246.301,0,-0.6788,-0.2243,0.7149,-161.712,nan,nan,nan,1.987
1777025861043858883,246.401,0,-0.6897,-0.1990,0.7178,-163.905,nan,nan,nan,3.590
1777025861141613093,246.499,0,-0.6983,-0.1756,0.7200,-165.888,nan,nan,nan,4.060
1777025861242710996,246.600,0,-0.7100,-0.1484,0.7253,-168.196,nan,nan,nan,3.468
1777025861343976491,246.701,0,-0.7190,-0.1245,0.7297,-170.175,nan,nan,nan,2.805
1777025861442954530,246.800,0,-0.7278,-0.0995,0.7346,-172.212,nan,nan,nan,3.419
1777025861541508238,246.899,0,-0.7342,-0.0760,0.7381,-174.091,nan,nan,nan,3.370
1777025861642389716,247.000,0,-0.7415,-0.0534,0.7434,-175.883,nan,nan,nan,3.915
1777025861742019809,247.099,0,-0.7482,-0.0320,0.7489,-177.552,nan,nan,nan,3.468
1777025861842637528,247.200,0,-0.7568,-0.0093,0.7568,-179.295,nan,nan,nan,3.822
1777025861942888397,247.300,0,-0.7616,0.0120,0.7617,179.096,nan,nan,nan,4.077
1777025862042564564,247.400,0,-0.7660,0.0306,0.7666,177.709,nan,nan,nan,3.596
1777025862146026848,247.503,0,-0.7703,0.0542,0.7723,175.972,nan,nan,nan,1.347
1777025862244080872,247.601,0,-0.7753,0.0735,0.7788,174.588,nan,nan,nan,3.571
1777025862345045590,247.702,0,-0.7792,0.0951,0.7850,173.039,nan,nan,nan,2.224
1777025862442011840,247.799,0,-0.7822,0.1123,0.7902,171.828,nan,nan,nan,3.082
1777025862543434483,247.901,0,-0.7858,0.1345,0.7972,170.288,nan,nan,nan,3.942
1777025862641577803,247.999,0,-0.7871,0.1540,0.8020,168.930,nan,nan,nan,2.275
1777025862741630413,248.099,0,-0.7877,0.1763,0.8072,167.382,nan,nan,nan,2.077
1777025862842008133,248.199,0,-0.7886,0.1999,0.8135,165.776,nan,nan,nan,2.553
1777025862942266854,248.299,0,-0.7942,0.2202,0.8242,164.505,nan,nan,nan,2.831
1777025863043953440,248.401,0,-0.7971,0.2413,0.8328,163.156,nan,nan,nan,3.293
1777025863145951711,248.503,0,-0.8023,0.2653,0.8451,161.703,nan,nan,nan,2.003
1777025863245646063,248.603,0,-0.8016,0.2905,0.8526,160.079,nan,nan,nan,2.609
1777025863342543627,248.700,0,-0.7997,0.3192,0.8611,158.245,nan,nan,nan,2.507
1777025863444266362,248.801,0,-0.8016,0.3442,0.8724,156.763,nan,nan,nan,4.021
1777025863543213401,248.900,0,-0.8028,0.3693,0.8837,155.295,nan,nan,nan,3.168
1777025863642741995,249.000,0,-0.8029,0.3956,0.8950,153.771,nan,nan,nan,2.483
1777025863744382507,249.102,0,-0.8042,0.4200,0.9073,152.427,nan,nan,nan,3.518
1777025863843631379,249.201,0,-0.8058,0.4474,0.9217,150.958,nan,nan,nan,3.525
1777025863944761930,249.302,0,-0.8032,0.4674,0.9293,149.806,nan,nan,nan,3.995
1777025864042490937,249.400,0,-0.8044,0.4923,0.9431,148.531,nan,nan,nan,2.428
1777025864142429880,249.500,0,-0.8029,0.5175,0.9552,147.196,nan,nan,nan,1.388
1777025864241608697,249.599,0,-0.8043,0.5398,0.9686,146.130,nan,nan,nan,0.330
1777025864343398672,249.701,0,-0.8029,0.5618,0.9800,145.019,nan,nan,nan,10.688
1777025864442850432,249.800,0,-0.8028,0.5872,0.9946,143.814,nan,nan,nan,1.776
1777025864543553892,249.901,0,-0.8008,0.6098,1.0065,142.710,nan,nan,nan,2.178
1777025864642356006,250.000,0,-0.7900,0.6378,1.0154,141.086,nan,nan,nan,1.334
1777025864742803115,250.100,0,-0.7706,0.6642,1.0173,139.240,nan,nan,nan,0.884
1777025864842563541,250.200,0,-0.7509,0.6883,1.0187,137.491,nan,nan,nan,0.016
1777025865044114183,250.401,0,-0.7418,0.7006,1.0203,136.636,nan,nan,nan,13.040
1777025865141718078,250.499,0,-0.6981,0.7499,1.0246,132.948,nan,nan,nan,1.427
1777025865242570501,250.600,0,-0.6791,0.7693,1.0262,131.435,nan,nan,nan,0.193
1777025865343857385,250.701,0,-0.6595,0.7875,1.0271,129.945,nan,nan,nan,1.822
1777025865442920350,250.800,0,-0.6405,0.8038,1.0278,128.552,nan,nan,nan,0.504
1777025865542813183,250.900,0,-0.6193,0.8204,1.0279,127.051,nan,nan,nan,1.006
1777025865647147316,251.004,0,-0.5953,0.8376,1.0276,125.405,nan,nan,nan,3.258
1777025865741998628,251.099,0,-0.5754,0.8508,1.0271,124.072,nan,nan,nan,0.110
1777025865842483681,251.200,0,-0.5530,0.8643,1.0261,122.614,nan,nan,nan,0.173
1777025865943304493,251.300,0,-0.5322,0.8744,1.0236,121.328,nan,nan,nan,0.640
1777025866044304544,251.401,0,-0.5107,0.8830,1.0200,120.045,nan,nan,nan,1.794
1777025866142876696,251.500,0,-0.4930,0.8873,1.0150,119.060,nan,nan,nan,0.212
1777025866242793381,251.600,0,-0.4719,0.8895,1.0069,117.949,nan,nan,nan,0.282
1777025866343371730,251.701,0,-0.4519,0.8905,0.9986,116.907,nan,nan,nan,0.504
1777025866443232433,251.800,0,-0.4297,0.8917,0.9898,115.730,nan,nan,nan,8.027
1777025867444586995,252.802,0,-0.4297,0.8917,0.9898,115.730,nan,nan,nan,8.950
1777025868045559598,253.403,0,-0.2860,0.7996,0.8492,109.683,nan,nan,nan,0.767
1777025868144374323,253.502,0,-0.3068,0.7922,0.8495,111.169,nan,nan,nan,0.425
1777025868243315381,253.600,0,-0.3287,0.7836,0.8498,112.755,nan,nan,nan,2.029
1777025868346208353,253.703,0,-0.3485,0.7753,0.8501,114.203,nan,nan,nan,1.380
1777025868442367420,253.800,0,-0.3680,0.7665,0.8503,115.643,nan,nan,nan,2.549
1777025868544554282,253.902,0,-0.3877,0.7575,0.8509,117.102,nan,nan,nan,0.271
1777025868645941888,254.003,0,-0.4075,0.7480,0.8517,118.581,nan,nan,nan,0.814
1777025868746491089,254.104,0,-0.4267,0.7374,0.8520,120.054,nan,nan,nan,1.313
1777025868842236361,254.199,0,-0.4463,0.7262,0.8523,121.572,nan,nan,nan,3.276
1777025868944755853,254.302,0,-0.4694,0.7118,0.8527,123.404,nan,nan,nan,0.886
1777025869042218471,254.399,0,-0.4976,0.6938,0.8538,125.650,nan,nan,nan,3.204
1777025869143717002,254.501,0,-0.5289,0.6722,0.8553,128.197,nan,nan,nan,2.538
1777025869243677168,254.601,0,-0.5581,0.6516,0.8579,130.581,nan,nan,nan,2.309
1777025869342494505,254.700,0,-0.5905,0.6237,0.8589,133.434,nan,nan,nan,3.424
1777025869442698762,254.800,0,-0.6283,0.5899,0.8619,136.807,nan,nan,nan,3.150
1777025869542661965,254.900,0,-0.6558,0.5603,0.8626,139.487,nan,nan,nan,3.589
1777025869642437502,255.000,0,-0.6836,0.5294,0.8646,142.244,nan,nan,nan,3.864
1777025869743497535,255.101,0,-0.7114,0.4935,0.8658,145.251,nan,nan,nan,2.722
1777025869843417461,255.201,0,-0.7365,0.4575,0.8670,148.154,nan,nan,nan,3.285
1777025869942844369,255.300,0,-0.7612,0.4196,0.8692,151.136,nan,nan,nan,3.959
1777025870043422218,255.401,0,-0.7845,0.3800,0.8717,154.156,nan,nan,nan,3.792
1777025870141869889,255.499,0,-0.8039,0.3399,0.8728,157.083,nan,nan,nan,3.489
1777025870244409417,255.602,0,-0.8226,0.2916,0.8727,160.483,nan,nan,nan,2.400
1777025870342036183,255.699,0,-0.8352,0.2493,0.8716,163.377,nan,nan,nan,3.485
1777025870442932994,255.800,0,-0.8511,0.2005,0.8744,166.747,nan,nan,nan,3.843
1777025870542128107,255.899,0,-0.8532,0.1553,0.8672,169.685,nan,nan,nan,3.449
1777025870642414142,256.000,0,-0.8522,0.1102,0.8593,172.631,nan,nan,nan,3.338
1777025870741836014,256.099,0,-0.8582,0.0650,0.8606,175.667,nan,nan,nan,2.414
1777025870844391931,256.202,0,-0.8558,0.0171,0.8560,178.855,nan,nan,nan,2.773
1777025870941946345,256.299,0,-0.8513,-0.0213,0.8516,-178.564,nan,nan,nan,2.157
1777025871043794172,256.401,0,-0.8446,-0.0642,0.8470,-175.654,nan,nan,nan,4.092
1777025871142202213,256.499,0,-0.8352,-0.0999,0.8412,-173.176,nan,nan,nan,1.101
1777025871245758164,256.603,0,-0.8249,-0.1348,0.8358,-170.722,nan,nan,nan,2.276
1777025871343112116,256.700,0,-0.8137,-0.1665,0.8306,-168.433,nan,nan,nan,3.138
1777025871444377352,256.802,0,-0.8074,-0.1827,0.8278,-167.252,nan,nan,nan,4.361
1777025871544228629,256.901,0,-0.8065,-0.1967,0.8301,-166.294,nan,nan,nan,3.945
1777025871643792352,257.001,0,-0.7995,-0.2130,0.8274,-165.080,nan,nan,nan,3.303
1777025871745180310,257.102,0,-0.7949,-0.2302,0.8275,-163.846,nan,nan,nan,3.834
1777025871844487163,257.202,0,-0.7873,-0.2505,0.8262,-162.353,nan,nan,nan,3.997
1777025871944100978,257.301,0,-0.7764,-0.2662,0.8208,-161.076,nan,nan,nan,3.693
1777025872043751256,257.401,0,-0.7578,-0.2919,0.8121,-158.932,nan,nan,nan,3.384
1777025872142055668,257.499,0,-0.7373,-0.3183,0.8031,-156.654,nan,nan,nan,1.178
1777025872242839276,257.600,0,-0.7201,-0.3236,0.7895,-155.804,nan,nan,nan,2.329
1777025872345039583,257.702,0,-0.6983,-0.3353,0.7747,-154.352,nan,nan,nan,4.324
1777025872445392322,257.803,0,-0.6649,-0.3547,0.7536,-151.925,nan,nan,nan,3.889
1777025872542351312,257.900,0,-0.6459,-0.3705,0.7446,-150.162,nan,nan,nan,0.090
1777025872643161179,258.000,0,-0.6384,-0.3863,0.7462,-148.820,nan,nan,nan,1.921
1777025872741316295,258.098,0,-0.6180,-0.4071,0.7400,-146.628,nan,nan,nan,0.238
1777025872842847086,258.200,0,-0.6008,-0.4148,0.7301,-145.377,nan,nan,nan,1.583
1777025872942629086,258.300,0,-0.5885,-0.4348,0.7317,-143.545,nan,nan,nan,0.643
1777025873046261000,258.403,0,-0.5709,-0.4532,0.7289,-141.555,nan,nan,nan,3.754
1777025873143656007,258.501,0,-0.5564,-0.4675,0.7267,-139.965,nan,nan,nan,0.578
1777025873242851490,258.600,0,-0.5402,-0.4854,0.7263,-138.057,nan,nan,nan,1.519
1777025873344741354,258.702,0,-0.5331,-0.4975,0.7292,-136.975,nan,nan,nan,2.390
1777025873443889208,258.801,0,-0.5323,-0.5108,0.7378,-136.184,nan,nan,nan,2.374
1777025873542460600,258.900,0,-0.5204,-0.5292,0.7422,-134.524,nan,nan,nan,0.764
1777025873643210875,259.000,0,-0.5063,-0.5491,0.7469,-132.680,nan,nan,nan,0.560
1777025873743276133,259.100,0,-0.5013,-0.5668,0.7567,-131.492,nan,nan,nan,1.283
1777025873845192552,259.202,0,-0.4945,-0.5832,0.7646,-130.294,nan,nan,nan,2.400
1777025873943788296,259.301,0,-0.4851,-0.6016,0.7728,-128.879,nan,nan,nan,0.400
1777025874045439939,259.403,0,-0.4775,-0.6195,0.7822,-127.625,nan,nan,nan,1.527
1777025874144171349,259.501,0,-0.4668,-0.6387,0.7911,-126.163,nan,nan,nan,1.034
1777025874244708865,259.602,0,-0.4631,-0.6538,0.8012,-125.313,nan,nan,nan,0.037
1777025874345568195,259.703,0,-0.4561,-0.6724,0.8125,-124.147,nan,nan,nan,1.416
1777025874445610675,259.803,0,-0.4479,-0.6911,0.8236,-122.947,nan,nan,nan,2.497
1777025874545748582,259.903,0,-0.4423,-0.7094,0.8360,-121.944,nan,nan,nan,2.666
1777025874643119848,260.000,0,-0.4370,-0.7265,0.8478,-121.027,nan,nan,nan,0.646
1777025874742299480,260.099,0,-0.4310,-0.7438,0.8597,-120.092,nan,nan,nan,1.136
1777025874843524864,260.201,0,-0.4266,-0.7609,0.8723,-119.275,nan,nan,nan,0.169
1777025874944284139,260.301,0,-0.4189,-0.7760,0.8819,-118.364,nan,nan,nan,0.995
1777025875046776648,260.404,0,-0.4142,-0.7986,0.8996,-117.411,nan,nan,nan,3.684
1777025875141942274,260.499,0,-0.4070,-0.8164,0.9123,-116.497,nan,nan,nan,1.633
1777025875244443450,260.602,0,-0.3952,-0.8318,0.9209,-115.417,nan,nan,nan,0.269
1777025875344436227,260.702,0,-0.3881,-0.8523,0.9365,-114.484,nan,nan,nan,0.597
1777025875444190672,260.801,0,-0.3920,-0.8728,0.9568,-114.186,nan,nan,nan,0.257
1777025875543144100,260.900,0,-0.3783,-0.8982,0.9746,-112.838,nan,nan,nan,1.162
1777025875642731916,261.000,0,-0.3755,-0.9159,0.9899,-112.291,nan,nan,nan,1.365
1777025875742063435,261.099,0,-0.3713,-0.9341,1.0051,-111.677,nan,nan,nan,2.217
1777025875843485671,261.201,0,-0.3635,-0.9532,1.0202,-110.871,nan,nan,nan,0.882
1777025875943601799,261.301,0,-0.3644,-0.9745,1.0404,-110.502,nan,nan,nan,2.785
1777025876042813486,261.400,0,-0.3602,-0.9883,1.0519,-110.025,nan,nan,nan,6.267
1777025876142077117,261.499,0,-0.3574,-1.0131,1.0743,-109.433,nan,nan,nan,3.427
1777025876243190465,261.600,0,-0.3538,-1.0340,1.0929,-108.890,nan,nan,nan,1.075
1777025876343332852,261.700,0,-0.3580,-1.0572,1.1161,-108.708,nan,nan,nan,1.649
1777025876447169265,261.804,0,-0.3585,-1.0793,1.1373,-108.376,nan,nan,nan,2.428
1777025876542138132,261.899,0,-0.3557,-1.1027,1.1587,-107.879,nan,nan,nan,2.690
1777025876645255399,262.002,0,-0.3525,-1.1271,1.1810,-107.365,nan,nan,nan,0.497
1777025876741776632,262.099,0,-0.3516,-1.1510,1.2035,-106.987,nan,nan,nan,3.496
1777025876843254775,262.200,0,-0.3510,-1.1762,1.2275,-106.615,nan,nan,nan,2.161
1777025876945427711,262.303,0,-0.3572,-1.1998,1.2518,-106.580,nan,nan,nan,0.466
1777025877043288625,262.400,0,-0.3549,-1.2266,1.2769,-106.139,nan,nan,nan,2.347
1777025877142156461,262.499,0,-0.3523,-1.2509,1.2995,-105.729,nan,nan,nan,3.644
1777025877245172191,262.602,0,-0.3481,-1.2843,1.3306,-105.167,nan,nan,nan,0.688
1777025877345496263,262.703,0,-0.3592,-1.3092,1.3576,-105.341,nan,nan,nan,0.629
1777025877442664994,262.800,0,-0.3693,-1.3289,1.3793,-105.531,nan,nan,nan,3.511
1777025877542109272,262.899,0,-0.3592,-1.3619,1.4084,-104.776,nan,nan,nan,4.329
1777025877641350515,262.999,0,-0.3606,-1.3888,1.4348,-104.556,nan,nan,nan,3.827
1777025877743161230,263.100,0,-0.3697,-1.4133,1.4608,-104.660,nan,nan,nan,3.395
1777025877844376689,263.202,0,-0.3749,-1.4311,1.4794,-104.678,nan,nan,nan,3.483
1777025877943533542,263.301,0,-0.3813,-1.4503,1.4996,-104.732,nan,nan,nan,3.325
1777025878045303906,263.402,0,-0.3899,-1.4632,1.5142,-104.922,nan,nan,nan,3.321
1777025878146116699,263.503,0,-0.4021,-1.4655,1.5196,-105.342,nan,nan,nan,2.591
1777025878242815505,263.600,0,-0.4164,-1.4684,1.5263,-105.833,nan,nan,nan,0.026
1777025878343554687,263.701,0,-0.4317,-1.4715,1.5335,-106.349,nan,nan,nan,3.326
1777025878442526708,263.800,0,-0.4477,-1.4746,1.5411,-106.888,nan,nan,nan,2.731
1777025878542821762,263.900,0,-0.4655,-1.4769,1.5485,-107.493,nan,nan,nan,3.069
1777025878641557099,263.999,0,-0.4821,-1.4800,1.5566,-108.044,nan,nan,nan,1.830
1777025878741439265,264.099,0,-0.5010,-1.4822,1.5646,-108.676,nan,nan,nan,1.745
1777025878843690035,264.201,0,-0.5188,-1.4847,1.5727,-109.261,nan,nan,nan,3.710
1777025878943391887,264.301,0,-0.5391,-1.4871,1.5818,-109.926,nan,nan,nan,2.058
1777025879046284951,264.403,0,-0.5617,-1.4899,1.5923,-110.658,nan,nan,nan,1.566
1777025879143151127,264.500,0,-0.5798,-1.4968,1.6051,-111.173,nan,nan,nan,3.043
1777025879244870083,264.602,0,-0.6166,-1.5074,1.6286,-112.247,nan,nan,nan,3.904
1777025879345608858,264.703,0,-0.6478,-1.5268,1.6586,-112.992,nan,nan,nan,2.907
1777025879444064492,264.801,0,-0.6772,-1.5468,1.6885,-113.645,nan,nan,nan,3.797
1777025879541567128,264.899,0,-0.7170,-1.5615,1.7183,-114.663,nan,nan,nan,0.125
1777025879641425683,264.999,0,-0.7646,-1.5729,1.7489,-115.926,nan,nan,nan,0.140
1777025879743208862,265.100,0,-0.8225,-1.5789,1.7803,-117.516,nan,nan,nan,2.380
1777025879841575515,265.199,0,-0.8849,-1.5840,1.8144,-119.190,nan,nan,nan,1.908
1777025879941398792,265.299,0,-0.9467,-1.5876,1.8484,-120.807,nan,nan,nan,0.668
1777025880043452878,265.401,0,-1.0112,-1.5885,1.8830,-122.480,nan,nan,nan,3.468
1777025880142835527,265.500,0,-1.0782,-1.5874,1.9190,-124.185,nan,nan,nan,2.665
1777025880242051121,265.599,0,-1.1450,-1.5841,1.9545,-125.860,nan,nan,nan,0.515
1777025880342309508,265.699,0,-1.2162,-1.5772,1.9916,-127.636,nan,nan,nan,1.793
1777025880441074456,265.798,0,-1.2822,-1.5638,2.0222,-129.349,nan,nan,nan,1.038
1777025880543817669,265.901,0,-1.3538,-1.5458,2.0548,-131.212,nan,nan,nan,3.439
1777025880641828193,265.999,0,-1.4254,-1.5204,2.0841,-133.153,nan,nan,nan,0.732
1777025880741477471,266.099,0,-1.4986,-1.4955,2.1172,-135.060,nan,nan,nan,1.017
1777025880841406526,266.199,0,-1.5651,-1.4648,2.1436,-136.897,nan,nan,nan,0.662
1777025880941202970,266.298,0,-1.6380,-1.4267,2.1722,-138.943,nan,nan,nan,0.630
1777025881041339321,266.398,0,-1.7054,-1.3887,2.1993,-140.844,nan,nan,nan,0.150
1777025881141450893,266.499,0,-1.7685,-1.3487,2.2241,-142.670,nan,nan,nan,0.387
1777025881241166449,266.598,0,-1.8306,-1.3023,2.2465,-144.572,nan,nan,nan,0.049
1777025881340853134,266.698,0,-1.8893,-1.2571,2.2693,-146.361,nan,nan,nan,0.994
1777025881440667542,266.798,0,-1.9537,-1.1995,2.2925,-148.452,nan,nan,nan,0.872
1777025881542116240,266.899,0,-2.0171,-1.1409,2.3174,-150.506,nan,nan,nan,0.339
1777025881641140816,266.998,0,-2.0813,-1.0769,2.3434,-152.642,nan,nan,nan,1.676
1777025881740903687,267.098,0,-2.1478,-1.0064,2.3719,-154.893,nan,nan,nan,1.304
1777025881840186818,267.197,0,-2.2085,-0.9374,2.3992,-157.002,nan,nan,nan,2.263
1777025881940275780,267.297,0,-2.2638,-0.8682,2.4246,-159.017,nan,nan,nan,2.060
1777025882037288307,267.394,0,-2.3165,-0.7958,2.4494,-161.040,nan,nan,nan,3.315
1777025882138032970,267.495,0,-2.3717,-0.7178,2.4779,-163.162,nan,nan,nan,4.275
1777025882239070799,267.596,0,-2.4277,-0.6345,2.5092,-165.352,nan,nan,nan,5.177
1777025882332399005,267.690,0,-2.4736,-0.5589,2.5360,-167.269,nan,nan,nan,1.640
1777025882431102434,267.788,0,-2.5167,-0.4840,2.5628,-169.114,nan,nan,nan,5.387
1777025882536589175,267.894,0,-2.5632,-0.3939,2.5933,-171.263,nan,nan,nan,2.038
1777025882636583526,267.994,0,-2.6068,-0.3010,2.6241,-173.413,nan,nan,nan,2.106
1777025882735328770,268.092,0,-2.6443,-0.2144,2.6529,-175.364,nan,nan,nan,1.131
1777025882838034390,268.195,0,-2.6802,-0.1263,2.6832,-177.301,nan,nan,nan,3.282
1777025882937477651,268.295,0,-2.7134,-0.0365,2.7136,-179.229,nan,nan,nan,2.464
1777025883035688748,268.393,0,-2.7451,0.0524,2.7456,178.905,nan,nan,nan,0.393
1777025883137671982,268.495,0,-2.7695,0.1643,2.7744,176.605,nan,nan,nan,2.194
1777025883236311300,268.593,0,-2.7797,0.3116,2.7971,173.605,nan,nan,nan,1.738
1777025883330242226,268.687,0,-2.7881,0.4430,2.8231,170.973,nan,nan,nan,2.522
1777025883430655409,268.788,0,-2.7947,0.5833,2.8549,168.210,nan,nan,nan,3.524
1777025883530614334,268.888,0,-2.7912,0.7203,2.8826,165.530,nan,nan,nan,3.170
1777025883632722753,268.990,0,-2.7821,0.8703,2.9150,162.629,nan,nan,nan,2.857
1777025883730281871,269.087,0,-2.7690,0.9927,2.9416,160.278,nan,nan,nan,2.793
1777025883830388518,269.188,0,-2.7476,1.1301,2.9709,157.643,nan,nan,nan,3.045
1777025883930517294,269.288,0,-2.7187,1.2681,2.9999,154.994,nan,nan,nan,2.545
1777025884029132575,269.386,0,-2.6853,1.4022,3.0293,152.427,nan,nan,nan,1.441
1777025884130879291,269.488,0,-2.6422,1.5385,3.0575,149.789,nan,nan,nan,3.643
1777025884229900960,269.587,0,-2.5927,1.6761,3.0873,147.117,nan,nan,nan,0.885
1777025884329117832,269.686,0,-2.5420,1.7996,3.1146,144.703,nan,nan,nan,1.258
1777025884432167748,269.789,0,-2.4788,1.9155,3.1327,142.304,nan,nan,nan,3.891
1777025884532093932,269.889,0,-2.4094,2.0470,3.1615,139.649,nan,nan,nan,3.643
1777025884636270474,269.993,0,-2.3379,2.1746,3.1929,137.073,nan,nan,nan,0.543
1777025884737177211,270.094,0,-2.2620,2.2907,3.2194,134.639,nan,nan,nan,0.487
1777025884830777990,270.188,0,-2.1849,2.3963,3.2428,132.358,nan,nan,nan,3.345
1777025884931162969,270.288,0,-2.0881,2.5142,3.2682,129.711,nan,nan,nan,3.115
1777025885031789429,270.389,0,-2.0002,2.6157,3.2928,127.404,nan,nan,nan,3.329
1777025885130809191,270.488,0,-1.9029,2.7185,3.3184,124.991,nan,nan,nan,2.542
1777025885237599743,270.595,0,-1.7920,2.8264,3.3466,122.376,nan,nan,nan,0.854
1777025885337519890,270.695,0,-1.6851,2.9180,3.3696,120.005,nan,nan,nan,0.810
1777025885440565102,270.798,0,-1.5755,3.0032,3.3914,117.681,nan,nan,nan,3.747
1777025885538682922,270.896,0,-1.4592,3.0830,3.4109,115.328,nan,nan,nan,1.948
1777025885639993361,270.997,0,-1.3543,3.1528,3.4314,113.245,nan,nan,nan,2.650
1777025885739783621,271.097,0,-1.2039,3.2315,3.4485,110.433,nan,nan,nan,1.496
1777025885842340445,271.199,0,-1.0718,3.2969,3.4667,108.009,nan,nan,nan,3.361
1777025885941228744,271.298,0,-0.9614,3.3461,3.4815,106.030,nan,nan,nan,3.031
1777025886041184188,271.398,0,-0.8318,3.3962,3.4966,103.762,nan,nan,nan,2.923
1777025886140847151,271.498,0,-0.6936,3.4411,3.5103,101.395,nan,nan,nan,2.834
1777025886241015335,271.598,0,-0.5633,3.4782,3.5235,99.199,nan,nan,nan,3.022
1777025886341500536,271.699,0,-0.3945,3.5116,3.5337,96.409,nan,nan,nan,2.096
1777025886440648038,271.798,0,-0.2531,3.5341,3.5432,94.097,nan,nan,nan,2.252
1777025886542378328,271.900,0,-0.1167,3.5479,3.5498,91.884,nan,nan,nan,4.211
1777025886646061612,272.003,0,0.0449,3.5567,3.5570,89.277,nan,nan,nan,1.626
1777025886741381181,272.099,0,0.1511,3.5505,3.5537,87.562,-11728.10,1222.08,1320.15,2.590
1777025886844582652,272.202,0,0.2839,3.5353,3.5467,85.408,-6063.81,650.53,702.73,2.115
1777025886942923082,272.300,0,0.4083,3.5126,3.5363,83.369,-4089.02,452.34,488.64,4.089
1777025887042857452,272.400,0,0.5308,3.4837,3.5239,81.336,-3042.71,347.97,375.89,3.933
1777025887141888732,272.499,0,0.6595,3.4456,3.5082,79.164,-2355.98,280.06,302.54,2.952
1777025887244481723,272.602,0,0.7883,3.3982,3.4885,76.940,-1887.22,234.31,253.11,4.823
1777025887343530485,272.701,0,0.9206,3.3390,3.4636,74.586,-1536.37,200.64,216.74,3.533
1777025887442935152,272.800,0,1.0301,3.2820,3.4399,72.574,-1310.13,179.30,193.69,3.936
1777025887542108617,272.899,0,1.1493,3.2171,3.4163,70.340,-1111.62,160.71,173.61,3.100
1777025887645139329,273.002,0,1.2701,3.1421,3.3891,67.990,-944.75,145.43,157.10,2.682
1777025887745695475,273.103,0,1.3633,3.0744,3.3631,66.086,-832.49,135.49,146.36,2.021
1777025887843706443,273.201,0,1.4286,3.0177,3.3387,64.667,-759.27,129.30,139.67,3.987
1777025887943496350,273.301,0,1.5039,2.9504,3.3116,62.992,-682.06,122.82,132.68,3.807
1777025888042561463,273.400,0,1.5876,2.8742,3.2835,61.086,-604.36,116.35,125.68,2.722
1777025888143858459,273.501,0,1.6543,2.8022,3.2541,59.443,-544.52,111.65,120.61,3.891
1777025888243432311,273.601,0,1.7185,2.7325,3.2280,57.834,-491.27,107.48,116.11,3.445
1777025888342447869,273.700,0,1.7749,2.6622,3.1996,56.308,-445.02,104.07,112.42,2.545
1777025888442882867,273.800,0,1.8205,2.5948,3.1697,54.947,-406.77,101.46,109.60,2.613
1777025888542269534,273.899,0,1.8438,2.5401,3.1387,54.025,-382.29,100.18,108.22,1.888
1777025888642794662,274.000,0,1.8417,2.5055,3.1095,53.682,-373.46,100.29,108.34,1.968
1777025888741479665,274.099,0,1.8200,2.4832,3.0787,53.761,-375.49,101.49,109.63,0.597
1777025888843635065,274.201,0,1.8133,2.4511,3.0490,53.507,-369.01,101.86,110.04,2.485
1777025888944082488,274.301,0,1.7947,2.4272,3.0187,53.521,-369.37,102.92,111.18,3.048
1777025889044476542,274.402,0,1.7801,2.4022,2.9898,53.460,-367.83,103.76,112.09,2.901
1777025889141495217,274.499,0,1.7636,2.3796,2.9618,53.457,-367.74,104.74,113.14,0.411
1777025889242089214,274.599,0,1.7506,2.3506,2.9308,53.323,-364.37,105.51,113.98,1.147
1777025889342686730,274.700,0,1.7357,2.3216,2.8987,53.217,-361.71,106.42,114.96,1.402
1777025889441782732,274.799,0,1.7119,2.2978,2.8654,53.313,-364.13,107.90,116.56,0.426
1777025889541675713,274.899,0,1.7019,2.2630,2.8316,53.054,-357.67,108.53,117.24,0.016
1777025889642604024,275.000,0,1.6781,2.2461,2.8038,53.235,-362.18,110.07,118.90,0.482
1777025889741990711,275.099,0,1.6561,2.2199,2.7695,53.276,-363.21,111.53,120.48,0.352
1777025889842867985,275.200,0,1.6344,2.1793,2.7241,53.132,-359.61,113.02,122.09,1.197
1777025889943161705,275.300,0,1.6149,2.1446,2.6846,53.020,-356.82,114.38,123.55,1.455
1777025890044162646,275.401,0,1.5773,2.1218,2.6438,53.373,-365.63,117.10,126.50,2.611
1777025890142601298,275.500,0,1.5525,2.0896,2.6031,53.389,-366.04,118.98,128.53,1.376
1777025890243569202,275.601,0,1.5280,2.0605,2.5653,53.441,-367.35,120.88,130.58,1.382
1777025890347384393,275.705,0,1.5018,2.0240,2.5203,53.424,-366.92,122.99,132.86,2.904
1777025890442926535,275.800,0,1.4861,1.9947,2.4874,53.312,-364.10,124.29,134.26,0.529
1777025890541555539,275.899,0,1.4664,1.9646,2.4515,53.262,-362.84,125.96,136.07,0.754
1777025890643606254,276.001,0,1.4580,1.9187,2.4098,52.770,-350.67,126.69,136.86,1.037
1777025890741877203,276.099,0,1.4381,1.8931,2.3774,52.777,-350.84,128.44,138.74,1.727
1777025890843956510,276.201,0,1.4207,1.8797,2.3562,52.917,-354.28,130.01,140.44,1.322
1777025890941957868,276.299,0,1.3958,1.8789,2.3406,53.391,-366.09,132.33,142.95,1.300
1777025891041888460,276.399,0,1.3809,1.8723,2.3265,53.591,-371.13,133.76,144.50,2.080
1777025891142397920,276.500,0,1.3596,1.8714,2.3132,54.001,-381.68,135.85,146.76,0.718
1777025891242857770,276.600,0,1.3347,1.8704,2.2978,54.488,-394.44,138.39,149.49,0.187
1777025891342970472,276.700,0,1.3138,1.8683,2.2840,54.886,-405.10,140.59,151.88,0.376
1777025891441404588,276.799,0,1.2889,1.8684,2.2698,55.400,-419.21,143.31,154.81,2.023
1777025891543228914,276.900,0,1.2691,1.8653,2.2561,55.769,-429.55,145.54,157.22,0.415
1777025891642272676,276.999,0,1.2532,1.8592,2.2421,56.018,-436.63,147.39,159.21,0.977
1777025891742086898,277.099,0,1.2341,1.8549,2.2279,56.364,-446.65,149.67,161.69,1.211
1777025891844408945,277.202,0,1.2144,1.8518,2.2145,56.743,-457.83,152.10,164.30,0.967
1777025891943948224,277.301,0,1.1943,1.8487,2.2009,57.136,-469.63,154.66,167.07,0.628
1777025892042643375,277.400,0,1.1782,1.8434,2.1877,57.416,-478.21,156.78,169.36,1.628
1777025892144933293,277.502,0,1.1585,1.8394,2.1738,57.796,-490.09,159.44,172.24,0.268
1777025892242359004,277.600,0,1.1405,1.8344,2.1600,58.130,-500.72,161.96,174.95,1.962
1777025892342171893,277.699,0,1.1652,1.8028,2.1466,57.126,-469.33,158.53,171.25,2.529
1777025892441580283,277.799,0,1.2422,1.7410,2.1387,54.493,-394.57,148.70,160.63,3.182
1777025892541980929,277.899,0,1.3216,1.6770,2.1352,51.760,-326.53,139.76,150.98,2.321
1777025892642032150,277.999,0,1.4041,1.6025,2.1306,48.776,-261.04,131.55,142.11,5.531
1777025892741142022,278.098,0,1.5178,1.4883,2.1257,44.437,-178.55,121.69,131.46,3.183
1777025892843409366,278.201,0,1.6120,1.3798,2.1219,40.563,-114.64,114.58,123.78,1.014
1777025892941606056,278.299,0,1.6993,1.2628,2.1171,36.617,-56.74,108.70,117.42,2.983
1777025893042493479,278.400,1,1.7876,1.1255,2.1124,32.195,1.51,103.33,111.62,2.675
1777025893141647480,278.499,1,1.8615,0.9853,2.1062,27.891,52.99,99.22,107.19,3.502
1777025893242260793,278.599,1,1.8923,0.9157,2.1022,25.823,76.26,97.61,105.44,2.693
1777025893343134882,278.700,1,1.9361,0.8049,2.0968,22.574,111.24,95.40,103.06,2.415
1777025893441304387,278.798,1,1.9768,0.6592,2.0838,18.441,153.46,93.44,100.94,4.143
1777025893543328972,278.900,1,1.9957,0.5663,2.0745,15.841,178.97,92.55,99.98,1.583
1777025893642432826,279.000,1,2.0006,0.5358,2.0711,14.993,187.14,92.33,99.74,2.959
1777025893739921463,279.097,1,2.0017,0.5348,2.0719,14.958,187.47,92.27,99.68,2.963
1777025893841724456,279.199,1,2.0015,0.5355,2.0719,14.979,187.27,92.28,99.69,3.633
1777025893940793921,279.298,1,2.0010,0.5386,2.0723,15.064,186.46,92.31,99.71,3.050
1777025894043102969,279.400,1,2.0009,0.5386,2.0722,15.067,186.43,92.31,99.72,2.559
1777025894141857453,279.499,1,2.0009,0.5388,2.0722,15.071,186.39,92.31,99.72,4.432
1777025894243190152,279.600,1,2.0009,0.5389,2.0722,15.074,186.36,92.31,99.72,3.566
1777025894342994578,279.700,1,2.0010,0.5388,2.0723,15.070,186.40,92.31,99.72,2.098
1777025894440960454,279.798,1,2.0006,0.5392,2.0720,15.084,186.26,92.33,99.74,2.627
1777025894543385593,279.901,1,2.0010,0.5386,2.0722,15.066,186.43,92.31,99.72,2.538
1777025894640864119,279.998,1,2.0009,0.5388,2.0722,15.071,186.39,92.31,99.72,2.919
1777025894740185287,280.097,1,2.0010,0.5387,2.0722,15.067,186.42,92.31,99.72,1.950
1777025894846376304,280.204,1,2.0009,0.5390,2.0722,15.076,186.34,92.31,99.72,0.148
1777025894941674132,280.299,1,2.0010,0.5388,2.0722,15.071,186.39,92.31,99.72,3.311
1777025895043434848,280.401,1,2.0010,0.5389,2.0722,15.072,186.38,92.31,99.72,6.523
1777025895142248592,280.499,1,2.0009,0.5389,2.0722,15.073,186.37,92.31,99.72,3.884
1777025895241595130,280.599,1,2.0009,0.5389,2.0722,15.074,186.36,92.31,99.72,3.131
1777025895341844721,280.699,1,2.0005,0.5394,2.0719,15.090,186.21,92.33,99.74,2.455
1777025895445245432,280.802,1,2.0009,0.5389,2.0722,15.073,186.37,92.31,99.72,2.292
1777025895541876831,280.899,1,2.0005,0.5392,2.0719,15.085,186.26,92.33,99.74,2.889
1777025895642427865,281.000,1,2.0009,0.5389,2.0722,15.074,186.36,92.31,99.72,3.470
1777025895741209109,281.098,1,2.0006,0.5395,2.0721,15.092,186.19,92.33,99.74,2.131
1777025895841273626,281.198,1,2.0009,0.5390,2.0722,15.077,186.33,92.31,99.72,2.390
1777025895942353548,281.300,1,2.0108,0.5001,2.0721,13.967,196.94,91.86,99.23,3.309
1777025896040823645,281.398,1,2.0217,0.4543,2.0721,12.665,209.25,91.37,98.70,1.479
1777025896141025958,281.498,1,2.0329,0.4003,2.0719,11.138,223.53,90.86,98.15,1.096
1777025896240606977,281.598,1,2.0433,0.3439,2.0720,9.554,238.19,90.40,97.65,0.703
1777025896343118857,281.700,1,2.0528,0.2627,2.0695,7.293,258.89,89.98,97.20,3.627
1777025896440534865,281.798,1,2.0491,0.1889,2.0577,5.268,277.24,90.14,97.38,0.737
1777025896541278380,281.898,1,2.0410,0.1193,2.0445,3.346,294.55,90.50,97.76,1.370
1777025896643231447,282.000,1,2.0283,0.0469,2.0289,1.326,312.67,91.06,98.37,3.185
1777025896741863451,282.099,1,2.0131,-0.0207,2.0132,-0.588,329.82,91.75,99.12,0.562
1777025896840208159,282.197,1,1.9981,-0.0806,1.9997,-2.310,345.24,92.44,99.86,7.120
1777025896941992430,282.299,1,1.9761,-0.1618,1.9827,-4.682,366.57,93.47,100.97,1.114
1777025897043807479,282.401,1,1.9525,-0.2289,1.9658,-6.686,384.69,94.60,102.19,3.573
1777025897142081261,282.499,1,1.9338,-0.2604,1.9512,-7.669,393.64,95.52,103.18,1.532
1777025897243721107,282.601,1,1.9057,-0.3192,1.9323,-9.507,410.47,96.92,104.70,3.016
1777025897341480447,282.699,1,1.8793,-0.3678,1.9150,-11.075,424.98,98.29,106.17,2.517
1777025897440690374,282.798,1,1.8458,-0.4184,1.8926,-12.770,440.84,100.07,108.10,0.761
1777025897541503501,282.899,1,1.8302,-0.4069,1.8749,-12.533,438.61,100.92,109.02,0.175
1777025897641288797,282.998,1,1.8121,-0.4036,1.8565,-12.555,438.82,101.93,110.11,0.200
1777025897739194099,283.096,1,1.7916,-0.4094,1.8378,-12.872,441.80,103.10,111.37,1.716
1777025897840871889,283.198,1,1.7709,-0.4123,1.8183,-13.107,444.01,104.30,112.67,0.342
1777025897940940314,283.298,1,1.7437,-0.4121,1.7917,-13.297,445.81,105.93,114.43,1.142
1777025898040410833,283.398,1,1.7071,-0.4172,1.7574,-13.732,449.92,108.20,116.88,0.850
1777025898141228367,283.498,1,1.6768,-0.4223,1.7291,-14.137,453.78,110.16,119.00,0.098
1777025898241296144,283.598,1,1.6472,-0.4281,1.7020,-14.568,457.89,112.13,121.13,1.627
1777025898341892345,283.699,1,1.6166,-0.4318,1.6733,-14.954,461.59,114.26,123.42,3.889
1777025898446041127,283.803,1,1.5873,-0.4340,1.6455,-15.291,464.82,116.37,125.71,3.561
1777025898541045809,283.898,1,1.5581,-0.4360,1.6179,-15.634,468.13,118.55,128.06,0.992
1777025898642677932,284.000,1,1.5288,-0.4373,1.5901,-15.961,471.29,120.82,130.51,0.426
1777025898740971344,284.098,1,1.5024,-0.4370,1.5647,-16.219,473.80,122.94,132.81,7.515
1777025898843964186,284.201,1,1.4784,-0.4173,1.5362,-15.762,469.37,124.93,134.96,1.601
1777025898940910362,284.298,1,1.4661,-0.3687,1.5118,-14.118,453.60,125.99,136.10,1.617
1777025899044644386,284.402,1,1.4578,-0.2977,1.4879,-11.541,429.32,126.70,136.87,2.074
1777025899140131307,284.497,1,1.4514,-0.2054,1.4659,-8.055,397.16,127.26,137.48,1.895
1777025899240981526,284.598,1,1.4398,-0.1024,1.4434,-4.070,361.05,128.29,138.58,2.185
1777025899341173154,284.698,1,1.4232,0.0331,1.4236,1.331,312.63,129.78,140.20,1.535
1777025899441627707,284.799,1,1.3913,0.2024,1.4060,8.278,249.90,132.76,143.41,1.105
1777025899541019264,284.898,1,1.3401,0.3614,1.3880,15.094,186.17,137.83,148.89,1.708
1777025899641584502,284.999,1,1.2607,0.5343,1.3692,22.968,107.10,146.52,158.27,1.983
1777025899741929833,285.099,1,1.1586,0.6937,1.3504,30.912,17.34,159.43,172.22,0.821
1777025899843340402,285.200,0,1.0676,0.8016,1.3350,36.901,-60.70,173.02,186.90,1.582
1777025899944282658,285.301,0,0.9710,0.8891,1.3166,42.479,-145.25,190.22,205.48,0.855
1777025900042752421,285.400,0,0.8633,0.9718,1.2999,48.383,-253.00,213.95,231.12,0.969
1777025900144892432,285.502,0,0.7451,1.0460,1.2842,54.535,-395.68,247.89,267.78,1.135
1777025900242646660,285.600,0,0.6252,1.1070,1.2714,60.546,-584.02,295.46,319.17,1.192
1777025900346416055,285.704,0,0.4999,1.1559,1.2594,66.613,-861.83,369.49,399.14,2.543
1777025900441956031,285.799,0,0.3689,1.1941,1.2498,72.835,-1336.52,500.76,540.95,1.848
1777025900543614155,285.901,0,0.2359,1.2191,1.2417,79.049,-2327.10,783.03,845.87,0.438
1777025900647563660,286.005,0,0.1026,1.2319,1.2362,85.241,-5838.17,1800.95,1945.47,3.577
1777025900740725459,286.098,0,-0.0334,1.2319,1.2323,91.551,nan,nan,nan,3.510
1777025900843513060,286.201,0,-0.1661,1.2198,1.2311,97.756,nan,nan,nan,0.141
1777025900941660713,286.299,0,-0.2977,1.1955,1.2320,103.982,nan,nan,nan,2.553
1777025901042420803,286.400,0,-0.4224,1.1606,1.2351,110.000,nan,nan,nan,2.051
1777025901143276151,286.500,0,-0.5404,1.1159,1.2399,115.839,nan,nan,nan,1.634
1777025901244704720,286.602,0,-0.6642,1.0563,1.2477,122.161,nan,nan,nan,0.523
1777025901344844385,286.702,0,-0.7742,0.9890,1.2560,128.054,nan,nan,nan,0.230
1777025901443645666,286.801,0,-0.8839,0.9088,1.2677,134.206,nan,nan,nan,1.101
1777025901542853168,286.900,0,-0.9820,0.8218,1.2806,140.075,nan,nan,nan,2.195
1777025901642043318,286.999,0,-1.0732,0.7237,1.2944,146.006,nan,nan,nan,3.338
1777025901742009595,287.099,0,-1.1550,0.6189,1.3104,151.817,nan,nan,nan,3.767
1777025901841930909,287.199,0,-1.2203,0.5173,1.3254,157.026,nan,nan,nan,3.546
1777025901941637020,287.299,0,-1.2840,0.3965,1.3438,162.841,nan,nan,nan,3.688
1777025902042124592,287.399,0,-1.3388,0.2615,1.3641,168.946,nan,nan,nan,2.894
1777025902140768910,287.498,0,-1.3743,0.1414,1.3815,174.127,nan,nan,nan,3.865
1777025902241296408,287.598,0,-1.4014,0.0097,1.4014,179.604,nan,nan,nan,4.039
1777025902339565190,287.697,0,-1.4155,-0.1232,1.4208,-175.024,nan,nan,nan,2.423
1777025902441160036,287.798,0,-1.4185,-0.2620,1.4425,-169.535,nan,nan,nan,3.625
1777025902542214106,287.899,0,-1.4040,-0.4170,1.4647,-163.459,nan,nan,nan,3.705
1777025902640911554,287.998,0,-1.3833,-0.5341,1.4828,-158.889,nan,nan,nan,3.558
1777025902741555884,288.099,0,-1.3454,-0.6678,1.5021,-153.603,nan,nan,nan,3.038
1777025902841767253,288.199,0,-1.2982,-0.7927,1.5211,-148.589,nan,nan,nan,3.825
1777025902944685002,288.302,0,-1.2307,-0.9279,1.5413,-142.984,nan,nan,nan,1.845
1777025903046761754,288.404,0,-1.1585,-1.0430,1.5588,-138.003,nan,nan,nan,0.410
1777025903145118388,288.502,0,-1.0759,-1.1506,1.5752,-133.079,nan,nan,nan,2.571
1777025903241802435,288.599,0,-0.9911,-1.2419,1.5889,-128.590,nan,nan,nan,2.146
1777025903344334500,288.701,0,-0.8828,-1.3397,1.6044,-123.383,nan,nan,nan,3.375
1777025903443731742,288.801,0,-0.7780,-1.4182,1.6176,-118.749,nan,nan,nan,3.178
1777025903542179357,288.899,0,-0.6727,-1.4821,1.6276,-114.413,nan,nan,nan,3.696
1777025903644861052,289.002,0,-0.5469,-1.5450,1.6390,-109.492,nan,nan,nan,3.042
1777025903744458330,289.102,0,-0.4280,-1.5906,1.6471,-105.061,nan,nan,nan,2.874
1777025903842819556,289.200,0,-0.3158,-1.6250,1.6554,-100.999,nan,nan,nan,3.517
1777025903944316643,289.301,0,-0.1999,-1.6493,1.6613,-96.910,nan,nan,nan,3.284
1777025904044780067,289.402,0,-0.0769,-1.6634,1.6652,-92.648,nan,nan,nan,2.328
1777025904144553549,289.502,0,0.0437,-1.6674,1.6679,-88.500,nan,nan,nan,3.175
1777025904250110586,289.607,0,0.1609,-1.6620,1.6698,-84.469,5623.28,1147.75,1239.85,2.247
1777025904343119292,289.700,0,0.2656,-1.6489,1.6701,-80.849,3509.77,695.43,751.24,3.721
1777025904447044112,289.804,0,0.3828,-1.6238,1.6683,-76.734,2500.78,482.48,521.19,1.092
1777025904543843640,289.901,0,0.4893,-1.5926,1.6661,-72.920,1994.40,377.46,407.75,3.887
1777025904646491057,290.004,0,0.5901,-1.5528,1.6611,-69.193,1674.73,313.03,338.14,1.553
1777025904744594599,290.102,0,0.6786,-1.5106,1.6560,-65.808,1466.61,272.18,294.02,3.355
1777025904843908082,290.201,0,0.7615,-1.4628,1.6492,-62.499,1310.12,242.55,262.01,3.505
1777025904944413580,290.302,0,0.8470,-1.4059,1.6413,-58.932,1176.15,218.07,235.57,4.244
1777025905044677004,290.402,0,0.9238,-1.3438,1.6307,-55.494,1070.92,199.94,215.99,3.928
1777025905144445485,290.502,0,0.9811,-1.2896,1.6204,-52.737,998.95,188.26,203.37,4.097
1777025905242001325,290.599,0,1.0238,-1.2391,1.6074,-50.435,945.52,180.41,194.89,0.824
1777025905343140210,290.700,0,1.0568,-1.1946,1.5950,-48.501,904.50,174.77,188.80,2.586
1777025905442109990,290.799,0,1.0369,-1.1900,1.5784,-48.932,913.37,178.13,192.42,1.200
1777025905541811509,290.899,0,0.9966,-1.2013,1.5609,-50.321,943.02,185.34,200.21,1.617
1777025905642153988,290.999,0,0.9663,-1.2057,1.5451,-51.291,964.77,191.16,206.50,1.353
1777025905743565131,291.101,0,0.9358,-1.2107,1.5302,-52.298,988.36,197.38,213.22,2.880
1777025905841458822,291.199,0,0.9055,-1.2149,1.5152,-53.304,1012.99,203.99,220.36,0.687
1777025905944896385,291.302,0,0.8748,-1.2197,1.5010,-54.351,1039.91,211.15,228.09,3.315
1777025906044332534,291.401,0,0.8473,-1.2223,1.4873,-55.270,1064.71,217.99,235.49,2.565
1777025906142170725,291.499,0,0.8187,-1.2261,1.4743,-56.266,1092.89,225.60,243.71,0.723
1777025906244679605,291.602,0,0.7854,-1.2319,1.4610,-57.480,1129.30,235.18,254.05,3.146
1777025906342290464,291.699,0,0.7419,-1.2444,1.4487,-59.197,1185.15,248.97,268.95,0.692
1777025906441990075,291.799,0,0.6761,-1.2710,1.4396,-61.988,1289.02,273.18,295.11,0.405
1777025906543228237,291.900,0,0.5852,-1.3070,1.4321,-65.880,1470.48,315.63,340.96,1.311
1777025906643991104,292.001,0,0.4883,-1.3407,1.4269,-69.989,1733.39,378.29,408.65,1.815
1777025906743261328,292.100,0,0.3778,-1.3721,1.4231,-74.605,2187.96,488.91,528.15,0.914
1777025906846038911,292.203,0,0.2518,-1.3993,1.4218,-79.800,3176.23,733.65,792.53,4.275
1777025906945279616,292.302,0,0.1160,-1.4177,1.4224,-85.323,6596.74,1592.72,1720.53,3.061
1777025907043629880,292.401,0,-0.0124,-1.4247,1.4247,-90.501,nan,nan,nan,1.344
1777025907142847826,292.500,0,-0.1408,-1.4238,1.4307,-95.650,nan,nan,nan,1.081
1777025907247867531,292.605,0,-0.2777,-1.4097,1.4368,-101.143,nan,nan,nan,3.814
1777025907343929636,292.701,0,-0.3887,-1.3915,1.4448,-105.605,nan,nan,nan,1.257
1777025907442769453,292.800,0,-0.5106,-1.3617,1.4543,-110.557,nan,nan,nan,0.458
1777025907542700138,292.900,0,-0.6366,-1.3207,1.4661,-115.733,nan,nan,nan,0.108
1777025907643467709,293.001,0,-0.7528,-1.2739,1.4797,-120.582,nan,nan,nan,1.064
1777025907742674025,293.100,0,-0.8693,-1.2160,1.4947,-125.562,nan,nan,nan,0.283
1777025907847375565,293.205,0,-0.9786,-1.1533,1.5125,-130.315,nan,nan,nan,2.537
1777025907942869430,293.300,0,-1.0832,-1.0791,1.5290,-135.110,nan,nan,nan,0.493
1777025908046968861,293.404,0,-1.1807,-0.9996,1.5470,-139.748,nan,nan,nan,3.753
1777025908145147218,293.502,0,-1.2545,-0.9179,1.5545,-143.808,nan,nan,nan,0.610
1777025908245340883,293.603,0,-1.3412,-0.8240,1.5741,-148.437,nan,nan,nan,1.537
1777025908345999454,293.703,0,-1.4319,-0.7283,1.6065,-153.039,nan,nan,nan,1.991
1777025908444968327,293.802,0,-1.4938,-0.6472,1.6280,-156.577,nan,nan,nan,1.208
1777025908543355368,293.901,0,-1.5580,-0.5171,1.6416,-161.640,nan,nan,nan,0.659
1777025908642892258,294.000,0,-1.6152,-0.4067,1.6656,-165.866,nan,nan,nan,0.959
1777025908745812322,294.103,0,-1.6696,-0.2937,1.6952,-170.023,nan,nan,nan,1.877
1777025908844929213,294.202,0,-1.7060,-0.1771,1.7152,-174.072,nan,nan,nan,1.068
1777025908944450880,294.302,0,-1.7347,-0.0511,1.7355,-178.314,nan,nan,nan,0.222
1777025909043929677,294.401,0,-1.7557,0.0731,1.7572,177.614,nan,nan,nan,0.785
1777025909143786288,294.501,0,-1.7661,0.1966,1.7771,173.648,nan,nan,nan,0.529
1777025909245179153,294.602,0,-1.7695,0.3183,1.7979,169.801,nan,nan,nan,1.449
1777025909341525034,294.699,0,-1.7623,0.4488,1.8186,165.712,nan,nan,nan,3.195
1777025909444542117,294.802,0,-1.7427,0.5797,1.8366,161.602,nan,nan,nan,0.524
1777025909541229886,294.898,0,-1.7189,0.7019,1.8567,157.788,nan,nan,nan,3.708
1777025909643642266,295.001,0,-1.6861,0.8179,1.8740,154.122,nan,nan,nan,1.733
1777025909740506275,295.098,0,-1.6430,0.9350,1.8904,150.357,nan,nan,nan,2.071
1777025909840652237,295.198,0,-1.5904,1.0522,1.9070,146.510,nan,nan,nan,3.218
1777025909941603455,295.299,0,-1.5296,1.1653,1.9230,142.699,nan,nan,nan,3.687
1777025910042348378,295.400,0,-1.4595,1.2748,1.9378,138.864,nan,nan,nan,3.470
1777025910139199665,295.496,0,-1.3930,1.3640,1.9496,135.603,nan,nan,nan,1.898
1777025910243706687,295.601,0,-1.3052,1.4660,1.9628,131.680,nan,nan,nan,2.428
1777025910339894531,295.697,0,-1.2182,1.5519,1.9729,128.130,nan,nan,nan,2.994
1777025910442560967,295.800,0,-1.1126,1.6419,1.9833,124.123,nan,nan,nan,3.743
1777025910542423966,295.900,0,-1.0066,1.7189,1.9919,120.354,nan,nan,nan,3.381
1777025910642864686,296.000,0,-0.8952,1.7866,1.9983,116.614,nan,nan,nan,2.960
1777025910741422375,296.099,0,-0.7908,1.8412,2.0038,113.245,nan,nan,nan,3.774
1777025910842438445,296.200,0,-0.6837,1.8880,2.0080,109.906,nan,nan,nan,3.642
1777025910943303794,296.300,0,-0.5960,1.9219,2.0122,107.228,nan,nan,nan,2.590
1777025911040781245,296.398,0,-0.5437,1.9404,2.0151,105.654,nan,nan,nan,2.518
1777025911141479427,296.499,0,-0.4869,1.9577,2.0173,103.966,nan,nan,nan,2.337
1777025911240930632,296.598,0,-0.4231,1.9740,2.0189,102.097,nan,nan,nan,2.430
1777025911342266219,296.699,0,-0.3574,1.9878,2.0197,100.192,nan,nan,nan,3.254
1777025911446451520,296.804,0,-0.2950,1.9976,2.0193,98.401,nan,nan,nan,0.142
1777025911542768253,296.900,0,-0.2440,2.0039,2.0187,96.943,nan,nan,nan,4.189
1777025911642236087,296.999,0,-0.1876,2.0084,2.0171,95.335,nan,nan,nan,3.969
1777025911741805551,297.099,0,-0.1325,2.0099,2.0143,93.771,nan,nan,nan,2.753
1777025911843919451,297.201,0,-0.0743,2.0100,2.0114,92.117,nan,nan,nan,3.572
1777025911941003348,297.298,0,-0.0406,2.0072,2.0077,91.159,nan,nan,nan,0.466
1777025912042919934,297.400,0,-0.0425,2.0028,2.0033,91.215,nan,nan,nan,3.655
1777025912143134469,297.500,0,-0.0819,1.9979,1.9996,92.348,nan,nan,nan,4.124
1777025912242435952,297.600,0,-0.1321,1.9935,1.9979,93.791,nan,nan,nan,3.599
1777025912342437081,297.700,0,-0.1518,1.9874,1.9932,94.369,nan,nan,nan,3.372
1777025912441529602,297.799,0,-0.1818,1.9824,1.9907,95.239,nan,nan,nan,1.015
1777025912541466675,297.899,0,-0.2170,1.9770,1.9889,96.264,nan,nan,nan,1.743
1777025912643848593,298.001,0,-0.2961,1.9656,1.9878,98.566,nan,nan,nan,3.854
1777025912739709642,298.097,0,-0.3823,1.9510,1.9882,101.088,nan,nan,nan,1.044
1777025912842637262,298.200,0,-0.4850,1.9311,1.9911,104.099,nan,nan,nan,2.890
1777025912942506002,298.300,0,-0.6045,1.9014,1.9952,107.637,nan,nan,nan,2.994
1777025913041232727,298.398,0,-0.7312,1.8601,1.9987,111.461,nan,nan,nan,1.158
1777025913141497429,298.499,0,-0.8747,1.8040,2.0048,115.867,nan,nan,nan,1.269
1777025913243013072,298.600,0,-1.0049,1.7429,2.0119,119.967,nan,nan,nan,3.298
1777025913342019037,298.699,0,-1.1797,1.6401,2.0203,125.726,nan,nan,nan,1.666
1777025913441390001,298.799,0,-1.3660,1.5024,2.0306,132.278,nan,nan,nan,0.748
1777025913542845440,298.900,0,-1.5330,1.3484,2.0416,138.665,nan,nan,nan,2.428
1777025913642776458,299.000,0,-1.6839,1.1770,2.0545,145.046,nan,nan,nan,2.278
1777025913739626097,299.097,0,-1.8198,0.9807,2.0672,151.679,nan,nan,nan,0.955
1777025913840989611,299.198,0,-1.9369,0.7644,2.0823,158.463,nan,nan,nan,0.490
1777025913940407038,299.298,0,-2.0290,0.5381,2.0991,165.148,nan,nan,nan,0.511
1777025914039788039,299.397,0,-2.0988,0.2858,2.1182,172.244,nan,nan,nan,1.002
1777025914135876828,299.493,0,-2.1312,0.0887,2.1330,177.616,nan,nan,nan,1.995
1777025914236724973,299.594,0,-2.1470,-0.1619,2.1531,-175.687,nan,nan,nan,4.094
1777025914338504688,299.696,0,-2.1343,-0.4108,2.1734,-169.106,nan,nan,nan,2.976
1777025914440222182,299.797,0,-2.0945,-0.6441,2.1913,-162.906,nan,nan,nan,1.442
1777025914539648905,299.897,0,-2.0323,-0.8674,2.2096,-156.886,nan,nan,nan,1.639
1777025914640272569,299.997,0,-1.9413,-1.0915,2.2271,-150.653,nan,nan,nan,1.072
1777025914739961569,300.097,0,-1.8274,-1.3011,2.2433,-144.550,nan,nan,nan,2.090
1777025914840722418,300.198,0,-1.6961,-1.4924,2.2592,-138.654,nan,nan,nan,1.081
1777025914941046064,300.298,0,-1.5457,-1.6694,2.2751,-132.797,nan,nan,nan,1.220
1777025915041655876,300.399,0,-1.3666,-1.8353,2.2882,-126.671,nan,nan,nan,1.145
1777025915143534592,300.501,0,-1.1759,-1.9772,2.3004,-120.741,nan,nan,nan,0.523
1777025915242664724,300.600,0,-0.9677,-2.0987,2.3110,-114.756,nan,nan,nan,0.699
1777025915345060660,300.702,0,-0.7581,-2.1935,2.3209,-109.067,nan,nan,nan,2.873
1777025915442922258,300.800,0,-0.5239,-2.2693,2.3290,-103.000,nan,nan,nan,0.722
1777025915543986458,300.901,0,-0.3187,-2.3108,2.3327,-97.853,nan,nan,nan,1.996
1777025915642811090,301.000,0,-0.0687,-2.3371,2.3381,-91.684,nan,nan,nan,0.409
1777025915742132740,301.099,0,0.1469,-2.3329,2.3375,-86.398,8474.31,1257.62,1358.54,0.856
1777025915844263214,301.201,0,0.3673,-2.2996,2.3288,-80.924,3536.58,502.83,543.18,0.814
1777025915944985377,301.302,0,0.5805,-2.2305,2.3048,-75.413,2296.07,318.20,343.73,1.535
1777025916043414474,301.401,0,0.8087,-2.1410,2.2886,-69.308,1682.96,228.41,246.74,0.588
1777025916143034252,301.500,0,0.9957,-2.0378,2.2680,-63.959,1374.61,185.51,200.39,0.737
1777025916242950326,301.600,0,1.1723,-1.9216,2.2510,-58.615,1165.61,157.57,170.21,0.615
1777025916343199491,301.700,0,1.3371,-1.7829,2.2286,-53.131,1008.68,138.14,149.23,0.319
1777025916441809124,301.799,0,1.4748,-1.6278,2.1966,-47.824,890.87,125.24,135.29,1.471
1777025916542232233,301.899,0,1.6029,-1.4510,2.1622,-42.152,789.00,115.23,124.48,1.542
1777025916644463669,302.002,0,1.6989,-1.2800,2.1272,-36.996,711.12,108.72,117.45,1.037
1777025916741747918,302.099,1,1.7882,-1.0853,2.0918,-31.255,635.95,103.29,111.58,2.008
1777025916843241968,302.200,1,1.8467,-0.8937,2.0516,-25.824,572.85,100.02,108.05,1.235
1777025916941674046,302.299,1,1.8807,-0.7067,2.0090,-20.594,517.34,98.21,106.10,4.534
1777025917040502123,302.398,1,1.8829,-0.5594,1.9643,-16.546,476.98,98.10,105.97,3.771
1777025917141121046,302.498,1,1.8521,-0.4914,1.9162,-14.861,460.69,99.73,107.73,2.948
1777025917240239678,302.597,1,1.7964,-0.5076,1.8667,-15.778,469.53,102.82,111.07,3.368
1777025917339947085,302.697,1,1.7367,-0.5141,1.8111,-16.489,476.42,106.36,114.89,3.049
1777025917444682347,302.802,1,1.6728,-0.5273,1.7540,-17.497,486.30,110.42,119.28,0.719
1777025917539166346,302.896,1,1.6118,-0.5641,1.7077,-19.290,504.13,114.60,123.79,2.933
1777025917639300029,302.996,1,1.5283,-0.6470,1.6597,-22.944,541.75,120.85,130.55,2.537
1777025917740356136,303.098,1,1.4411,-0.7253,1.6133,-26.715,582.77,128.17,138.46,3.874
1777025917841251503,303.198,0,1.3296,-0.8273,1.5659,-31.893,643.82,138.93,150.07,3.399
1777025917941784908,303.299,0,1.2169,-0.9202,1.5256,-37.096,712.53,151.79,163.97,3.021
1777025918041253816,303.398,0,1.1069,-0.9971,1.4898,-42.011,786.71,166.87,180.26,4.056
1777025918142629682,303.500,0,0.9746,-1.0707,1.4479,-47.692,888.26,189.53,204.74,3.426
1777025918242228386,303.599,0,0.8521,-1.1240,1.4104,-52.833,1001.31,216.77,234.16,3.477
1777025918343781528,303.701,0,0.7257,-1.1670,1.3742,-58.124,1149.62,254.52,274.94,2.212
1777025918441458738,303.799,0,0.6153,-1.1928,1.3421,-62.714,1319.20,300.20,324.29,3.651
1777025918541601182,303.899,0,0.4894,-1.2165,1.3113,-68.085,1599.92,377.41,407.70,3.867
1777025918642603252,304.000,0,0.3535,-1.2291,1.2790,-73.955,2108.62,522.53,564.46,3.216
1777025918741800346,304.099,0,0.2300,-1.2306,1.2520,-79.414,3069.92,803.10,867.55,3.721
1777025918843070378,304.200,0,0.1109,-1.2214,1.2264,-84.814,5977.32,1666.13,1799.83,3.601
1777025918943162488,304.300,0,-0.0042,-1.2035,1.2035,-90.198,nan,nan,nan,2.924
1777025919043170265,304.400,0,-0.1144,-1.1773,1.1828,-95.549,nan,nan,nan,3.125
1777025919143701707,304.501,0,-0.2166,-1.1427,1.1630,-100.734,nan,nan,nan,2.951
1777025919245157072,304.602,0,-0.3095,-1.1034,1.1460,-105.670,nan,nan,nan,1.097
1777025919346244438,304.703,0,-0.3986,-1.0603,1.1327,-110.602,nan,nan,nan,0.231
1777025919444871701,304.802,0,-0.4823,-1.0101,1.1193,-115.523,nan,nan,nan,1.645
1777025919545281217,304.902,0,-0.5580,-0.9517,1.1032,-120.384,nan,nan,nan,1.082
1777025919645426735,305.003,0,-0.6213,-0.8930,1.0879,-124.829,nan,nan,nan,1.115
1777025919743490777,305.101,0,-0.6837,-0.8292,1.0747,-129.505,nan,nan,nan,3.513
1777025919843990126,305.201,0,-0.7395,-0.7618,1.0617,-134.152,nan,nan,nan,2.607
1777025919952869579,305.310,0,-0.7930,-0.6867,1.0490,-139.107,nan,nan,nan,4.575
1777025920045365324,305.403,0,-0.8352,-0.6188,1.0394,-143.466,nan,nan,nan,1.349
1777025920144060420,305.501,0,-0.8670,-0.5518,1.0277,-147.528,nan,nan,nan,3.104
1777025920242720331,305.600,0,-0.9005,-0.4820,1.0214,-151.841,nan,nan,nan,3.767
1777025920344173640,305.701,0,-0.9290,-0.4045,1.0133,-156.471,nan,nan,nan,3.628
1777025920447316426,305.804,0,-0.9567,-0.3315,1.0125,-160.888,nan,nan,nan,0.265
1777025920543073420,305.900,0,-0.9765,-0.2689,1.0128,-164.604,nan,nan,nan,3.591
1777025920645908521,306.003,0,-0.9933,-0.1972,1.0127,-168.773,nan,nan,nan,2.260
1777025920741651330,306.099,0,-1.0050,-0.1362,1.0142,-172.282,nan,nan,nan,1.845
1777025920842059235,306.199,0,-1.0116,-0.0716,1.0141,-175.954,nan,nan,nan,1.946
1777025920944378913,306.302,0,-1.0204,-0.0168,1.0205,-179.055,nan,nan,nan,4.075
1777025921042551195,306.400,0,-1.0207,0.0406,1.0215,177.725,nan,nan,nan,0.532
1777025921142830694,306.500,0,-1.0225,0.0949,1.0269,174.698,nan,nan,nan,2.638
1777025921241639845,306.599,0,-1.0260,0.1451,1.0362,171.948,nan,nan,nan,1.728
1777025921342433804,306.700,0,-1.0254,0.1962,1.0440,169.169,nan,nan,nan,2.150
1777025921441043882,306.798,0,-1.0245,0.2444,1.0532,166.583,nan,nan,nan,1.301
1777025921541428139,306.899,0,-1.0262,0.2573,1.0580,165.927,nan,nan,nan,1.324
1777025921640986547,306.998,0,-1.0306,0.2575,1.0623,165.970,nan,nan,nan,0.556
1777025921739584736,307.097,0,-1.0376,0.2660,1.0712,165.621,nan,nan,nan,1.178
1777025921841086064,307.198,0,-1.0470,0.2699,1.0812,165.543,nan,nan,nan,0.652
1777025921941518932,307.299,0,-1.0638,0.2606,1.0953,166.234,nan,nan,nan,0.231
1777025922040616027,307.398,0,-1.0915,0.2268,1.1148,168.263,nan,nan,nan,0.323
1777025922137331444,307.494,0,-1.1164,0.1944,1.1331,170.123,nan,nan,nan,3.732
1777025922238426976,307.596,0,-1.1430,0.1605,1.1542,172.007,nan,nan,nan,2.567
1777025922343460737,307.701,0,-1.1695,0.1319,1.1769,173.563,nan,nan,nan,1.704
1777025922439241250,307.796,0,-1.1982,0.0877,1.2014,175.813,nan,nan,nan,1.633
1777025922539984895,307.897,0,-1.2258,0.0415,1.2265,178.062,nan,nan,nan,1.170
1777025922640872706,307.998,0,-1.2530,-0.0221,1.2532,-178.987,nan,nan,nan,0.634
1777025922739856986,308.097,0,-1.2765,-0.0920,1.2798,-175.878,nan,nan,nan,1.658
1777025922840354780,308.198,0,-1.2939,-0.1597,1.3038,-172.963,nan,nan,nan,0.683
1777025922939985040,308.297,0,-1.3098,-0.2280,1.3295,-170.125,nan,nan,nan,2.725
1777025923040551556,308.398,0,-1.3213,-0.2966,1.3542,-167.347,nan,nan,nan,1.465
1777025923140709665,308.498,0,-1.3283,-0.3731,1.3797,-164.310,nan,nan,nan,2.040
1777025923240801627,308.598,0,-1.3308,-0.4551,1.4065,-161.120,nan,nan,nan,1.032
1777025923339037391,308.696,0,-1.3250,-0.5450,1.4327,-157.643,nan,nan,nan,3.254
1777025923441093699,308.798,0,-1.3154,-0.6317,1.4592,-154.349,nan,nan,nan,0.817
1777025923539333741,308.896,0,-1.2978,-0.7149,1.4817,-151.153,nan,nan,nan,3.066
1777025923641815343,308.999,0,-1.2722,-0.8070,1.5065,-147.611,nan,nan,nan,0.731
1777025923741430603,309.099,0,-1.2425,-0.8966,1.5322,-144.184,nan,nan,nan,2.121
1777025923840720641,309.198,0,-1.2110,-0.9843,1.5605,-140.897,nan,nan,nan,2.425
1777025923941297916,309.298,0,-1.1753,-1.0693,1.5890,-137.703,nan,nan,nan,1.052
1777025924042677226,309.400,0,-1.1346,-1.1517,1.6167,-134.573,nan,nan,nan,2.585
1777025924140498047,309.498,0,-1.0899,-1.2314,1.6444,-131.511,nan,nan,nan,3.266
1777025924242818539,309.600,0,-1.0367,-1.3143,1.6739,-128.268,nan,nan,nan,0.156
1777025924342708964,309.700,0,-0.9849,-1.3877,1.7017,-125.366,nan,nan,nan,1.149
1777025924441051654,309.798,0,-0.9276,-1.4626,1.7320,-122.383,nan,nan,nan,2.439
1777025924541364189,309.899,0,-0.8654,-1.5324,1.7599,-119.455,nan,nan,nan,2.555
1777025924643912625,310.001,0,-0.7980,-1.5983,1.7865,-116.533,nan,nan,nan,0.673
1777025924741309484,310.098,0,-0.7297,-1.6567,1.8103,-113.772,nan,nan,nan,2.824
1777025924841252206,310.198,0,-0.6515,-1.7134,1.8331,-110.818,nan,nan,nan,2.085
1777025924941481315,310.299,0,-0.5588,-1.7703,1.8564,-107.519,nan,nan,nan,3.504
1777025925041032334,310.398,0,-0.4346,-1.8289,1.8798,-103.366,nan,nan,nan,2.172
1777025925143556529,310.501,0,-0.3139,-1.8779,1.9039,-99.490,nan,nan,nan,0.119
1777025925245005876,310.602,0,-0.1891,-1.9174,1.9268,-95.634,nan,nan,nan,0.818
1777025925345072689,310.702,0,-0.0630,-1.9469,1.9479,-91.854,nan,nan,nan,1.170
1777025925442363975,310.800,0,0.0493,-1.9710,1.9716,-88.568,nan,nan,nan,3.151
1777025925542540825,310.900,0,0.1610,-1.9927,1.9992,-85.380,6673.79,1147.04,1239.08,1.750
1777025925645296316,311.002,0,0.2488,-2.0135,2.0288,-82.956,4476.67,742.36,801.93,0.773
1777025925741325624,311.098,0,0.3237,-2.0328,2.0584,-80.952,3546.38,570.58,616.37,4.105
1777025925842981451,311.200,0,0.4049,-2.0479,2.0875,-78.816,2919.50,456.17,492.78,2.033
1777025925943548486,311.301,0,0.4811,-2.0598,2.1153,-76.852,2521.09,383.89,414.70,1.419
1777025926043483485,311.401,0,0.5618,-2.0646,2.1397,-74.777,2210.00,328.76,355.14,1.696
1777025926143119485,311.500,0,0.6498,-2.0722,2.1717,-72.590,1960.81,284.26,307.07,2.214
1777025926245710976,311.603,0,0.7307,-2.0694,2.1946,-70.553,1777.73,252.79,273.08,0.650
1777025926344927756,311.702,0,0.8163,-2.0668,2.2222,-68.449,1623.66,226.28,244.44,4.219
1777025926447103304,311.804,0,0.9076,-2.0577,2.2490,-66.199,1487.80,203.51,219.85,1.646
1777025926545024939,311.902,0,0.9949,-2.0465,2.2755,-64.075,1380.00,185.66,200.56,0.474
1777025926645110697,312.002,0,1.0895,-2.0291,2.3031,-61.767,1280.13,169.54,183.15,0.317
1777025926743898645,312.101,0,1.1845,-2.0068,2.3303,-59.449,1193.80,155.94,168.45,1.596
1777025926846075285,312.203,0,1.2694,-1.9780,2.3502,-57.309,1124.04,145.51,157.19,0.341
1777025926943959976,312.301,0,1.3700,-1.9520,2.3848,-54.937,1055.60,134.82,145.64,1.874
1777025927044104808,312.401,0,1.4557,-1.9125,2.4035,-52.724,998.64,126.89,137.07,2.045
1777025927143300588,312.500,0,1.5460,-1.8761,2.4310,-50.510,947.17,119.48,129.06,2.398
1777025927244872415,312.602,0,1.6861,-1.7886,2.4580,-46.690,868.82,109.55,118.34,1.191
1777025927349769769,312.707,0,1.8843,-1.6042,2.4747,-40.409,761.35,98.02,105.89,3.186
1777025927444146879,312.801,0,2.0552,-1.4072,2.4907,-34.399,675.85,89.87,97.09,2.647
1777025927543897527,312.901,1,2.2128,-1.1848,2.5101,-28.166,599.27,83.47,90.17,3.570
1777025927644507691,313.002,1,2.3338,-0.9520,2.5205,-22.192,533.85,79.15,85.50,2.917
1777025927743680471,313.101,1,2.4263,-0.7212,2.5313,-16.553,477.05,76.13,82.23,3.581
1777025927841144181,313.198,1,2.4962,-0.4559,2.5375,-10.350,418.25,74.00,79.93,2.156
1777025927941849382,313.299,1,2.5302,-0.2111,2.5390,-4.770,367.36,73.00,78.86,2.816
1777025928041006680,313.398,1,2.5379,0.0086,2.5379,0.194,322.81,72.78,78.62,1.797
1777025928140985717,313.498,1,2.5263,0.2392,2.5376,5.409,275.97,73.11,78.98,1.249
1777025928240942605,313.598,1,2.4908,0.4644,2.5337,10.561,228.89,74.16,80.11,1.807
1777025928340148236,313.697,1,2.4344,0.6905,2.5304,15.835,179.02,75.88,81.96,0.164
1777025928444754647,313.802,1,2.3555,0.9115,2.5257,21.154,126.01,78.42,84.71,1.756
1777025928541081195,313.898,1,2.2504,1.1246,2.5158,26.554,68.14,82.08,88.66,1.012
1777025928641854765,313.999,1,2.1207,1.3224,2.4992,31.947,4.61,87.10,94.09,1.217
1777025928742711651,314.100,0,1.9607,1.5214,2.4817,37.809,-73.57,94.21,101.76,1.571
1777025928841912986,314.199,0,1.7969,1.6866,2.4645,43.186,-157.04,102.79,111.04,0.706
1777025928944531384,314.302,0,1.6312,1.8251,2.4478,48.210,-249.51,113.23,122.32,3.214
1777025929043561923,314.401,0,1.4514,1.9517,2.4322,53.364,-365.40,127.26,137.48,2.181
1777025929142289649,314.499,0,1.2602,2.0628,2.4173,58.580,-515.35,146.58,158.34,1.572
1777025929241819853,314.599,0,1.1227,2.1242,2.4026,62.141,-646.18,164.52,177.72,0.522
1777025929343363644,314.701,0,1.0155,2.1602,2.3870,64.823,-766.94,181.90,196.49,1.043
1777025929443827845,314.801,0,0.9417,2.1775,2.3725,66.612,-861.81,196.13,211.87,1.603
1777025929542540200,314.900,0,0.9163,2.1705,2.3560,67.113,-890.82,201.58,217.76,0.306
1777025929643839732,315.001,0,0.8913,2.1632,2.3396,67.608,-920.75,207.24,223.87,0.369
1777025929742072145,315.099,0,0.8638,2.1574,2.3238,68.180,-956.93,213.84,231.00,0.096
1777025929842691920,315.200,0,0.8431,2.1533,2.3125,68.617,-985.84,219.08,236.66,0.865
1777025929942287105,315.299,0,0.8351,2.1514,2.3078,68.785,-997.24,221.18,238.93,0.910
1777025930043205602,315.400,0,0.8338,2.1515,2.3075,68.816,-999.34,221.52,239.29,0.560
1777025930141284792,315.498,0,0.8341,2.1520,2.3080,68.815,-999.29,221.46,239.23,1.203
1777025930243487784,315.601,0,0.8318,2.1527,2.3078,68.873,-1003.26,222.06,239.87,0.599
1777025930343026711,315.700,0,0.8314,2.1529,2.3078,68.884,-1004.01,222.16,239.99,2.135
1777025930442691804,315.800,0,0.8317,2.1527,2.3078,68.876,-1003.46,222.08,239.90,0.416
1777025930543874225,315.901,0,0.8315,2.1529,2.3078,68.882,-1003.90,222.14,239.97,0.556
1777025930641765212,315.999,0,0.8316,2.1528,2.3078,68.880,-1003.72,222.12,239.94,0.744
1777025930742003433,316.099,0,0.8319,2.1527,2.3078,68.872,-1003.22,222.04,239.86,1.500
1777025930842851744,316.200,0,0.8314,2.1529,2.3078,68.885,-1004.08,222.17,240.00,0.974
1777025930942624466,316.300,0,0.8317,2.1527,2.3078,68.875,-1003.42,222.08,239.90,0.919
1777025931044511163,316.402,0,0.8314,2.1529,2.3078,68.884,-1004.02,222.16,239.99,1.124
1777025931141604320,316.499,0,0.8317,2.1528,2.3078,68.877,-1003.52,222.09,239.91,3.037
1777025931241692911,316.599,0,0.8316,2.1528,2.3078,68.879,-1003.69,222.11,239.94,1.241
1777025931341638781,316.699,0,0.8317,2.1527,2.3078,68.876,-1003.50,222.09,239.91,2.410
1777025931444534530,316.802,0,0.8319,2.1527,2.3078,68.872,-1003.16,222.04,239.86,1.561
1777025931541394817,316.899,0,0.8316,2.1528,2.3078,68.880,-1003.71,222.12,239.94,3.730
1777025931644304252,317.001,0,0.8315,2.1529,2.3079,68.882,-1003.87,222.14,239.96,0.658
1777025931741676852,317.099,0,0.8315,2.1528,2.3079,68.881,-1003.80,222.13,239.95,1.951
1777025931842157738,317.199,0,0.8318,2.1527,2.3078,68.873,-1003.25,222.05,239.87,1.831
1777025931943024698,317.300,0,0.8317,2.1528,2.3078,68.878,-1003.58,222.10,239.92,1.039
1777025932043425233,317.401,0,0.8315,2.1529,2.3079,68.882,-1003.89,222.14,239.97,0.437
1777025932142199088,317.499,0,0.8315,2.1528,2.3078,68.881,-1003.82,222.13,239.96,2.821
1777025932244080599,317.601,0,0.8316,2.1528,2.3078,68.879,-1003.71,222.12,239.94,1.071
1777025932342109883,317.699,0,0.8316,2.1528,2.3078,68.880,-1003.74,222.12,239.94,2.898
1777025932442004456,317.799,0,0.8318,2.1527,2.3078,68.873,-1003.28,222.05,239.87,3.552
1777025932542074085,317.899,0,0.8319,2.1527,2.3078,68.871,-1003.14,222.03,239.85,2.747
1777025932641743641,317.999,0,0.8317,2.1527,2.3078,68.875,-1003.42,222.07,239.90,2.854
1777025932741718473,318.099,0,0.8316,2.1528,2.3078,68.880,-1003.72,222.12,239.94,2.684
1777025932842367044,318.200,0,0.8318,2.1527,2.3079,68.873,-1003.25,222.05,239.87,2.400
1777025932944038816,318.301,0,0.8316,2.1528,2.3078,68.880,-1003.73,222.12,239.94,0.437
1777025933041318953,318.398,0,0.8314,2.1529,2.3078,68.884,-1004.02,222.16,239.99,4.458
1777025933143183688,318.500,0,0.8315,2.1528,2.3078,68.881,-1003.80,222.13,239.96,2.557
1777025933241990357,318.599,0,0.8318,2.1529,2.3080,68.875,-1003.38,222.05,239.87,2.969
1777025933342967520,318.700,0,0.8316,2.1528,2.3078,68.879,-1003.68,222.11,239.94,3.435
1777025933443828850,318.801,0,0.8319,2.1527,2.3078,68.872,-1003.20,222.04,239.86,2.147
1777025933544195051,318.901,0,0.8314,2.1528,2.3078,68.883,-1003.95,222.15,239.98,3.043
1777025933642873407,319.000,0,0.8316,2.1528,2.3078,68.878,-1003.60,222.10,239.92,3.225
1777025933741604799,319.099,0,0.8315,2.1528,2.3078,68.882,-1003.87,222.14,239.97,0.160
1777025933843737865,319.201,0,0.8317,2.1527,2.3078,68.876,-1003.44,222.08,239.90,2.496
1777025933946768670,319.304,0,0.8316,2.1528,2.3078,68.879,-1003.70,222.11,239.94,0.782
1777025934042278628,319.399,0,0.8315,2.1528,2.3078,68.881,-1003.78,222.13,239.95,4.055
1777025934141218630,319.498,0,0.8319,2.1527,2.3078,68.872,-1003.20,222.04,239.86,3.431
1777025934245531856,319.603,0,0.8317,2.1528,2.3078,68.877,-1003.54,222.09,239.92,1.388
1777025934343060919,319.700,0,0.8333,2.1514,2.3071,68.826,-1000.03,221.65,239.44,3.792
1777025934443156621,319.800,0,0.8299,2.1505,2.3051,68.898,-1005.01,222.57,240.43,3.417
1777025934543711823,319.901,0,0.8291,2.1506,2.3049,68.918,-1006.38,222.79,240.67,2.682
1777025934642333382,319.999,0,0.8295,2.1509,2.3053,68.910,-1005.79,222.67,240.53,3.857
1777025934741579865,320.099,0,0.8294,2.1508,2.3051,68.911,-1005.89,222.69,240.56,2.999
1777025934841987418,320.199,0,0.8300,2.1507,2.3053,68.898,-1004.99,222.55,240.41,3.633
1777025934942220620,320.299,0,0.8300,2.1508,2.3054,68.898,-1004.99,222.54,240.39,3.324
1777025935043061728,320.400,0,0.8297,2.1507,2.3052,68.903,-1005.36,222.61,240.47,3.100
1777025935143040079,320.500,0,0.8299,2.1507,2.3052,68.900,-1005.16,222.58,240.44,3.308
1777025935242559154,320.600,0,0.8296,2.1508,2.3052,68.908,-1005.65,222.65,240.52,3.762
1777025935342606820,320.700,0,0.8298,2.1507,2.3052,68.903,-1005.34,222.61,240.47,3.406
1777025935443601816,320.801,0,0.8297,2.1507,2.3052,68.905,-1005.47,222.62,240.49,4.830
1777025935541948802,320.899,0,0.8301,2.1508,2.3054,68.897,-1004.89,222.52,240.38,3.143
1777025935642362429,321.000,0,0.8298,2.1507,2.3052,68.903,-1005.32,222.60,240.47,1.725
1777025935742568965,321.100,0,0.8294,2.1508,2.3052,68.911,-1005.90,222.69,240.56,2.894
1777025935844424125,321.202,0,0.8299,2.1508,2.3054,68.900,-1005.11,222.55,240.41,3.289
1777025935942353760,321.300,0,0.8296,2.1508,2.3052,68.908,-1005.71,222.66,240.53,2.528
1777025936042218334,321.399,0,0.8297,2.1507,2.3052,68.904,-1005.39,222.62,240.48,3.097
1777025936142911053,321.500,0,0.8301,2.1508,2.3054,68.896,-1004.86,222.52,240.38,3.343
1777025936242680516,321.600,0,0.8296,2.1508,2.3052,68.906,-1005.56,222.64,240.50,3.643
1777025936343032995,321.700,0,0.8295,2.1508,2.3052,68.909,-1005.76,222.67,240.54,2.643
1777025936442592459,321.800,0,0.8301,2.1508,2.3054,68.895,-1004.78,222.51,240.36,2.628
1777025936542286644,321.899,0,0.8297,2.1507,2.3052,68.905,-1005.49,222.63,240.49,1.641
1777025936643159104,322.000,0,0.8296,2.1508,2.3052,68.907,-1005.58,222.64,240.51,2.715
1777025936742278717,322.099,0,0.8299,2.1506,2.3052,68.899,-1005.04,222.56,240.42,1.698
1777025936843944451,322.201,0,0.8301,2.1508,2.3054,68.895,-1004.77,222.51,240.36,3.214
1777025936946225221,322.303,0,0.8296,2.1507,2.3052,68.905,-1005.51,222.63,240.50,3.081
1777025937042955360,322.400,0,0.8298,2.1507,2.3052,68.902,-1005.23,222.59,240.45,1.420
1777025937141539790,322.499,0,0.8352,2.1510,2.3074,68.779,-996.81,221.15,238.90,2.053
1777025937242736322,322.600,0,0.8489,2.1537,2.3149,68.488,-977.20,217.60,235.06,3.110
1777025937342605285,322.700,0,0.8685,2.1591,2.3272,68.088,-951.00,212.68,229.75,2.259
1777025937444624611,322.802,0,0.8950,2.1681,2.3456,67.570,-918.43,206.39,222.95,3.716
1777025937541815138,322.899,0,0.9043,2.1682,2.3493,67.360,-905.62,204.25,220.64,0.220
1777025937642693634,323.000,0,0.9186,2.1715,2.3578,67.070,-888.28,201.07,217.21,2.758
1777025937742490134,323.100,0,0.9313,2.1719,2.3631,66.790,-871.97,198.33,214.25,3.147
1777025937844038591,323.201,0,0.9457,2.1746,2.3713,66.496,-855.24,195.31,210.99,4.066
1777025937943273685,323.300,0,0.9648,2.1801,2.3841,66.129,-834.86,191.45,206.81,3.226
1777025938042860501,323.400,0,0.9811,2.1826,2.3929,65.796,-816.92,188.28,203.38,2.635
1777025938148828611,323.506,0,0.9908,2.1864,2.4004,65.621,-807.65,186.42,201.38,0.629
1777025938243734718,323.601,0,1.0097,2.1903,2.4118,65.250,-788.40,182.93,197.61,3.820
1777025938346008340,323.703,0,1.0190,2.1929,2.4181,65.077,-779.64,181.27,195.81,3.100
1777025938441721482,323.799,0,1.0271,2.1958,2.4242,64.931,-772.32,179.83,194.26,1.494
1777025938542849645,323.900,0,1.0323,2.2007,2.4308,64.871,-769.29,178.93,193.29,2.524
1777025938641465407,323.999,0,1.0274,2.2068,2.4342,65.035,-777.49,179.78,194.21,0.439
1777025938741602647,324.099,0,1.0228,2.2142,2.4390,65.205,-786.13,180.59,195.08,0.420
1777025938842162533,324.199,0,1.0212,2.2220,2.4454,65.317,-791.84,180.87,195.39,1.139
1777025938942074681,324.299,0,1.0109,2.2310,2.4494,65.624,-807.80,182.71,197.38,1.253
1777025939042870363,324.400,0,0.9999,2.2417,2.4546,65.962,-825.78,184.73,199.56,1.477
1777025939143484434,324.501,0,0.9973,2.2479,2.4592,66.075,-831.92,185.21,200.07,1.835
1777025939244203672,324.601,0,0.9818,2.2621,2.4660,66.537,-857.54,188.12,203.22,2.804
1777025939344395800,324.702,0,0.9681,2.2713,2.4690,66.914,-879.14,190.79,206.10,2.897
1777025939445827535,324.803,0,0.9413,2.2773,2.4642,67.542,-916.71,196.22,211.96,2.965
1777025939544865593,324.902,0,0.9229,2.2817,2.4613,67.978,-943.96,200.14,216.20,3.386
1777025939642331230,324.999,0,0.8955,2.2852,2.4543,68.602,-984.80,206.27,222.83,1.065
1777025939741682898,325.099,0,0.8720,2.2881,2.4486,69.138,-1021.72,211.82,228.81,3.370
1777025939843349836,325.201,0,0.8430,2.2950,2.4450,69.830,-1072.24,219.10,236.68,1.095
1777025939943806741,325.301,0,0.8142,2.2993,2.4392,70.502,-1124.48,226.87,245.07,1.899
1777025940043563464,325.401,0,0.7807,2.3117,2.4400,71.338,-1194.64,236.58,255.56,1.641
1777025940142600392,325.500,0,0.7418,2.3196,2.4353,72.267,-1279.92,249.01,269.00,0.472
1777025940243994294,325.601,0,0.7051,2.3326,2.4369,73.182,-1372.89,261.97,282.99,1.866
1777025940343847034,325.701,0,0.6674,2.3443,2.4374,74.109,-1477.69,276.76,298.97,1.597
1777025940442579834,325.800,0,0.6341,2.3547,2.4386,74.929,-1580.83,291.30,314.68,0.081
1777025940541854706,325.899,0,0.5960,2.3674,2.4412,75.869,-1713.48,309.92,334.79,1.270
1777025940642601647,326.000,0,0.5596,2.3792,2.4441,76.765,-1856.96,330.09,356.58,0.527
1777025940741661760,326.099,0,0.5042,2.3882,2.4408,78.078,-2105.59,366.32,395.72,2.507
1777025940842865256,326.200,0,0.4615,2.3995,2.4435,79.112,-2342.84,400.20,432.31,0.071
1777025940941659499,326.299,0,0.4098,2.4110,2.4455,80.353,-2693.81,450.69,486.86,1.553
1777025941043011068,326.400,0,0.3719,2.4202,2.4486,81.263,-3014.03,496.61,536.46,0.383
1777025941141809571,326.499,0,0.3220,2.4314,2.4526,82.455,-3549.22,573.57,619.60,1.309
1777025941243106974,326.600,0,0.2862,2.4407,2.4574,83.311,-4050.60,645.32,697.11,0.285
1777025941342437290,326.700,0,0.2428,2.4529,2.4649,84.346,-4858.30,760.67,821.71,5.066
1777025941443365823,326.801,0,0.1971,2.4560,2.4639,85.411,-6067.87,937.01,1012.20,0.297
1777025941546706997,326.904,0,0.1359,2.4635,2.4673,86.843,-8978.11,1359.41,1468.50,2.644
1777025941642491269,327.000,0,0.0532,2.4699,2.4705,88.766,-23495.44,3471.87,3750.48,0.590
1777025941741658419,327.099,0,-0.0398,2.4748,2.4751,90.922,nan,nan,nan,2.541
1777025941842506026,327.200,0,-0.1472,2.4764,2.4808,93.401,nan,nan,nan,1.677
1777025941942331174,327.299,0,-0.2594,2.4766,2.4901,95.979,nan,nan,nan,1.822
1777025942044677259,327.402,0,-0.3845,2.4660,2.4958,98.863,nan,nan,nan,0.238
1777025942143146540,327.500,0,-0.4926,2.4580,2.5069,101.333,nan,nan,nan,0.817
1777025942242245005,327.599,0,-0.6079,2.4392,2.5138,103.995,nan,nan,nan,2.578
1777025942342941428,327.700,0,-0.7207,2.4156,2.5208,106.612,nan,nan,nan,1.179
1777025942442178874,327.799,0,-0.8368,2.3880,2.5304,109.311,nan,nan,nan,1.947
1777025942543078371,327.900,0,-0.9510,2.3548,2.5396,111.992,nan,nan,nan,3.096
1777025942642486094,328.000,0,-1.0853,2.3069,2.5494,115.196,nan,nan,nan,2.354
1777025942741978854,328.099,0,-1.1966,2.2610,2.5581,117.890,nan,nan,nan,2.742
1777025942842006909,328.199,0,-1.3034,2.2089,2.5648,120.542,nan,nan,nan,2.935
1777025942942302870,328.299,0,-1.4107,2.1502,2.5716,123.269,nan,nan,nan,3.171
1777025943044206919,328.401,0,-1.5151,2.0858,2.5780,125.994,nan,nan,nan,0.749
1777025943141581445,328.499,0,-1.6186,2.0146,2.5843,128.780,nan,nan,nan,3.496
1777025943243796159,328.601,0,-1.7212,1.9362,2.5906,131.636,nan,nan,nan,1.404
1777025943343838640,328.701,0,-1.8119,1.8580,2.5952,134.279,nan,nan,nan,2.246
1777025943442528384,328.800,0,-1.9128,1.7624,2.6009,137.345,nan,nan,nan,3.620
1777025943542791919,328.900,0,-2.0038,1.6692,2.6080,140.205,nan,nan,nan,3.173
1777025943643001788,329.000,0,-2.0987,1.5614,2.6158,143.351,nan,nan,nan,2.274
1777025943743843025,329.101,0,-2.1863,1.4499,2.6234,146.448,nan,nan,nan,2.749
1777025943843947728,329.201,0,-2.2724,1.3273,2.6316,149.711,nan,nan,nan,2.588
1777025943941588086,329.299,0,-2.3488,1.2043,2.6396,152.854,nan,nan,nan,3.523
1777025944043849189,329.401,0,-2.4335,1.0492,2.6501,156.677,nan,nan,nan,2.505
1777025944145366795,329.503,0,-2.5006,0.9082,2.6604,160.039,nan,nan,nan,1.292
1777025944242579192,329.600,0,-2.5568,0.7720,2.6708,163.199,nan,nan,nan,2.800
1777025944343173763,329.700,0,-2.6127,0.6147,2.6840,166.761,nan,nan,nan,2.935
1777025944441977470,329.799,0,-2.6520,0.4731,2.6939,169.884,nan,nan,nan,3.759
1777025944543454075,329.901,0,-2.6910,0.3080,2.7085,173.470,nan,nan,nan,3.090
1777025944642006635,329.999,0,-2.7137,0.1654,2.7188,176.513,nan,nan,nan,3.320
1777025944740094584,330.097,0,-2.7289,0.0181,2.7289,179.620,nan,nan,nan,1.878
1777025944841745560,330.199,0,-2.7327,-0.1496,2.7368,-176.867,nan,nan,nan,2.976
1777025944944900438,330.302,0,-2.7269,-0.3166,2.7453,-173.377,nan,nan,nan,2.255
1777025945041494781,330.399,0,-2.7143,-0.4473,2.7509,-170.642,nan,nan,nan,2.786
1777025945141782909,330.499,0,-2.6924,-0.5978,2.7580,-167.482,nan,nan,nan,2.769
1777025945241801686,330.599,0,-2.6601,-0.7434,2.7620,-164.386,nan,nan,nan,2.666
1777025945342551387,330.700,0,-2.6115,-0.9104,2.7657,-160.781,nan,nan,nan,3.328
1777025945443378920,330.801,0,-2.4984,-1.2102,2.7761,-154.154,nan,nan,nan,4.267
1777025945545108358,330.902,0,-2.3569,-1.4840,2.7852,-147.804,nan,nan,nan,2.699
1777025945645426894,331.003,0,-2.1798,-1.7457,2.7926,-141.310,nan,nan,nan,3.522
1777025945740207724,331.097,0,-1.9823,-1.9727,2.7966,-135.139,nan,nan,nan,0.724
1777025945846941072,331.204,0,-1.7474,-2.1871,2.7994,-128.624,nan,nan,nan,1.355
1777025945942155124,331.299,0,-1.5359,-2.3417,2.8005,-123.261,nan,nan,nan,2.319
1777025946044955096,331.402,0,-1.2428,-2.5082,2.7992,-116.359,nan,nan,nan,2.987
1777025946145594241,331.503,0,-0.9856,-2.6146,2.7942,-110.654,nan,nan,nan,2.291
1777025946242131936,331.599,0,-0.8033,-2.6711,2.7893,-106.738,nan,nan,nan,2.378
1777025946344931001,331.702,0,-0.6595,-2.7026,2.7819,-103.713,nan,nan,nan,3.148
1777025946441743528,331.799,0,-0.5754,-2.7122,2.7725,-101.977,nan,nan,nan,1.349
1777025946540997252,331.898,0,-0.5264,-2.7051,2.7559,-101.012,nan,nan,nan,0.566
1777025946641116047,331.998,0,-0.5350,-2.6892,2.7419,-101.251,nan,nan,nan,0.897
1777025946738766221,332.096,0,-0.5580,-2.6718,2.7295,-101.796,nan,nan,nan,2.247
1777025946841413748,332.199,0,-0.5661,-2.6543,2.7140,-102.039,nan,nan,nan,1.019
1777025946940877638,332.298,0,-0.5744,-2.6330,2.6950,-102.307,nan,nan,nan,0.073
1777025947038704515,332.396,0,-0.5869,-2.6149,2.6799,-102.650,nan,nan,nan,2.516
1777025947139288012,332.496,0,-0.6357,-2.5881,2.6650,-103.801,nan,nan,nan,1.959
1777025947240444470,332.598,0,-0.6739,-2.5608,2.6480,-104.744,nan,nan,nan,0.491
1777025947340102286,332.697,0,-0.7156,-2.5250,2.6244,-105.822,nan,nan,nan,1.202
1777025947441067004,332.798,0,-0.7798,-2.4950,2.6141,-107.357,nan,nan,nan,0.307
1777025947539206676,332.896,0,-0.8294,-2.4610,2.5970,-108.624,nan,nan,nan,2.218
1777025947638036604,332.995,0,-0.8839,-2.4244,2.5806,-110.031,nan,nan,nan,3.177
1777025947731359773,333.089,0,-0.9542,-2.3799,2.5641,-111.849,nan,nan,nan,1.132
1777025947831271476,333.188,0,-1.0271,-2.3323,2.5484,-113.767,nan,nan,nan,2.586
1777025947930856977,333.288,0,-1.0982,-2.2839,2.5342,-115.680,nan,nan,nan,2.518
1777025948030650254,333.388,0,-1.1627,-2.2340,2.5184,-117.495,nan,nan,nan,4.216
1777025948129483572,333.487,0,-1.2260,-2.1863,2.5066,-119.282,nan,nan,nan,3.925
1777025948230342124,333.588,0,-1.2898,-2.1320,2.4918,-121.173,nan,nan,nan,5.199
1777025948331002380,333.688,0,-1.3590,-2.0705,2.4767,-123.279,nan,nan,nan,2.965
1777025948428469665,333.786,0,-1.4304,-2.0073,2.4648,-125.474,nan,nan,nan,3.023
1777025948528417646,333.886,0,-1.4718,-1.9615,2.4523,-126.883,nan,nan,nan,2.624
1777025948630203991,333.987,0,-1.5280,-1.9019,2.4397,-128.780,nan,nan,nan,3.894
1777025948727931313,334.085,0,-1.5786,-1.8432,2.4268,-130.580,nan,nan,nan,1.764
1777025948830335212,334.187,0,-1.6339,-1.7749,2.4124,-132.631,nan,nan,nan,4.351
1777025948928658031,334.286,0,-1.6860,-1.7089,2.4006,-134.614,nan,nan,nan,2.143
1777025949030077007,334.387,0,-1.7486,-1.6273,2.3886,-137.057,nan,nan,nan,3.154
1777025949129153083,334.486,0,-1.7836,-1.5721,2.3775,-138.605,nan,nan,nan,2.969
1777025949229187582,334.586,0,-1.8303,-1.5002,2.3665,-140.661,nan,nan,nan,1.016
1777025949331441204,334.689,0,-1.8788,-1.4179,2.3538,-142.958,nan,nan,nan,3.513
1777025949435728412,334.793,0,-1.9157,-1.3508,2.3441,-144.813,nan,nan,nan,1.043
1777025949535705411,334.893,0,-1.9475,-1.2839,2.3327,-146.604,nan,nan,nan,0.708
1777025949630433871,334.988,0,-1.9751,-1.2235,2.3233,-148.224,nan,nan,nan,4.033
1777025949729693095,335.087,0,-2.0056,-1.1549,2.3144,-150.066,nan,nan,nan,2.769
1777025949830270389,335.187,0,-2.0373,-1.0807,2.3062,-152.056,nan,nan,nan,3.003
1777025949930280055,335.287,0,-2.0523,-1.0296,2.2961,-153.359,nan,nan,nan,2.962
1777025950031129107,335.388,0,-2.0767,-0.9668,2.2907,-155.035,nan,nan,nan,4.100
1777025950130580793,335.488,0,-2.1095,-0.8888,2.2891,-157.152,nan,nan,nan,3.165
1777025950230480885,335.588,0,-2.1296,-0.8056,2.2769,-159.278,nan,nan,nan,2.397
1777025950332741747,335.690,0,-2.1538,-0.7316,2.2746,-161.239,nan,nan,nan,4.022
1777025950438271285,335.795,0,-2.1717,-0.6479,2.2663,-163.389,nan,nan,nan,1.542
1777025950538879745,335.896,0,-2.1877,-0.5706,2.2609,-165.381,nan,nan,nan,2.709
1777025950637213083,335.994,0,-2.2008,-0.4880,2.2543,-167.498,nan,nan,nan,0.037
1777025950734292517,336.091,0,-2.2099,-0.4119,2.2479,-169.443,nan,nan,nan,4.197
1777025950836650416,336.194,0,-2.2189,-0.3342,2.2439,-171.434,nan,nan,nan,0.377
1777025950939733998,336.297,0,-2.2232,-0.2516,2.2374,-173.543,nan,nan,nan,3.296
1777025951043973132,336.401,0,-2.2280,-0.1669,2.2342,-175.715,nan,nan,nan,1.994
1777025951137543300,336.495,0,-2.2267,-0.0857,2.2284,-177.797,nan,nan,nan,0.763
1777025951237944409,336.595,0,-2.2223,-0.0047,2.2223,-179.878,nan,nan,nan,0.876
1777025951338855294,336.696,0,-2.2165,0.0833,2.2181,177.848,nan,nan,nan,2.265
1777025951440759102,336.798,0,-2.2062,0.1848,2.2140,175.212,nan,nan,nan,3.968
1777025951540178084,336.897,0,-2.1941,0.2598,2.2095,173.247,nan,nan,nan,3.469
1777025951640746526,336.998,0,-2.1724,0.3751,2.2046,170.203,nan,nan,nan,2.838
1777025951740468230,337.098,0,-2.1529,0.4578,2.2010,167.996,nan,nan,nan,3.507
1777025951841280838,337.198,0,-2.1328,0.5291,2.1974,166.067,nan,nan,nan,3.718
1777025951941315448,337.298,0,-2.1054,0.6238,2.1959,163.496,nan,nan,nan,3.662
1777025952040388969,337.398,0,-2.0792,0.6965,2.1928,161.479,nan,nan,nan,2.020
1777025952140408283,337.498,0,-2.0350,0.8144,2.1919,158.188,nan,nan,nan,2.844
1777025952240690985,337.598,0,-2.0111,0.8806,2.1954,156.353,nan,nan,nan,3.023
1777025952343606900,337.701,0,-1.9678,0.9779,2.1974,153.574,nan,nan,nan,3.050
1777025952443805732,337.801,0,-1.9282,1.0583,2.1995,151.240,nan,nan,nan,4.171
1777025952540912648,337.898,0,-1.8609,1.1747,2.2007,147.738,nan,nan,nan,1.188
1777025952640990647,337.998,0,-1.7449,1.3534,2.2083,142.202,nan,nan,nan,0.857
1777025952741890032,338.099,0,-1.6065,1.5252,2.2152,136.487,nan,nan,nan,2.342
1777025952841709088,338.199,0,-1.4534,1.6780,2.2199,130.896,nan,nan,nan,2.812
1777025952941865068,338.299,0,-1.2530,1.8327,2.2201,124.360,nan,nan,nan,2.999
1777025953045026501,338.402,0,-1.0380,1.9645,2.2218,117.851,nan,nan,nan,4.432
1777025953142495712,338.500,0,-0.8358,2.0598,2.2229,112.086,nan,nan,nan,3.774
1777025953241847788,338.599,0,-0.6099,2.1367,2.2221,105.931,nan,nan,nan,2.671
1777025953341306789,338.698,0,-0.3780,2.1865,2.2189,99.808,nan,nan,nan,3.022
1777025953441919138,338.799,0,-0.1707,2.2098,2.2164,94.417,nan,nan,nan,2.935
1777025953541493583,338.899,0,0.0476,2.2109,2.2114,88.765,nan,nan,nan,2.138
1777025953640676603,338.998,0,0.2445,2.1931,2.2067,83.640,-4278.45,755.57,816.20,0.642
1777025953741445766,339.099,0,0.4348,2.1575,2.2008,78.606,-2221.49,424.84,458.93,2.560
1777025953840505880,339.198,0,0.6162,2.1067,2.1950,73.696,-1429.58,299.75,323.80,0.685
1777025953941647727,339.299,0,0.7862,2.0405,2.1867,68.929,-1007.13,234.94,253.80,2.130
1777025954040858729,339.398,0,0.9670,1.9521,2.1784,63.648,-711.20,191.01,206.34,0.762
1777025954140563562,339.498,0,1.1490,1.8373,2.1670,57.980,-495.91,160.76,173.66,7.794
1777025954240635043,339.598,0,1.2808,1.7353,2.1568,53.569,-370.58,144.21,155.78,0.852
1777025954342613480,339.700,0,1.4176,1.6078,2.1435,48.597,-257.36,130.30,140.75,2.339
1777025954442591979,339.800,0,1.5162,1.4986,2.1318,44.665,-182.56,121.82,131.60,2.546
1777025954540605725,339.898,0,1.5634,1.4384,2.1245,42.615,-147.50,118.14,127.62,0.144
1777025954640169856,339.997,0,1.6053,1.3790,2.1163,40.663,-116.20,115.06,124.29,3.129
1777025954739194599,340.096,0,1.6414,1.3164,2.1041,38.730,-86.95,112.53,121.56,2.057
1777025954841628220,340.199,0,1.6775,1.2539,2.0944,36.777,-58.96,110.11,118.94,1.049
1777025954941898422,340.299,0,1.7065,1.1951,2.0834,35.003,-34.75,108.24,116.92,1.161
1777025955041995865,340.399,0,1.7367,1.1336,2.0739,33.133,-10.35,106.35,114.89,0.658
1777025955140487388,340.498,1,1.7668,1.0665,2.0637,31.117,14.83,104.55,112.94,1.349
1777025955240989496,340.598,1,1.7934,1.0021,2.0544,29.194,37.87,102.99,111.26,0.176
1777025955340432905,340.698,1,1.8206,0.9310,2.0448,27.085,62.16,101.46,109.60,0.197
1777025955440106312,340.797,1,1.8411,0.8621,2.0330,25.090,84.31,100.32,108.37,0.975
1777025955540326811,340.897,1,1.8648,0.7881,2.0245,22.910,107.71,99.05,107.00,0.895
1777025955641724361,340.999,1,1.8856,0.7134,2.0160,20.725,130.41,97.96,105.82,0.620
1777025955741674286,341.099,1,1.9041,0.6402,2.0089,18.585,152.03,97.00,104.79,0.485
1777025955841203843,341.198,1,1.9180,0.5683,2.0005,16.505,172.52,96.30,104.03,0.218
1777025955942148524,341.299,1,1.9317,0.4964,1.9945,14.412,192.70,95.62,103.29,0.173
1777025956043233798,341.400,1,1.9386,0.4213,1.9839,12.261,213.04,95.28,102.92,2.035
1777025956143385241,341.501,1,1.9370,0.3628,1.9707,10.610,228.44,95.36,103.01,1.897
1777025956240981562,341.598,1,1.9318,0.3011,1.9551,8.859,244.57,95.62,103.29,0.907
1777025956343322776,341.700,1,1.9070,0.2470,1.9229,7.379,258.10,96.86,104.63,0.949
1777025956445663657,341.803,1,1.8757,0.2073,1.8871,6.306,267.85,98.48,106.38,3.751
1777025956544519345,341.902,1,1.8455,0.1805,1.8543,5.586,274.37,100.08,108.12,2.664
1777025956641847501,341.999,1,1.8184,0.1425,1.8240,4.480,284.35,101.58,109.73,0.128
1777025956741637630,342.099,1,1.7839,0.1151,1.7876,3.691,291.45,103.54,111.85,0.429
1777025956842283720,342.199,1,1.7486,0.1046,1.7518,3.424,293.85,105.63,114.11,0.881
1777025956942838291,342.300,1,1.7134,0.0650,1.7146,2.172,305.09,107.80,116.45,0.922
1777025957042023349,342.399,1,1.6829,0.0321,1.6832,1.094,314.75,109.76,118.57,0.814
1777025957144053360,342.501,1,1.6610,0.0024,1.6610,0.083,323.80,111.20,120.13,1.158
1777025957241908236,342.599,1,1.6354,-0.0274,1.6357,-0.961,333.15,112.94,122.01,7.144
1777025957341336700,342.698,1,1.6063,-0.0731,1.6080,-2.606,347.90,114.99,124.22,7.004
1777025957444430838,342.802,1,1.5761,-0.1021,1.5794,-3.705,357.77,117.19,126.60,1.285
1777025957544304004,342.901,1,1.5472,-0.1334,1.5529,-4.926,368.77,119.38,128.97,1.581
1777025957642744675,343.000,1,1.5165,-0.1646,1.5254,-6.196,380.25,121.80,131.57,0.479
1777025957741818584,343.099,1,1.4865,-0.1939,1.4991,-7.432,391.47,124.26,134.23,1.171
1777025957843703615,343.201,1,1.4565,-0.2181,1.4728,-8.514,401.36,126.81,136.99,0.265
1777025957942457081,343.300,1,1.4240,-0.2445,1.4448,-9.744,412.66,129.71,140.12,1.136
1777025958044465500,343.402,1,1.3902,-0.2714,1.4165,-11.048,424.72,132.86,143.52,1.014
1777025958142604301,343.500,1,1.3564,-0.2967,1.3885,-12.338,436.78,136.18,147.10,1.409
1777025958241655099,343.599,1,1.3202,-0.3220,1.3589,-13.705,449.67,139.91,151.14,2.555
1777025958343408315,343.701,1,1.2843,-0.3477,1.3305,-15.147,463.44,143.82,155.37,0.372
1777025958441899986,343.799,1,1.2459,-0.3747,1.3010,-16.740,478.87,148.26,160.15,1.887
1777025958541675801,343.899,1,1.2080,-0.3995,1.2724,-18.299,494.22,152.90,165.17,4.517
1777025958641853207,343.999,1,1.1706,-0.4193,1.2435,-19.707,508.33,157.78,170.45,2.050
1777025958741171041,344.098,1,1.1318,-0.4439,1.2157,-21.416,525.78,163.20,176.30,2.870
1777025958840745783,344.198,1,1.0952,-0.4628,1.1890,-22.908,541.37,168.65,182.19,4.782
1777025958942370258,344.300,1,1.0529,-0.4835,1.1586,-24.667,560.18,175.43,189.51,2.701
1777025959041433834,344.399,1,1.0101,-0.5020,1.1280,-26.427,579.55,182.86,197.54,3.678
1777025959142562386,344.500,1,0.9535,-0.5244,1.0882,-28.810,606.73,193.71,209.25,2.040
1777025959242524422,344.600,1,0.8945,-0.5459,1.0479,-31.395,637.68,206.50,223.07,2.491
1777025959344369971,344.702,0,0.8399,-0.5660,1.0128,-33.975,670.30,219.92,237.56,1.042
1777025959444001601,344.801,0,0.7854,-0.5861,0.9800,-36.730,707.40,235.17,254.05,1.672
1777025959541621848,344.899,0,0.7308,-0.6029,0.9474,-39.521,747.82,252.74,273.03,3.508
1777025959642090550,344.999,0,0.6784,-0.6206,0.9195,-42.453,793.93,272.26,294.11,4.808
1777025959741219996,345.098,0,0.6227,-0.6378,0.8914,-45.686,850.06,296.62,320.42,3.739
1777025959840688941,345.198,0,0.5658,-0.6559,0.8662,-49.220,919.37,326.48,352.68,3.500
1777025959941495123,345.299,0,0.5030,-0.6743,0.8412,-53.283,1012.46,367.25,396.72,4.002
1777025960041841103,345.399,0,0.4470,-0.6888,0.8211,-57.018,1115.16,413.22,446.38,3.629
1777025960143963373,345.501,0,0.3975,-0.7045,0.8089,-60.564,1233.80,464.64,501.93,1.842
1777025960241194214,345.598,0,0.3476,-0.7143,0.7944,-64.046,1378.69,531.31,573.95,3.416
1777025960343678039,345.701,0,0.2913,-0.7226,0.7791,-68.043,1597.18,634.05,684.93,2.113
1777025960445642236,345.803,0,0.2371,-0.7307,0.7682,-72.026,1906.07,779.17,841.70,1.208
1777025960543098613,345.900,0,0.1757,-0.7407,0.7613,-76.655,2487.51,1051.19,1135.54,2.992
1777025960642031060,345.999,0,0.1008,-0.7499,0.7567,-82.342,4140.66,1831.94,1978.95,4.250
1777025960741680023,346.099,0,0.0157,-0.7555,0.7557,-88.808,nan,nan,nan,3.707
1777025960843065185,346.200,0,-0.0846,-0.7529,0.7577,-96.413,nan,nan,nan,3.876
1777025960944863382,346.302,0,-0.1782,-0.7425,0.7635,-103.495,nan,nan,nan,2.188
1777025961043921699,346.401,0,-0.2690,-0.7245,0.7728,-110.373,nan,nan,nan,3.180
1777025961145416527,346.503,0,-0.3592,-0.6984,0.7854,-117.216,nan,nan,nan,2.011
1777025961243730680,346.601,0,-0.4448,-0.6648,0.7999,-123.789,nan,nan,nan,3.247
1777025961343489735,346.701,0,-0.5287,-0.6260,0.8194,-130.180,nan,nan,nan,4.274
1777025961446321985,346.803,0,-0.6072,-0.5814,0.8407,-136.245,nan,nan,nan,0.546
1777025961544327527,346.901,0,-0.6810,-0.5321,0.8643,-141.997,nan,nan,nan,2.863
1777025961642825068,347.000,0,-0.7421,-0.4849,0.8865,-146.835,nan,nan,nan,3.888
1777025961742950159,347.100,0,-0.7986,-0.4414,0.9125,-151.068,nan,nan,nan,3.510
1777025961842951899,347.200,0,-0.8493,-0.3980,0.9380,-154.891,nan,nan,nan,3.842
1777025961944879411,347.302,0,-0.8932,-0.3796,0.9705,-156.975,nan,nan,nan,2.540
1777025962043050416,347.400,0,-0.9258,-0.3685,0.9965,-158.295,nan,nan,nan,3.916
1777025962143633599,347.501,0,-0.9667,-0.3472,1.0272,-160.242,nan,nan,nan,4.340
1777025962242599416,347.600,0,-0.9991,-0.3285,1.0517,-161.799,nan,nan,nan,3.441
1777025962345498424,347.703,0,-1.0351,-0.3072,1.0798,-163.470,nan,nan,nan,3.720
1777025962443664485,347.801,0,-1.0664,-0.2841,1.1036,-165.083,nan,nan,nan,3.748
1777025962544077001,347.901,0,-1.1001,-0.2602,1.1305,-166.694,nan,nan,nan,2.732
1777025962646631196,348.004,0,-1.1356,-0.2328,1.1592,-168.414,nan,nan,nan,2.151
1777025962744004981,348.101,0,-1.1670,-0.2095,1.1857,-169.825,nan,nan,nan,3.977
1777025962842778725,348.200,0,-1.2008,-0.1864,1.2152,-171.179,nan,nan,nan,2.854
1777025962942596651,348.300,0,-1.2346,-0.1597,1.2449,-172.628,nan,nan,nan,1.888
1777025963044928606,348.402,0,-1.2704,-0.1352,1.2776,-173.926,nan,nan,nan,3.919
1777025963143292721,348.500,0,-1.3004,-0.1153,1.3055,-174.932,nan,nan,nan,2.228
1777025963243271813,348.600,0,-1.3313,-0.0988,1.3349,-175.754,nan,nan,nan,1.242
1777025963343012628,348.700,0,-1.3625,-0.0802,1.3649,-176.632,nan,nan,nan,1.373
1777025963445309916,348.802,0,-1.3909,-0.0776,1.3931,-176.806,nan,nan,nan,3.564
1777025963545091638,348.902,0,-1.4212,-0.0824,1.4236,-176.683,nan,nan,nan,3.364
1777025963643478068,349.001,0,-1.4464,-0.0867,1.4490,-176.568,nan,nan,nan,2.033
1777025963745174433,349.102,0,-1.4727,-0.1080,1.4767,-175.805,nan,nan,nan,1.983
1777025963845498486,349.203,0,-1.4954,-0.1401,1.5019,-174.648,nan,nan,nan,3.798
1777025963942957530,349.300,0,-1.5134,-0.1820,1.5244,-173.141,nan,nan,nan,1.493
1777025964044157211,349.401,0,-1.5290,-0.2269,1.5458,-171.560,nan,nan,nan,2.939
1777025964144134673,349.501,0,-1.5429,-0.2681,1.5660,-170.141,nan,nan,nan,2.980
1777025964242482344,349.600,0,-1.5545,-0.3095,1.5850,-168.738,nan,nan,nan,0.393
1777025964343914098,349.701,0,-1.5578,-0.3541,1.5976,-167.194,nan,nan,nan,2.522
1777025964445573314,349.803,0,-1.5641,-0.3995,1.6143,-165.673,nan,nan,nan,4.080
1777025964544650742,349.902,0,-1.5691,-0.4412,1.6299,-164.294,nan,nan,nan,2.799
1777025964643876318,350.001,0,-1.5691,-0.4843,1.6421,-162.845,nan,nan,nan,2.400
1777025964743726022,350.101,0,-1.5651,-0.5366,1.6545,-161.077,nan,nan,nan,1.382
1777025964843131041,350.200,0,-1.5601,-0.5827,1.6653,-159.521,nan,nan,nan,1.485
1777025964943272281,350.300,0,-1.5526,-0.6272,1.6745,-158.004,nan,nan,nan,0.171
1777025965044364869,350.402,0,-1.5424,-0.6711,1.6820,-156.485,nan,nan,nan,1.139
1777025965144603312,350.502,0,-1.5272,-0.7181,1.6876,-154.816,nan,nan,nan,1.569
1777025965244215516,350.601,0,-1.5101,-0.7683,1.6943,-153.034,nan,nan,nan,1.793
1777025965343867553,350.701,0,-1.4892,-0.8142,1.6973,-151.332,nan,nan,nan,1.127
1777025965443558757,350.801,0,-1.4706,-0.8554,1.7013,-149.814,nan,nan,nan,1.294
1777025965543897848,350.901,0,-1.4468,-0.8995,1.7037,-148.129,nan,nan,nan,0.982
1777025965643234497,351.000,0,-1.4208,-0.9396,1.7034,-146.524,nan,nan,nan,0.436
1777025965742971053,351.100,0,-1.3931,-0.9829,1.7049,-144.796,nan,nan,nan,0.036
1777025965843884623,351.201,0,-1.3642,-1.0250,1.7064,-143.080,nan,nan,nan,0.533
1777025965942472645,351.300,0,-1.3332,-1.0636,1.7055,-141.419,nan,nan,nan,0.857
1777025966042552478,351.400,0,-1.3015,-1.1024,1.7056,-139.734,nan,nan,nan,0.578
1777025966141802664,351.499,0,-1.2675,-1.1414,1.7057,-137.997,nan,nan,nan,1.882
1777025966241610035,351.599,0,-1.2279,-1.1824,1.7046,-136.082,nan,nan,nan,4.271
1777025966342696919,351.700,0,-1.1876,-1.2198,1.7024,-134.235,nan,nan,nan,0.873
1777025966441372774,351.799,0,-1.1383,-1.2537,1.6934,-132.237,nan,nan,nan,2.213
1777025966541643662,351.899,0,-1.0898,-1.2825,1.6830,-130.357,nan,nan,nan,2.130
1777025966642592010,352.000,0,-1.0415,-1.3089,1.6727,-128.509,nan,nan,nan,1.842
1777025966740496849,352.098,0,-0.9982,-1.3292,1.6623,-126.906,nan,nan,nan,2.475
1777025966840339774,352.197,0,-0.9435,-1.3511,1.6479,-124.928,nan,nan,nan,3.742
1777025966940582902,352.298,0,-0.8985,-1.3683,1.6370,-123.293,nan,nan,nan,3.985
1777025967040728364,352.398,0,-0.8482,-1.3844,1.6235,-121.496,nan,nan,nan,4.376
1777025967141247880,352.498,0,-0.8030,-1.3936,1.6084,-119.950,nan,nan,nan,2.893
1777025967241706878,352.599,0,-0.7529,-1.4065,1.5954,-118.162,nan,nan,nan,2.856
1777025967342117617,352.699,0,-0.7068,-1.4116,1.5787,-116.598,nan,nan,nan,2.041
1777025967444534923,352.802,0,-0.6842,-1.4005,1.5587,-116.036,nan,nan,nan,0.325
1777025967544219405,352.901,0,-0.6639,-1.3891,1.5396,-115.545,nan,nan,nan,0.707
1777025967644216626,353.001,0,-0.6448,-1.3784,1.5218,-115.070,nan,nan,nan,2.054
1777025967742526279,353.100,0,-0.6202,-1.3660,1.5002,-114.421,nan,nan,nan,3.275
1777025967842311964,353.199,0,-0.6150,-1.3497,1.4832,-114.499,nan,nan,nan,2.233
1777025967941925298,353.299,0,-0.6096,-1.3266,1.4600,-114.681,nan,nan,nan,3.205
1777025968043968901,353.401,0,-0.6106,-1.3029,1.4389,-115.111,nan,nan,nan,1.396
1777025968141819370,353.499,0,-0.6179,-1.2764,1.4181,-115.831,nan,nan,nan,4.918
1777025968241602074,353.599,0,-0.6279,-1.2502,1.3991,-116.666,nan,nan,nan,3.519
1777025968342327256,353.699,0,-0.6344,-1.2254,1.3799,-117.371,nan,nan,nan,3.257
1777025968442150793,353.799,0,-0.6404,-1.2001,1.3603,-118.086,nan,nan,nan,3.567
1777025968542255569,353.899,0,-0.6492,-1.1749,1.3424,-118.924,nan,nan,nan,3.818
1777025968643452046,354.001,0,-0.6551,-1.1502,1.3237,-119.666,nan,nan,nan,2.437
1777025968741630959,354.099,0,-0.6631,-1.1261,1.3068,-120.493,nan,nan,nan,3.961
1777025968841711161,354.199,0,-0.6716,-1.1004,1.2892,-121.398,nan,nan,nan,3.632
1777025968942746046,354.300,0,-0.6833,-1.0716,1.2709,-122.526,nan,nan,nan,3.554
1777025969041205495,354.398,0,-0.6913,-1.0472,1.2548,-123.431,nan,nan,nan,2.739
1777025969143140321,354.500,0,-0.7003,-1.0190,1.2364,-124.501,nan,nan,nan,3.122
1777025969242616155,354.600,0,-0.7081,-0.9936,1.2201,-125.478,nan,nan,nan,3.518
1777025969341826527,354.699,0,-0.7149,-0.9706,1.2055,-126.373,nan,nan,nan,2.832
1777025969441938248,354.799,0,-0.7189,-0.9487,1.1903,-127.153,nan,nan,nan,3.923
1777025969544419462,354.902,0,-0.7296,-0.9185,1.1730,-128.463,nan,nan,nan,3.050
1777025969641386582,354.999,0,-0.7353,-0.8963,1.1593,-129.364,nan,nan,nan,2.133
1777025969741195600,355.098,0,-0.7414,-0.8704,1.1434,-130.424,nan,nan,nan,0.313
1777025969842279985,355.199,0,-0.7487,-0.8434,1.1278,-131.597,nan,nan,nan,3.091
1777025969941939003,355.299,0,-0.7561,-0.8210,1.1161,-132.643,nan,nan,nan,2.534
1777025970042281872,355.399,0,-0.7627,-0.7939,1.1009,-133.854,nan,nan,nan,3.110
1777025970143398219,355.501,0,-0.7713,-0.7682,1.0885,-135.116,nan,nan,nan,3.800
1777025970242497110,355.600,0,-0.7798,-0.7423,1.0766,-136.411,nan,nan,nan,2.734
1777025970342106648,355.699,0,-0.7859,-0.7176,1.0642,-137.601,nan,nan,nan,3.032
1777025970442072240,355.799,0,-0.7924,-0.6938,1.0532,-138.797,nan,nan,nan,2.745
1777025970543547919,355.901,0,-0.7995,-0.6680,1.0418,-140.117,nan,nan,nan,3.905
1777025970642927458,356.000,0,-0.8057,-0.6429,1.0307,-141.412,nan,nan,nan,2.676
1777025970742425958,356.100,0,-0.8123,-0.6200,1.0218,-142.647,nan,nan,nan,2.539
1777025970841652145,356.199,0,-0.8182,-0.5953,1.0119,-143.959,nan,nan,nan,1.848
1777025970941677904,356.299,0,-0.8249,-0.5712,1.0033,-145.301,nan,nan,nan,1.558
1777025971041952680,356.399,0,-0.8317,-0.5477,0.9958,-146.636,nan,nan,nan,2.031
1777025971141931290,356.499,0,-0.8390,-0.5216,0.9879,-148.131,nan,nan,nan,0.413
1777025971243357674,356.601,0,-0.8451,-0.4965,0.9802,-149.569,nan,nan,nan,3.260
1777025971343353951,356.701,0,-0.8525,-0.4714,0.9741,-151.057,nan,nan,nan,3.161
1777025971441961602,356.799,0,-0.8579,-0.4492,0.9684,-152.365,nan,nan,nan,0.547
1777025971544181150,356.901,0,-0.8662,-0.4338,0.9688,-153.395,nan,nan,nan,3.941
1777025971642075693,356.999,0,-0.8704,-0.4203,0.9665,-154.224,nan,nan,nan,1.775
1777025971741137862,357.098,0,-0.8681,-0.4104,0.9602,-154.696,nan,nan,nan,0.370
1777025971842410153,357.200,0,-0.8645,-0.4113,0.9573,-154.559,nan,nan,nan,1.489
1777025971942970262,357.300,0,-0.8632,-0.4151,0.9578,-154.321,nan,nan,nan,1.507
1777025972043112483,357.400,0,-0.8645,-0.4322,0.9665,-153.440,nan,nan,nan,2.492
1777025972143180611,357.500,0,-0.8688,-0.4583,0.9823,-152.187,nan,nan,nan,2.131
1777025972242924315,357.600,0,-0.8751,-0.4863,1.0011,-150.938,nan,nan,nan,0.509
1777025972341938373,357.699,0,-0.8809,-0.5093,1.0176,-149.967,nan,nan,nan,0.686
1777025972443691885,357.801,0,-0.8848,-0.5352,1.0340,-148.830,nan,nan,nan,2.775
1777025972542531610,357.900,0,-0.8851,-0.5651,1.0501,-147.442,nan,nan,nan,0.765
1777025972643056719,358.000,0,-0.8886,-0.5912,1.0673,-146.363,nan,nan,nan,1.790
1777025972741425371,358.099,0,-0.8874,-0.6168,1.0808,-145.197,nan,nan,nan,0.753
1777025972841936517,358.199,0,-0.8794,-0.6498,1.0934,-143.539,nan,nan,nan,0.350
1777025972942535885,358.300,0,-0.8612,-0.6942,1.1061,-141.128,nan,nan,nan,0.712
1777025973043214456,358.400,0,-0.8436,-0.7313,1.1164,-139.080,nan,nan,nan,0.663
1777025973144121600,358.501,0,-0.8206,-0.7710,1.1259,-136.785,nan,nan,nan,1.083
1777025973242584734,358.600,0,-0.7936,-0.8102,1.1342,-134.407,nan,nan,nan,0.106
1777025973343732841,358.701,0,-0.7572,-0.8520,1.1399,-131.627,nan,nan,nan,1.253
1777025973443330174,358.800,0,-0.7227,-0.8924,1.1483,-129.000,nan,nan,nan,0.728
1777025973543811894,358.901,0,-0.6930,-0.9263,1.1568,-126.802,nan,nan,nan,1.129
1777025973643493468,359.001,0,-0.6603,-0.9601,1.1653,-124.517,nan,nan,nan,0.491
1777025973742677229,359.100,0,-0.6281,-0.9910,1.1732,-122.368,nan,nan,nan,0.990
1777025973842377137,359.200,0,-0.5842,-1.0263,1.1809,-119.648,nan,nan,nan,1.346
1777025973943689151,359.301,0,-0.4988,-1.0812,1.1907,-114.765,nan,nan,nan,0.148
1777025974043078781,359.400,0,-0.3935,-1.1347,1.2010,-109.124,nan,nan,nan,0.102
1777025974142892059,359.500,0,-0.2827,-1.1750,1.2085,-103.528,nan,nan,nan,0.665
1777025974243590815,359.601,0,-0.1640,-1.2026,1.2137,-97.764,nan,nan,nan,0.078
1777025974343012501,359.700,0,-0.0464,-1.2173,1.2181,-92.183,nan,nan,nan,0.639
1777025974443274389,359.800,0,0.0711,-1.2181,1.2202,-86.659,9114.10,2597.68,2806.13,0.424
1777025974542666871,359.900,0,0.1886,-1.2060,1.2207,-81.111,3605.23,979.31,1057.90,1.207
1777025974642682667,360.000,0,0.3012,-1.1819,1.2197,-75.701,2337.55,613.16,662.37,1.795
1777025974743261757,360.100,0,0.4033,-1.1476,1.2164,-70.637,1784.50,457.97,494.72,0.975
1777025974843990457,360.201,0,0.4937,-1.1062,1.2114,-65.947,1474.10,374.10,404.12,0.791
1777025974945577192,360.303,0,0.5813,-1.0558,1.2053,-61.166,1256.53,317.77,343.27,0.674
1777025975045529914,360.403,0,0.6509,-1.0048,1.1972,-57.064,1116.57,283.77,306.54,1.489
1777025975144749952,360.502,0,0.6981,-0.9601,1.1871,-53.980,1030.21,264.59,285.83,0.616
1777025975245263209,360.602,0,0.7213,-0.9279,1.1753,-52.140,984.57,256.07,276.62,1.221
1777025975344922061,360.702,0,0.7303,-0.9009,1.1597,-50.970,957.48,252.93,273.23,0.795
1777025975446408278,360.804,0,0.7160,-0.8823,1.1363,-50.938,956.74,257.96,278.66,1.666
1777025975544917967,360.902,0,0.6702,-0.8806,1.1066,-52.726,998.68,275.61,297.72,0.493
1777025975645705149,361.003,0,0.6255,-0.8835,1.0825,-54.704,1049.29,295.31,319.01,1.239
1777025975744154227,361.101,0,0.5892,-0.8881,1.0658,-56.439,1097.94,313.50,338.65,1.126
1777025975846598367,361.204,0,0.5513,-0.8918,1.0485,-58.276,1154.52,335.04,361.93,1.275
1777025975943694301,361.301,0,0.5138,-0.8961,1.0329,-60.169,1219.32,359.49,388.33,0.798
1777025976044333057,361.401,0,0.4710,-0.9009,1.0166,-62.400,1305.97,392.19,423.66,1.124
1777025976143935836,361.501,0,0.4322,-0.9054,1.0033,-64.481,1399.34,427.36,461.65,2.730
1777025976243189985,361.600,0,0.3891,-0.9109,0.9905,-66.873,1525.90,474.77,512.87,2.706
1777025976342607005,361.700,0,0.3376,-0.9156,0.9758,-69.762,1716.17,547.17,591.08,2.689
1777025976443056021,361.800,0,0.2850,-0.9209,0.9640,-72.802,1982.20,648.04,700.04,2.511
1777025976543845222,361.901,0,0.2318,-0.9226,0.9513,-75.900,2367.15,796.99,860.94,1.930
1777025976644098553,362.001,0,0.1862,-0.9244,0.9429,-78.610,2871.53,991.95,1071.56,2.686
1777025976743476480,362.101,0,0.1497,-0.9239,0.9359,-80.796,3491.15,1233.91,1332.93,2.490
1777025976846068601,362.203,0,0.1053,-0.9249,0.9308,-83.507,4832.59,1754.74,1895.56,0.220
1777025976945148659,362.302,0,0.0670,-0.9273,0.9298,-85.865,7421.49,2755.10,2976.19,1.060
1777025977042608258,362.400,0,0.0250,-0.9278,0.9281,-88.455,nan,nan,nan,3.702
1777025977141963260,362.499,0,-0.0178,-0.9224,0.9226,-91.106,nan,nan,nan,3.623
1777025977243418532,362.601,0,-0.0620,-0.9158,0.9179,-93.876,nan,nan,nan,3.406
1777025977343066458,362.700,0,-0.1017,-0.9090,0.9146,-96.384,nan,nan,nan,3.316
1777025977442693292,362.800,0,-0.1470,-0.9032,0.9151,-99.246,nan,nan,nan,4.188
1777025977544348953,362.902,0,-0.1932,-0.8875,0.9082,-102.281,nan,nan,nan,2.083
1777025977643396362,363.001,0,-0.2497,-0.8698,0.9050,-106.017,nan,nan,nan,4.048
1777025977741953921,363.099,0,-0.2976,-0.8556,0.9058,-109.177,nan,nan,nan,3.858
1777025977844810726,363.202,0,-0.3563,-0.8373,0.9100,-113.048,nan,nan,nan,2.450
1777025977942879454,363.300,0,-0.4032,-0.8205,0.9142,-116.171,nan,nan,nan,3.165
1777025978043403192,363.401,0,-0.4533,-0.8016,0.9209,-119.488,nan,nan,nan,4.317
1777025978142432509,363.500,0,-0.5051,-0.7812,0.9303,-122.884,nan,nan,nan,3.596
1777025978242793081,363.600,0,-0.5475,-0.7636,0.9396,-125.641,nan,nan,nan,2.443
1777025978345455535,363.703,0,-0.5912,-0.7437,0.9501,-128.482,nan,nan,nan,1.667
1777025978442228526,363.799,0,-0.6242,-0.7269,0.9581,-130.652,nan,nan,nan,2.748
1777025978544439611,363.902,0,-0.6580,-0.7080,0.9665,-132.905,nan,nan,nan,3.606
1777025978643128077,364.000,0,-0.6821,-0.6923,0.9719,-134.574,nan,nan,nan,3.732
1777025978742441597,364.100,0,-0.6965,-0.6726,0.9682,-135.998,nan,nan,nan,3.280
1777025978842816039,364.200,0,-0.6936,-0.6565,0.9550,-136.573,nan,nan,nan,3.522
1777025978943352018,364.301,0,-0.6869,-0.6387,0.9380,-137.079,nan,nan,nan,2.627
1777025979043295036,364.400,0,-0.6794,-0.6182,0.9186,-137.701,nan,nan,nan,3.406
1777025979146390137,364.504,0,-0.6659,-0.5945,0.8926,-138.240,nan,nan,nan,1.788
1777025979242618889,364.600,0,-0.6513,-0.5773,0.8703,-138.450,nan,nan,nan,2.877
1777025979346825986,364.704,0,-0.6303,-0.5587,0.8423,-138.446,nan,nan,nan,1.344
1777025979442784035,364.800,0,-0.6104,-0.5467,0.8194,-138.147,nan,nan,nan,2.206
1777025979542607868,364.900,0,-0.5868,-0.5373,0.7956,-137.524,nan,nan,nan,1.507
1777025979643966418,365.001,0,-0.5635,-0.5325,0.7753,-136.619,nan,nan,nan,3.325
1777025979742038868,365.099,0,-0.5480,-0.5311,0.7631,-135.901,nan,nan,nan,1.335
1777025979844531748,365.202,0,-0.5412,-0.5304,0.7578,-135.579,nan,nan,nan,4.231
1777025979943037159,365.300,0,-0.5388,-0.5308,0.7564,-135.429,nan,nan,nan,2.125
1777025980044714913,365.402,0,-0.5391,-0.5264,0.7535,-135.680,nan,nan,nan,3.533
1777025980142455215,365.500,0,-0.5393,-0.5264,0.7536,-135.690,nan,nan,nan,1.972
1777025980243372656,365.601,0,-0.5393,-0.5264,0.7536,-135.694,nan,nan,nan,1.414
1777025980342448788,365.700,0,-0.5393,-0.5264,0.7536,-135.692,nan,nan,nan,0.845
1777025980442914785,365.800,0,-0.5393,-0.5264,0.7536,-135.693,nan,nan,nan,1.535
1777025980544163632,365.901,0,-0.5393,-0.5264,0.7536,-135.691,nan,nan,nan,3.307
1777025980642710025,366.000,0,-0.5391,-0.5266,0.7536,-135.675,nan,nan,nan,1.498
1777025980743836873,366.101,0,-0.5392,-0.5264,0.7536,-135.690,nan,nan,nan,2.075
1777025980843792242,366.201,0,-0.5392,-0.5264,0.7536,-135.691,nan,nan,nan,1.095
1777025980942924744,366.300,0,-0.5392,-0.5264,0.7536,-135.690,nan,nan,nan,0.691
1777025981042610633,366.400,0,-0.5393,-0.5265,0.7536,-135.689,nan,nan,nan,0.685
1777025981142764595,366.500,0,-0.5392,-0.5267,0.7538,-135.675,nan,nan,nan,0.064
1777025981242440929,366.600,0,-0.5393,-0.5267,0.7538,-135.677,nan,nan,nan,0.167
1777025981343011907,366.700,0,-0.5392,-0.5266,0.7537,-135.678,nan,nan,nan,0.792
1777025981446672728,366.804,0,-0.5393,-0.5267,0.7538,-135.678,nan,nan,nan,3.545
1777025981544441864,366.902,0,-0.5392,-0.5267,0.7538,-135.673,nan,nan,nan,2.365
1777025981647745520,367.005,0,-0.5394,-0.5268,0.7540,-135.676,nan,nan,nan,3.026
1777025981743712198,367.101,0,-0.5428,-0.5278,0.7571,-135.802,nan,nan,nan,1.109
1777025981845021730,367.202,0,-0.5456,-0.5284,0.7595,-135.921,nan,nan,nan,0.567
1777025981951498765,367.309,0,-0.5489,-0.5292,0.7625,-136.045,nan,nan,nan,0.477
1777025982043686955,367.401,0,-0.5516,-0.5300,0.7650,-136.146,nan,nan,nan,0.146
1777025982144439137,367.502,0,-0.5507,-0.5353,0.7680,-135.813,nan,nan,nan,1.311
1777025982244129341,367.601,0,-0.5514,-0.5402,0.7719,-135.587,nan,nan,nan,0.111
1777025982342495882,367.700,0,-0.5533,-0.5430,0.7752,-135.542,nan,nan,nan,0.885
1777025982445018411,367.802,0,-0.5505,-0.5506,0.7786,-134.993,nan,nan,nan,0.693
1777025982544155690,367.901,0,-0.5430,-0.5652,0.7837,-133.852,nan,nan,nan,0.692
1777025982642320936,367.999,0,-0.5221,-0.5871,0.7857,-131.645,nan,nan,nan,1.082
1777025982741834363,368.099,0,-0.5012,-0.6125,0.7914,-129.292,nan,nan,nan,1.664
1777025982844859389,368.202,0,-0.4691,-0.6453,0.7978,-126.014,nan,nan,nan,1.527
1777025982945250128,368.302,0,-0.4432,-0.6720,0.8050,-123.406,nan,nan,nan,0.924
1777025983043207986,368.400,0,-0.4154,-0.6992,0.8133,-120.712,nan,nan,nan,0.947
1777025983143453521,368.501,0,-0.3873,-0.7218,0.8191,-118.216,nan,nan,nan,0.288
1777025983246443511,368.604,0,-0.3600,-0.7416,0.8244,-115.895,nan,nan,nan,2.080
1777025983343871463,368.701,0,-0.3338,-0.7589,0.8291,-113.745,nan,nan,nan,0.462
1777025983446357843,368.804,0,-0.3068,-0.7764,0.8349,-111.562,nan,nan,nan,1.863
1777025983545330901,368.902,0,-0.2805,-0.7915,0.8398,-109.514,nan,nan,nan,1.278
1777025983645819324,369.003,0,-0.2525,-0.8058,0.8445,-107.400,nan,nan,nan,1.434
1777025983745427936,369.103,0,-0.2225,-0.8190,0.8487,-105.199,nan,nan,nan,1.274
1777025983845829600,369.203,0,-0.1933,-0.8312,0.8533,-103.095,nan,nan,nan,1.537
1777025983944732714,369.302,0,-0.1679,-0.8414,0.8579,-101.283,nan,nan,nan,0.051
1777025984043171237,369.400,0,-0.1448,-0.8499,0.8622,-99.668,nan,nan,nan,1.609
1777025984146788447,369.504,0,-0.1219,-0.8579,0.8665,-98.086,nan,nan,nan,2.085
1777025984243376123,369.601,0,-0.0960,-0.8655,0.8708,-96.330,nan,nan,nan,2.305
1777025984344100102,369.701,0,-0.0743,-0.8714,0.8746,-94.871,nan,nan,nan,1.467
1777025984445187523,369.802,0,-0.0489,-0.8767,0.8781,-93.192,nan,nan,nan,0.104
1777025984544327211,369.901,0,-0.0273,-0.8808,0.8813,-91.774,nan,nan,nan,1.441
1777025984643246787,370.000,0,0.0046,-0.8838,0.8838,-89.701,nan,nan,nan,3.488
1777025984742868325,370.100,0,0.0274,-0.8873,0.8877,-88.230,nan,nan,nan,2.825
1777025984843670618,370.201,0,0.0535,-0.8891,0.8907,-86.558,8855.43,3454.37,3731.57,2.365
1777025984944450170,370.302,0,0.0688,-0.8900,0.8926,-85.580,6962.22,2684.93,2900.39,1.595
1777025985043437561,370.401,0,0.0750,-0.8919,0.8950,-85.193,6425.94,2462.79,2660.42,2.102
1777025985143808893,370.501,0,0.0676,-0.8941,0.8967,-85.675,7108.87,2731.53,2950.73,2.011
1777025985244042132,370.601,0,0.0504,-0.8982,0.8996,-86.790,9472.42,3666.44,3960.66,3.607
1777025985343879298,370.701,0,0.0298,-0.9013,0.9018,-88.105,nan,nan,nan,2.957
1777025985442664764,370.800,0,0.0064,-0.9070,0.9070,-89.595,nan,nan,nan,3.940
1777025985545009589,370.902,0,-0.0239,-0.9123,0.9126,-91.498,nan,nan,nan,1.865
1777025985645685697,371.003,0,-0.0535,-0.9176,0.9191,-93.338,nan,nan,nan,0.818
1777025985742688076,371.100,0,-0.0813,-0.9234,0.9270,-95.034,nan,nan,nan,3.853
1777025985850497292,371.208,0,-0.1122,-0.9285,0.9352,-96.891,nan,nan,nan,3.292
1777025985943744312,371.301,0,-0.1412,-0.9336,0.9442,-98.604,nan,nan,nan,4.401
1777025986043691311,371.401,0,-0.1654,-0.9435,0.9579,-99.945,nan,nan,nan,3.469
1777025986143708700,371.501,0,-0.2051,-0.9431,0.9652,-102.268,nan,nan,nan,3.918
1777025986245028250,371.602,0,-0.2229,-0.9517,0.9774,-103.180,nan,nan,nan,2.808
1777025986345523729,371.703,0,-0.2445,-0.9515,0.9824,-104.409,nan,nan,nan,1.778
1777025986443121958,371.800,0,-0.2615,-0.9542,0.9894,-105.325,nan,nan,nan,3.470
1777025986543023310,371.900,0,-0.2904,-0.9510,0.9944,-106.982,nan,nan,nan,3.801
1777025986643751177,372.001,0,-0.3058,-0.9569,1.0045,-107.723,nan,nan,nan,3.586
1777025986742894827,372.100,0,-0.3273,-0.9596,1.0139,-108.834,nan,nan,nan,3.363
1777025986846548555,372.204,0,-0.3650,-0.9638,1.0306,-110.743,nan,nan,nan,1.696
1777025986944069525,372.301,0,-0.4018,-0.9682,1.0482,-112.540,nan,nan,nan,3.775
1777025987045503853,372.403,0,-0.4323,-0.9720,1.0638,-113.979,nan,nan,nan,2.568
1777025987150543022,372.508,0,-0.4590,-0.9772,1.0796,-115.160,nan,nan,nan,1.959
1777025987244260356,372.601,0,-0.4873,-0.9831,1.0972,-116.368,nan,nan,nan,4.112
1777025987345418351,372.703,0,-0.5168,-0.9874,1.1144,-117.628,nan,nan,nan,3.960
1777025987443639689,372.801,0,-0.5417,-0.9935,1.1316,-118.602,nan,nan,nan,3.147
1777025987543130690,372.900,0,-0.5686,-1.0011,1.1513,-119.598,nan,nan,nan,2.822
1777025987645023405,373.002,0,-0.5989,-1.0067,1.1713,-120.749,nan,nan,nan,3.546
1777025987742745115,373.100,0,-0.6266,-1.0112,1.1896,-121.785,nan,nan,nan,2.046
1777025987845283236,373.202,0,-0.6579,-1.0182,1.2122,-122.869,nan,nan,nan,3.579
1777025987944789052,373.302,0,-0.6820,-1.0242,1.2305,-123.658,nan,nan,nan,3.397
1777025988042040134,373.399,0,-0.7131,-1.0295,1.2523,-124.710,nan,nan,nan,1.399
1777025988143101167,373.500,0,-0.7446,-1.0334,1.2737,-125.773,nan,nan,nan,1.903
1777025988244325421,373.601,0,-0.7741,-1.0380,1.2949,-126.715,nan,nan,nan,2.131
1777025988343139165,373.700,0,-0.8042,-1.0431,1.3171,-127.633,nan,nan,nan,0.600
1777025988442713962,373.800,0,-0.8355,-1.0474,1.3398,-128.577,nan,nan,nan,0.768
1777025988542184018,373.899,0,-0.8653,-1.0519,1.3621,-129.442,nan,nan,nan,0.680
1777025988644277955,374.001,0,-0.8933,-1.0589,1.3854,-130.151,nan,nan,nan,2.272
1777025988742157776,374.099,0,-0.9232,-1.0630,1.4079,-130.976,nan,nan,nan,0.224
1777025988844956174,374.202,0,-0.9543,-1.0673,1.4317,-131.800,nan,nan,nan,3.230
1777025988943195067,374.300,0,-0.9735,-1.0817,1.4553,-131.984,nan,nan,nan,1.879
1777025989044309693,374.401,0,-0.9650,-1.1170,1.4762,-130.825,nan,nan,nan,2.653
1777025989142453642,374.500,0,-0.9405,-1.1618,1.4948,-128.990,nan,nan,nan,0.695
1777025989245840779,374.603,0,-0.9044,-1.2141,1.5139,-126.682,nan,nan,nan,3.287
1777025989343637674,374.701,0,-0.8594,-1.2664,1.5304,-124.163,nan,nan,nan,0.037
1777025989445296964,374.802,0,-0.8050,-1.3201,1.5462,-121.376,nan,nan,nan,2.990
1777025989543305469,374.900,0,-0.7512,-1.3691,1.5617,-118.753,nan,nan,nan,0.861
1777025989644523020,375.002,0,-0.6912,-1.4159,1.5756,-116.020,nan,nan,nan,2.078
1777025989743459912,375.101,0,-0.6309,-1.4585,1.5891,-113.391,nan,nan,nan,0.876
1777025989843564929,375.201,0,-0.5742,-1.4960,1.6024,-110.999,nan,nan,nan,0.922
1777025989946589974,375.304,0,-0.5220,-1.5267,1.6134,-108.877,nan,nan,nan,3.863
1777025990043571390,375.401,0,-0.4654,-1.5562,1.6243,-106.649,nan,nan,nan,0.932
1777025990144345017,375.502,0,-0.4133,-1.5815,1.6346,-104.646,nan,nan,nan,1.163
1777025990245050625,375.602,0,-0.3612,-1.6037,1.6439,-102.692,nan,nan,nan,1.450
1777025990344654403,375.702,0,-0.2970,-1.6262,1.6531,-100.350,nan,nan,nan,1.114
1777025990443666517,375.801,0,-0.2346,-1.6444,1.6611,-98.119,nan,nan,nan,0.909
1777025990543331461,375.900,0,-0.1741,-1.6595,1.6686,-95.989,nan,nan,nan,0.435
1777025990642676259,376.000,0,-0.1163,-1.6705,1.6745,-93.983,nan,nan,nan,0.956
1777025990742056538,376.099,0,-0.0563,-1.6790,1.6800,-91.921,nan,nan,nan,0.795
1777025990843383607,376.201,0,0.0073,-1.6841,1.6841,-89.752,nan,nan,nan,0.041
1777025990942742071,376.300,0,0.0713,-1.6860,1.6875,-87.579,12458.27,2590.87,2798.78,0.467
1777025991042739700,376.400,0,0.1335,-1.6850,1.6902,-85.471,6802.43,1384.02,1495.09,1.071
1777025991145854485,376.503,0,0.1946,-1.6807,1.6919,-83.396,4756.31,949.27,1025.45,2.323
1777025991244103472,376.601,0,0.2539,-1.6738,1.6929,-81.373,3706.46,727.40,785.77,1.064
1777025991345378208,376.703,0,0.3072,-1.6650,1.6931,-79.545,3105.16,601.20,649.44,1.642
1777025991445769150,376.803,0,0.3607,-1.6527,1.6916,-77.688,2675.45,512.07,553.17,1.578
1777025991543482675,376.901,0,0.4128,-1.6387,1.6899,-75.861,2361.34,447.45,483.35,0.379
1777025991645452223,377.003,0,0.4642,-1.6225,1.6876,-74.032,2117.67,397.87,429.79,1.181
1777025991744158504,377.101,0,0.5095,-1.6051,1.6840,-72.389,1940.93,362.54,391.63,1.754
1777025991844489966,377.202,0,0.5590,-1.5840,1.6798,-70.561,1778.39,330.41,356.93,0.635
1777025991944436132,377.302,0,0.6136,-1.5587,1.6751,-68.511,1627.80,301.01,325.17,0.230
1777025992044751000,377.402,0,0.6672,-1.5306,1.6697,-66.446,1501.49,276.82,299.04,0.666
1777025992145309720,377.502,0,0.6801,-1.5172,1.6626,-65.856,1469.20,271.61,293.40,0.141
1777025992246732677,377.604,0,0.6749,-1.5111,1.6549,-65.931,1473.24,273.67,295.63,1.835
1777025992344647850,377.702,0,0.6526,-1.5135,1.6481,-66.675,1514.48,283.04,305.76,0.183
1777025992442764559,377.800,0,0.6368,-1.5127,1.6413,-67.170,1543.33,290.05,313.33,1.941
1777025992543200131,377.900,0,0.6214,-1.5120,1.6347,-67.657,1572.89,297.23,321.09,1.736
1777025992644945902,378.002,0,0.6084,-1.5109,1.6288,-68.067,1598.75,303.61,327.97,0.705
1777025992742989981,378.100,0,0.5929,-1.5107,1.6229,-68.571,1631.86,311.53,336.53,2.477
1777025992844089959,378.201,0,0.5780,-1.5103,1.6171,-69.057,1665.18,319.56,345.20,2.019
1777025992945156732,378.302,0,0.5637,-1.5098,1.6117,-69.526,1698.72,327.65,353.94,1.096
1777025993043272626,378.400,0,0.5462,-1.5108,1.6065,-70.122,1743.59,338.14,365.28,2.045
1777025993144810787,378.502,0,0.5284,-1.5114,1.6011,-70.729,1792.05,349.54,377.59,1.239
1777025993243350050,378.601,0,0.5153,-1.5105,1.5960,-71.163,1828.50,358.45,387.21,2.816
1777025993343711715,378.701,0,0.5189,-1.5039,1.5909,-70.964,1811.59,355.97,384.54,2.604
1777025993445161006,378.802,0,0.5627,-1.4828,1.5860,-69.218,1676.53,328.24,354.58,1.328
1777025993545885021,378.903,0,0.6468,-1.4425,1.5809,-65.848,1468.75,285.56,308.48,0.535
1777025993642441791,379.000,0,0.7223,-1.3990,1.5745,-62.692,1318.27,255.71,276.23,4.168
1777025993742529827,379.100,0,0.7911,-1.3518,1.5663,-59.664,1201.32,233.49,252.22,4.038
1777025993844849393,379.202,0,0.8518,-1.3019,1.5558,-56.806,1108.78,216.86,234.26,1.358
1777025993944894595,379.302,0,0.8742,-1.2786,1.5489,-55.638,1074.94,211.29,228.24,1.938
1777025994044174226,379.401,0,0.8764,-1.2712,1.5440,-55.417,1068.77,210.76,227.68,2.088
1777025994145435018,379.503,0,0.8691,-1.2731,1.5414,-55.679,1076.09,212.52,229.58,1.081
1777025994245533850,379.603,0,0.8759,-1.2698,1.5426,-55.403,1068.39,210.88,227.80,1.362
1777025994344252872,379.701,0,0.8744,-1.2706,1.5424,-55.464,1070.07,211.24,228.19,2.926
1777025994444451852,379.802,0,0.8740,-1.2710,1.5425,-55.487,1070.71,211.35,228.31,2.798
1777025994543050689,379.900,0,0.8741,-1.2709,1.5425,-55.480,1070.51,211.31,228.27,3.818
1777025994642858152,380.000,0,0.8742,-1.2708,1.5424,-55.475,1070.38,211.29,228.24,4.126
1777025994742855577,380.100,0,0.8740,-1.2709,1.5425,-55.483,1070.60,211.33,228.29,2.944
1777025994843880147,380.201,0,0.8742,-1.2707,1.5424,-55.473,1070.33,211.28,228.24,3.658
1777025994943223741,380.300,0,0.8741,-1.2709,1.5425,-55.480,1070.52,211.30,228.26,4.018
1777025995043102648,380.400,0,0.8742,-1.2709,1.5425,-55.478,1070.47,211.30,228.25,3.637
1777025995146415933,380.504,0,0.8741,-1.2709,1.5425,-55.483,1070.60,211.32,228.28,1.029
1777025995243724663,380.601,0,0.8742,-1.2708,1.5425,-55.474,1070.37,211.28,228.24,4.098
1777025995342835461,380.700,0,0.8743,-1.2707,1.5424,-55.469,1070.21,211.26,228.21,1.576
1777025995442917145,380.800,0,0.8741,-1.2709,1.5425,-55.482,1070.59,211.32,228.28,2.846
1777025995543917104,380.901,0,0.8742,-1.2708,1.5424,-55.475,1070.38,211.29,228.24,3.875
1777025995642607070,381.000,0,0.8741,-1.2709,1.5425,-55.481,1070.56,211.31,228.27,2.721
1777025995741877016,381.099,0,0.8742,-1.2709,1.5425,-55.478,1070.46,211.30,228.25,1.572
1777025995842533550,381.200,0,0.8742,-1.2708,1.5425,-55.477,1070.44,211.30,228.25,2.063
1777025995944326470,381.301,0,0.8744,-1.2707,1.5424,-55.468,1070.19,211.25,228.20,4.203
1777025996046613462,381.404,0,0.8743,-1.2708,1.5425,-55.472,1070.30,211.27,228.22,1.435
1777025996142672622,381.500,0,0.8744,-1.2707,1.5425,-55.467,1070.17,211.24,228.19,0.912
1777025996242989990,381.600,0,0.8740,-1.2710,1.5425,-55.484,1070.63,211.33,228.29,2.801
1777025996343701839,381.701,0,0.8742,-1.2710,1.5426,-55.480,1070.52,211.30,228.25,3.211
1777025996443510191,381.801,0,0.8742,-1.2709,1.5425,-55.479,1070.49,211.30,228.26,2.761
1777025996542724026,381.900,0,0.8744,-1.2707,1.5425,-55.469,1070.22,211.25,228.20,1.720
1777025996642703340,382.000,0,0.8742,-1.2709,1.5425,-55.478,1070.47,211.30,228.25,2.026
1777025996743360503,382.101,0,0.8743,-1.2707,1.5424,-55.472,1070.31,211.27,228.23,1.559
1777025996843636779,382.201,0,0.8739,-1.2710,1.5424,-55.488,1070.74,211.36,228.32,2.066
1777025996942438671,382.300,0,0.8742,-1.2709,1.5426,-55.478,1070.48,211.29,228.24,1.296
1777025997042875484,382.400,0,0.8734,-1.2713,1.5424,-55.510,1071.35,211.48,228.45,1.609
1777025997142930390,382.500,0,0.8667,-1.2729,1.5400,-55.751,1078.13,213.12,230.23,1.598
1777025997243229500,382.600,0,0.8508,-1.2758,1.5335,-56.301,1093.91,217.10,234.52,0.813
1777025997344620254,382.702,0,0.8406,-1.2757,1.5277,-56.616,1103.15,219.73,237.36,1.629
1777025997442424575,382.800,0,0.8235,-1.2798,1.5219,-57.240,1121.91,224.29,242.29,0.121
1777025997544132180,382.901,0,0.8189,-1.2754,1.5157,-57.294,1123.57,225.54,243.64,2.249
1777025997643050293,383.000,0,0.8297,-1.2608,1.5093,-56.652,1104.23,222.63,240.49,1.172
1777025997745506211,383.103,0,0.8470,-1.2395,1.5013,-55.655,1075.42,218.08,235.58,3.364
1777025997843660419,383.201,0,0.8620,-1.2191,1.4930,-54.735,1050.15,214.28,231.47,0.737
1777025997943822881,383.301,0,0.8854,-1.1938,1.4862,-53.437,1016.34,208.62,225.36,1.401
1777025998042751513,383.400,0,0.9250,-1.1560,1.4806,-51.335,965.79,199.69,215.71,0.493
1777025998143855731,383.501,0,0.9731,-1.1088,1.4753,-48.730,909.19,189.82,205.05,0.809
1777025998243132770,383.600,0,1.0191,-1.0591,1.4697,-46.104,857.78,181.25,195.80,0.456
1777025998344823115,383.702,0,1.0589,-1.0107,1.4638,-43.668,814.31,174.44,188.44,1.742
1777025998441862105,383.799,0,1.0973,-0.9597,1.4577,-41.174,773.31,168.34,181.84,1.086
1777025998545142168,383.902,0,1.1319,-0.9072,1.4506,-38.712,735.78,163.18,176.28,2.109
1777025998642293565,383.999,0,1.1643,-0.8538,1.4438,-36.251,700.77,158.64,171.37,1.106
1777025998741598548,384.099,0,1.1945,-0.7983,1.4367,-33.755,667.44,154.63,167.04,0.843
1777025998841093586,384.198,1,1.2213,-0.7424,1.4293,-31.293,636.43,151.23,163.37,2.272
1777025998940523031,384.298,1,1.2454,-0.6854,1.4215,-28.827,606.94,148.32,160.22,2.834
1777025999040642382,384.398,1,1.2809,-0.5931,1.4115,-24.847,562.14,144.21,155.78,3.558
1777025999139805143,384.497,1,1.3195,-0.4619,1.3980,-19.291,504.14,139.98,151.21,3.035
1777025999243207317,384.600,1,1.3615,-0.2519,1.3846,-10.482,419.48,135.67,146.56,0.180
1777025999343665926,384.701,1,1.3581,-0.0472,1.3589,-1.991,342.39,136.01,146.92,0.622
1777025999442745483,384.800,1,1.3188,0.1580,1.3283,6.831,263.08,140.05,151.29,1.242
1777025999542064244,384.899,1,1.2542,0.3679,1.3070,16.348,174.04,147.27,159.09,2.068
1777025999644495995,385.002,1,1.1554,0.5625,1.2851,25.958,74.77,159.86,172.69,0.127
1777025999742868147,385.100,0,1.0288,0.7340,1.2638,35.504,-41.48,179.53,193.94,1.873
1777025999843779940,385.201,0,0.8776,0.8853,1.2465,45.250,-193.03,210.48,227.37,0.706
1777025999943891494,385.301,0,0.6989,1.0113,1.2293,55.352,-417.86,264.28,285.49,0.814
1777026000043728753,385.401,0,0.5354,1.0903,1.2147,63.848,-720.37,345.01,372.70,0.572
1777026000146015504,385.503,0,0.4516,1.1261,1.2133,68.148,-954.90,409.03,441.85,1.540
1777026000244277139,385.601,0,0.3857,1.1477,1.2108,71.424,-1202.16,478.87,517.30,0.150
1777026000347509535,385.705,0,0.3179,1.1603,1.2031,74.680,-1548.33,581.08,627.71,3.102
1777026000444206359,385.801,0,0.2374,1.1707,1.1945,78.538,-2205.85,778.12,840.56,0.818
1777026000544607543,385.902,0,0.1649,1.1797,1.1911,82.042,-3345.75,1120.07,1209.95,1.135
1777026000642864381,386.000,0,0.1049,1.1842,1.1888,84.936,-5465.62,1760.21,1901.47,2.349
1777026000744111265,386.101,0,0.0305,1.1850,1.1854,88.526,nan,nan,nan,0.871
1777026000846185554,386.203,0,-0.0391,1.1831,1.1837,91.891,nan,nan,nan,0.920
1777026000943266618,386.300,0,-0.1019,1.1826,1.1870,94.924,nan,nan,nan,2.010
1777026001043525375,386.401,0,-0.1743,1.1720,1.1848,98.461,nan,nan,nan,2.006
1777026001143799892,386.501,0,-0.2366,1.1610,1.1849,101.520,nan,nan,nan,1.724
1777026001245405979,386.603,0,-0.3052,1.1462,1.1861,104.910,nan,nan,nan,3.662
1777026001343243874,386.700,0,-0.3726,1.1277,1.1876,108.283,nan,nan,nan,3.296
1777026001442985726,386.800,0,-0.4314,1.1089,1.1899,111.258,nan,nan,nan,2.915
1777026001544335683,386.901,0,-0.5037,1.0817,1.1932,114.969,nan,nan,nan,2.187
1777026001643408260,387.001,0,-0.5655,1.0555,1.1974,118.183,nan,nan,nan,3.777
1777026001742323299,387.099,0,-0.6386,1.0190,1.2025,122.074,nan,nan,nan,4.232
1777026001844531736,387.202,0,-0.7539,0.9478,1.2111,128.499,nan,nan,nan,1.648
1777026001944167384,387.301,0,-0.8696,0.8596,1.2227,135.330,nan,nan,nan,3.736
1777026002043721126,387.401,0,-0.9698,0.7646,1.2350,141.747,nan,nan,nan,2.563
1777026002144718251,387.502,0,-1.0578,0.6569,1.2451,148.158,nan,nan,nan,1.697
1777026002244117771,387.601,0,-1.1391,0.5376,1.2596,154.734,nan,nan,nan,2.834
1777026002347203483,387.704,0,-1.2072,0.4131,1.2759,161.108,nan,nan,nan,1.862
1777026002445548802,387.803,0,-1.2614,0.2872,1.2936,167.173,nan,nan,nan,1.611
1777026002543519789,387.901,0,-1.3027,0.1547,1.3118,173.226,nan,nan,nan,3.982
1777026002642946753,388.000,0,-1.3305,0.0357,1.3310,178.462,nan,nan,nan,3.881
1777026002745666725,388.103,0,-1.3537,-0.0460,1.3545,-178.056,nan,nan,nan,1.156
1777026002843361176,388.201,0,-1.3795,-0.0734,1.3814,-176.955,nan,nan,nan,3.515
1777026002946821090,388.304,0,-1.4138,-0.0761,1.4158,-176.919,nan,nan,nan,0.696
1777026003043409619,388.401,0,-1.4418,-0.0790,1.4440,-176.865,nan,nan,nan,4.290
1777026003143663913,388.501,0,-1.4723,-0.0859,1.4748,-176.659,nan,nan,nan,3.240
1777026003245492703,388.603,0,-1.5054,-0.0930,1.5083,-176.464,nan,nan,nan,2.205
1777026003344756075,388.702,0,-1.5365,-0.0989,1.5396,-176.319,nan,nan,nan,3.109
1777026003446556494,388.804,0,-1.5661,-0.1082,1.5698,-176.046,nan,nan,nan,1.214
1777026003543670021,388.901,0,-1.5949,-0.0943,1.5977,-176.615,nan,nan,nan,4.708
1777026003645681847,389.003,0,-1.6234,-0.0138,1.6235,-179.515,nan,nan,nan,3.367
1777026003743905352,389.101,0,-1.6423,0.0761,1.6441,177.348,nan,nan,nan,3.745
1777026003842301838,389.199,0,-1.6606,0.1653,1.6688,174.315,nan,nan,nan,1.538
1777026003944638126,389.302,0,-1.6722,0.2639,1.6929,171.031,nan,nan,nan,2.929
1777026004045010476,389.402,0,-1.6791,0.3491,1.7150,168.256,nan,nan,nan,3.077
1777026004142922519,389.500,0,-1.6806,0.4337,1.7357,165.530,nan,nan,nan,2.766
1777026004243842867,389.601,0,-1.6785,0.5203,1.7573,162.779,nan,nan,nan,3.722
1777026004343382145,389.701,0,-1.6735,0.6034,1.7789,160.172,nan,nan,nan,3.272
1777026004443025201,389.800,0,-1.6622,0.6897,1.7996,157.463,nan,nan,nan,2.906
1777026004543028552,389.900,0,-1.6455,0.7772,1.8198,154.717,nan,nan,nan,1.963
1777026004643048959,390.000,0,-1.6215,0.8676,1.8391,151.851,nan,nan,nan,2.073
1777026004741245667,390.098,0,-1.5947,0.9539,1.8582,149.112,nan,nan,nan,0.304
1777026004843732714,390.201,0,-1.5613,1.0380,1.8749,146.384,nan,nan,nan,3.132
1777026004945761651,390.303,0,-1.5236,1.1255,1.8942,143.545,nan,nan,nan,3.671
1777026005047538552,390.405,0,-1.4839,1.2030,1.9103,140.968,nan,nan,nan,1.430
1777026005142942344,390.500,0,-1.4432,1.2731,1.9244,138.582,nan,nan,nan,1.739
1777026005243145250,390.600,0,-1.3956,1.3464,1.9392,136.027,nan,nan,nan,1.510
1777026005343288674,390.700,0,-1.3403,1.4200,1.9527,133.346,nan,nan,nan,2.048
1777026005445100631,390.802,0,-1.2805,1.4920,1.9662,130.638,nan,nan,nan,3.813
1777026005545972498,390.903,0,-1.2214,1.5570,1.9789,128.111,nan,nan,nan,3.608
1777026005645907738,391.003,0,-1.1980,1.5838,1.9858,127.104,nan,nan,nan,4.213
1777026005745936478,391.103,0,-1.1732,1.6104,1.9924,126.075,nan,nan,nan,4.043
1777026005842881375,391.200,0,-1.1502,1.6368,2.0005,125.098,nan,nan,nan,0.492
1777026005943475762,391.301,0,-1.1222,1.6644,2.0074,123.989,nan,nan,nan,1.707
1777026006043254261,391.400,0,-1.0956,1.6899,2.0140,122.956,nan,nan,nan,1.558
1777026006142387745,391.500,0,-1.0662,1.7164,2.0206,121.849,nan,nan,nan,0.630
1777026006243617351,391.601,0,-1.0347,1.7400,2.0244,120.739,nan,nan,nan,1.549
1777026006342753835,391.700,0,-1.0121,1.7568,2.0275,119.946,nan,nan,nan,0.663
1777026006441569782,391.799,0,-1.0098,1.7578,2.0272,119.878,nan,nan,nan,2.993
1777026006542352334,391.900,0,-1.0079,1.7585,2.0268,119.819,nan,nan,nan,0.038
1777026006642574092,392.000,0,-1.0103,1.7573,2.0270,119.894,nan,nan,nan,0.088
1777026006742220666,392.099,0,-1.0099,1.7575,2.0270,119.882,nan,nan,nan,1.024
1777026006842862830,392.200,0,-1.0096,1.7575,2.0268,119.877,nan,nan,nan,0.272
1777026006944364306,392.302,0,-1.0101,1.7573,2.0270,119.891,nan,nan,nan,0.729
1777026007041655518,392.399,0,-1.0099,1.7574,2.0269,119.884,nan,nan,nan,2.135
1777026007142829995,392.500,0,-1.0098,1.7575,2.0270,119.879,nan,nan,nan,0.433
1777026007243286548,392.600,0,-1.0105,1.7571,2.0269,119.903,nan,nan,nan,0.194
1777026007343597731,392.701,0,-1.0100,1.7573,2.0269,119.889,nan,nan,nan,0.237
1777026007443303991,392.800,0,-1.0098,1.7575,2.0270,119.880,nan,nan,nan,1.238
1777026007543077139,392.900,0,-1.0101,1.7574,2.0270,119.889,nan,nan,nan,0.146
1777026007643143675,393.000,0,-1.0102,1.7573,2.0270,119.892,nan,nan,nan,1.508
1777026007741654012,393.099,0,-1.0098,1.7575,2.0270,119.880,nan,nan,nan,3.272
1777026007843097118,393.200,0,-1.0097,1.7576,2.0270,119.878,nan,nan,nan,1.284
1777026007944789704,393.302,0,-1.0099,1.7574,2.0269,119.884,nan,nan,nan,0.692
1777026008042556081,393.400,0,-1.0100,1.7573,2.0268,119.888,nan,nan,nan,1.674
1777026008143706113,393.501,0,-1.0098,1.7575,2.0269,119.880,nan,nan,nan,7.504
1777026008245287385,393.602,0,-1.0094,1.7584,2.0275,119.859,nan,nan,nan,0.045
1777026008344623479,393.702,0,-1.0105,1.7596,2.0291,119.869,nan,nan,nan,3.816
1777026008442947780,393.800,0,-1.0205,1.7575,2.0323,120.141,nan,nan,nan,1.351
1777026008541792505,393.899,0,-1.0343,1.7571,2.0389,120.482,nan,nan,nan,2.568
1777026008642713390,394.000,0,-1.0459,1.7558,2.0436,120.781,nan,nan,nan,2.500
1777026008741421319,394.099,0,-1.0610,1.7539,2.0498,121.171,nan,nan,nan,3.489
1777026008841322023,394.198,0,-1.0789,1.7505,2.0563,121.648,nan,nan,nan,3.589
1777026008943499978,394.301,0,-1.0920,1.7495,2.0623,121.972,nan,nan,nan,1.512
1777026009044423863,394.402,0,-1.1060,1.7478,2.0683,122.324,nan,nan,nan,0.606
1777026009143192773,394.500,0,-1.1217,1.7451,2.0745,122.731,nan,nan,nan,2.039
1777026009241852055,394.599,0,-1.1355,1.7431,2.0804,123.081,nan,nan,nan,5.095
1777026009342589959,394.700,0,-1.1518,1.7412,2.0877,123.484,nan,nan,nan,2.733
1777026009442475921,394.800,0,-1.1698,1.7375,2.0946,123.950,nan,nan,nan,3.354
1777026009544161878,394.901,0,-1.1862,1.7342,2.1011,124.373,nan,nan,nan,2.083
1777026009643073566,395.000,0,-1.2042,1.7303,2.1081,124.835,nan,nan,nan,3.324
1777026009741770255,395.099,0,-1.2168,1.7279,2.1134,125.155,nan,nan,nan,4.584
1777026009844316616,395.201,0,-1.2314,1.7263,2.1205,125.500,nan,nan,nan,1.612
1777026009944743577,395.302,0,-1.2572,1.7212,2.1314,126.146,nan,nan,nan,1.389
1777026010051014427,395.408,0,-1.2972,1.7157,2.1509,127.092,nan,nan,nan,3.736
1777026010143501635,395.501,0,-1.3335,1.7085,2.1673,127.973,nan,nan,nan,3.004
1777026010243922466,395.601,0,-1.3587,1.7052,2.1803,128.548,nan,nan,nan,3.639
1777026010343474522,395.701,0,-1.3904,1.6988,2.1953,129.299,nan,nan,nan,4.818
1777026010443462706,395.801,0,-1.4267,1.6909,2.2124,130.157,nan,nan,nan,2.891
1777026010543694316,395.901,0,-1.4589,1.6842,2.2282,130.900,nan,nan,nan,2.906
1777026010642973818,396.000,0,-1.4937,1.6761,2.2451,131.708,nan,nan,nan,3.542
1777026010741631469,396.099,0,-1.5124,1.6796,2.2602,132.003,nan,nan,nan,3.675
1777026010844231979,396.201,0,-1.5056,1.7068,2.2760,131.416,nan,nan,nan,4.008
1777026010941393876,396.299,0,-1.4835,1.7434,2.2891,130.396,nan,nan,nan,2.820
1777026011042159354,396.399,0,-1.4314,1.8029,2.3021,128.448,nan,nan,nan,3.498
1777026011143329812,396.500,0,-1.3539,1.8771,2.3145,125.802,nan,nan,nan,3.599
1777026011242786461,396.600,0,-1.2988,1.9277,2.3244,123.970,nan,nan,nan,2.769
1777026011342201722,396.699,0,-1.2317,1.9828,2.3342,121.847,nan,nan,nan,3.166
1777026011444128622,396.801,0,-1.1629,2.0345,2.3434,119.751,nan,nan,nan,4.143
1777026011542751218,396.900,0,-1.0992,2.0789,2.3516,117.868,nan,nan,nan,3.451
1777026011644093750,397.001,0,-1.0307,2.1227,2.3596,115.899,nan,nan,nan,3.374
1777026011741058685,397.098,0,-0.9598,2.1630,2.3664,113.928,nan,nan,nan,0.077
1777026011847135128,397.204,0,-0.8876,2.2006,2.3729,111.965,nan,nan,nan,0.597
1777026011942581697,397.300,0,-0.8211,2.2314,2.3776,110.202,nan,nan,nan,1.737
1777026012043271101,397.400,0,-0.7454,2.2625,2.3821,108.234,nan,nan,nan,3.340
1777026012142624214,397.500,0,-0.6661,2.2910,2.3859,106.211,nan,nan,nan,2.905
1777026012246785885,397.604,0,-0.5880,2.3152,2.3887,104.250,nan,nan,nan,2.060
1777026012343489617,397.701,0,-0.5202,2.3335,2.3908,102.568,nan,nan,nan,1.611
1777026012444460020,397.802,0,-0.4418,2.3510,2.3922,100.642,nan,nan,nan,4.096
1777026012542219045,397.899,0,-0.3723,2.3633,2.3925,98.953,nan,nan,nan,2.224
1777026012643305541,398.000,0,-0.2923,2.3742,2.3921,97.017,nan,nan,nan,3.014
1777026012742881449,398.100,0,-0.2134,2.3811,2.3907,95.121,nan,nan,nan,2.306
1777026012842960374,398.200,0,-0.1372,2.3843,2.3882,93.293,nan,nan,nan,2.663
1777026012943201520,398.300,0,-0.0596,2.3852,2.3859,91.431,nan,nan,nan,2.635
1777026013044551997,398.402,0,0.0094,2.3817,2.3817,89.773,nan,nan,nan,3.267
1777026013143673036,398.501,0,0.0714,2.3759,2.3770,88.279,-16748.31,2586.86,2794.45,2.478
1777026013245250382,398.602,0,0.1272,2.3682,2.3716,86.924,-9224.36,1451.57,1568.06,3.772
1777026013346798561,398.704,0,0.1565,2.3596,2.3648,86.204,-7409.27,1179.94,1274.63,2.748
1777026013449080405,398.806,0,0.1530,2.3536,2.3586,86.280,-7566.77,1207.02,1303.88,0.361
1777026013546710227,398.904,0,0.1577,2.3473,2.3526,86.156,-7310.79,1171.03,1265.00,3.219
1777026013643306292,399.000,0,0.1605,2.3406,2.3461,86.078,-7159.46,1151.08,1243.45,1.583
1777026013741411260,399.099,0,0.1643,2.3342,2.3400,85.973,-6963.47,1124.03,1214.23,1.133
1777026013849078550,399.206,0,0.1358,2.3288,2.3327,86.663,-8475.44,1360.37,1469.54,1.039
1777026013947956997,399.305,0,0.1036,2.3245,2.3269,87.447,-11182.31,1782.05,1925.06,2.920
1777026014050614784,399.408,0,0.0739,2.3202,2.3214,88.176,-15788.16,2500.01,2700.63,0.764
1777026014149125807,399.506,0,0.0439,2.3155,2.3159,88.914,nan,nan,nan,2.227
1777026014243180584,399.600,0,0.0201,2.3117,2.3117,89.502,nan,nan,nan,1.142
1777026014342633566,399.700,0,-0.0079,2.3074,2.3074,90.196,nan,nan,nan,0.110
1777026014445588186,399.803,0,-0.0310,2.3035,2.3037,90.770,nan,nan,nan,1.430
1777026014544442189,399.902,0,-0.0554,2.2991,2.2997,91.381,nan,nan,nan,2.117
1777026014642491009,400.000,0,-0.0832,2.2950,2.2965,92.077,nan,nan,nan,0.524
1777026014742990599,400.100,0,-0.1116,2.2907,2.2935,92.788,nan,nan,nan,0.330
1777026014842979302,400.200,0,-0.1346,2.2865,2.2905,93.368,nan,nan,nan,0.376
1777026014944810055,400.302,0,-0.1552,2.2830,2.2883,93.890,nan,nan,nan,0.852
1777026015042313525,400.399,0,-0.1746,2.2796,2.2863,94.380,nan,nan,nan,0.818
1777026015142884337,400.500,0,-0.1977,2.2762,2.2848,94.963,nan,nan,nan,0.376
1777026015242455152,400.600,0,-0.2321,2.2702,2.2821,95.836,nan,nan,nan,0.605
1777026015342442670,400.700,0,-0.2583,2.2659,2.2806,96.504,nan,nan,nan,0.737
1777026015444471237,400.802,0,-0.2920,2.2602,2.2790,97.362,nan,nan,nan,0.894
1777026015544514421,400.902,0,-0.3282,2.2546,2.2784,98.283,nan,nan,nan,0.728
1777026015645293603,401.002,0,-0.3608,2.2489,2.2776,99.115,nan,nan,nan,1.973
1777026015742197964,401.099,0,-0.3957,2.2431,2.2777,100.005,nan,nan,nan,1.772
1777026015843763347,401.201,0,-0.4308,2.2369,2.2780,100.900,nan,nan,nan,0.396
1777026015941832500,401.299,0,-0.4736,2.2288,2.2786,101.997,nan,nan,nan,1.711
1777026016042366831,401.400,0,-0.5180,2.2204,2.2800,103.133,nan,nan,nan,1.141
1777026016142633200,401.500,0,-0.5880,2.2053,2.2823,104.929,nan,nan,nan,1.642
1777026016242711162,401.600,0,-0.6764,2.1830,2.2854,107.215,nan,nan,nan,1.672
1777026016342691013,401.700,0,-0.7631,2.1590,2.2899,109.467,nan,nan,nan,1.599
1777026016443119955,401.800,0,-0.8543,2.1307,2.2956,111.848,nan,nan,nan,1.955
1777026016545085411,401.902,0,-0.9468,2.0975,2.3013,114.295,nan,nan,nan,0.774
1777026016642215882,401.999,0,-1.0392,2.0623,2.3093,116.745,nan,nan,nan,2.666
1777026016742004271,402.099,0,-1.1367,2.0199,2.3178,119.369,nan,nan,nan,3.298
1777026016844249633,402.201,0,-1.2278,1.9772,2.3274,121.840,nan,nan,nan,1.154
1777026016943121618,402.300,0,-1.3164,1.9326,2.3384,124.261,nan,nan,nan,2.168
1777026017043259228,402.400,0,-1.4018,1.8873,2.3509,126.602,nan,nan,nan,1.510
1777026017143105783,402.500,0,-1.4883,1.8361,2.3635,129.028,nan,nan,nan,2.057
1777026017242643117,402.600,0,-1.5766,1.7798,2.3777,131.535,nan,nan,nan,2.898
1777026017342823782,402.700,0,-1.6766,1.7053,2.3914,134.513,nan,nan,nan,2.824
1777026017442248561,402.799,0,-1.7857,1.6131,2.4064,137.907,nan,nan,nan,3.597
1777026017542997076,402.900,0,-1.8956,1.5086,2.4226,141.486,nan,nan,nan,2.104
1777026017643331334,403.000,0,-1.9975,1.4003,2.4394,144.969,nan,nan,nan,2.069
1777026017741512838,403.099,0,-2.0918,1.2896,2.4574,148.347,nan,nan,nan,3.527
1777026017844000682,403.201,0,-2.1860,1.1663,2.4777,151.918,nan,nan,nan,1.693
1777026017944451309,403.302,0,-2.2673,1.0468,2.4973,155.216,nan,nan,nan,0.774
1777026018042936665,403.400,0,-2.3382,0.9325,2.5173,158.257,nan,nan,nan,2.983
1777026018142776628,403.500,0,-2.4149,0.7827,2.5386,162.042,nan,nan,nan,3.320
1777026018242229425,403.599,0,-2.4409,0.7295,2.5476,163.361,nan,nan,nan,16.197
1777026018346846965,403.704,0,-2.5319,0.5131,2.5833,168.544,nan,nan,nan,0.091
1777026018442904791,403.800,0,-2.5779,0.3663,2.6038,171.914,nan,nan,nan,3.360
1777026018542447199,403.900,0,-2.6205,0.2018,2.6283,175.596,nan,nan,nan,4.329
1777026018643091011,404.000,0,-2.6511,0.0482,2.6515,178.958,nan,nan,nan,3.272
1777026018750872264,404.108,0,-2.6720,-0.0952,2.6737,-177.960,nan,nan,nan,11.133
1777026018843372268,404.201,0,-2.6859,-0.2660,2.6990,-174.345,nan,nan,nan,3.793
1777026018941886902,404.299,0,-2.6911,-0.4036,2.7212,-171.470,nan,nan,nan,3.615
1777026019042175678,404.399,0,-2.6885,-0.5453,2.7432,-168.535,nan,nan,nan,1.543
1777026019143092711,404.500,0,-2.6854,-0.6282,2.7579,-166.835,nan,nan,nan,4.448
1777026019244483058,404.602,0,-2.6710,-0.7305,2.7691,-164.703,nan,nan,nan,2.729
1777026019341044271,404.698,0,-2.6513,-0.8401,2.7812,-162.418,nan,nan,nan,1.128
1777026019441267918,404.798,0,-2.6219,-0.9550,2.7904,-159.986,nan,nan,nan,1.789
1777026019543390577,404.901,0,-2.5736,-1.1023,2.7997,-156.814,nan,nan,nan,3.808
1777026019641772841,404.999,0,-2.5289,-1.2223,2.8089,-154.204,nan,nan,nan,2.698
1777026019741134268,405.098,0,-2.4714,-1.3555,2.8187,-151.257,nan,nan,nan,2.250
1777026019840871657,405.198,0,-2.3955,-1.5042,2.8286,-147.873,nan,nan,nan,1.843
1777026019941443043,405.299,0,-2.2910,-1.6759,2.8385,-143.815,nan,nan,nan,0.668
1777026020040349527,405.398,0,-2.1818,-1.8330,2.8496,-139.964,nan,nan,nan,0.827
1777026020139960491,405.497,0,-2.0793,-1.9563,2.8549,-136.745,nan,nan,nan,0.758
1777026020240887691,405.598,0,-1.9476,-2.0921,2.8584,-132.951,nan,nan,nan,1.351
1777026020341001375,405.698,0,-1.8476,-2.1817,2.8589,-130.260,nan,nan,nan,0.871
1777026020439288953,405.796,0,-1.7417,-2.2657,2.8577,-127.550,nan,nan,nan,0.074
1777026020540446412,405.898,0,-1.6271,-2.3496,2.8580,-124.702,nan,nan,nan,0.049
1777026020640661966,405.998,0,-1.5160,-2.4229,2.8581,-122.034,nan,nan,nan,1.234
1777026020739614228,406.097,0,-1.3923,-2.4961,2.8581,-119.153,nan,nan,nan,0.836
1777026020840102633,406.197,0,-1.2780,-2.5562,2.8579,-116.563,nan,nan,nan,0.489
1777026020940806537,406.298,0,-1.1412,-2.6201,2.8579,-113.535,nan,nan,nan,1.234
1777026021042380976,406.400,0,-1.0114,-2.6725,2.8575,-110.729,nan,nan,nan,1.974
1777026021141849402,406.499,0,-0.8782,-2.7193,2.8576,-107.899,nan,nan,nan,2.030
1777026021240697350,406.598,0,-0.7425,-2.7593,2.8575,-105.061,nan,nan,nan,0.284
1777026021342250899,406.699,0,-0.6104,-2.7914,2.8573,-102.336,nan,nan,nan,1.743
1777026021443110377,406.800,0,-0.4758,-2.8170,2.8569,-99.587,nan,nan,nan,2.429
1777026021541065902,406.898,0,-0.3325,-2.8375,2.8569,-96.684,nan,nan,nan,0.099
1777026021643023061,407.000,0,-0.1916,-2.8503,2.8567,-93.845,nan,nan,nan,1.360
1777026021741863231,407.099,0,-0.0530,-2.8562,2.8567,-91.063,nan,nan,nan,0.381
1777026021842235544,407.199,0,0.0812,-2.8543,2.8555,-88.371,18369.13,2275.87,2458.50,0.734
1777026021944392499,407.302,0,0.2176,-2.8466,2.8549,-85.630,7037.96,849.01,917.14,3.124
1777026022042772207,407.400,0,0.3578,-2.8328,2.8553,-82.801,4386.33,516.19,557.61,1.291
1777026022144641200,407.502,0,0.4952,-2.8116,2.8549,-80.011,3237.51,372.98,402.91,3.472
1777026022242291040,407.599,0,0.6356,-2.7829,2.8545,-77.135,2571.00,290.61,313.93,0.941
1777026022342717945,407.700,0,0.7634,-2.7494,2.8534,-74.482,2172.41,241.95,261.37,0.993
1777026022443053184,407.800,0,0.8971,-2.7081,2.8528,-71.671,1873.30,205.89,222.41,1.146
1777026022542169334,407.899,0,1.0366,-2.6583,2.8533,-68.697,1640.32,178.19,192.49,0.092
1777026022642036464,407.999,0,1.1493,-2.6098,2.8517,-66.232,1489.59,160.71,173.60,0.094
1777026022743042423,408.100,0,1.2720,-2.5516,2.8511,-63.503,1353.76,145.21,156.86,0.902
1777026022846669429,408.204,0,1.4264,-2.4698,2.8521,-59.992,1212.95,129.49,139.88,4.014
1777026022943405864,408.301,0,1.5377,-2.4013,2.8514,-57.366,1125.79,120.12,129.76,0.501
1777026023044709545,408.402,0,1.6493,-2.3252,2.8508,-54.651,1047.89,111.99,120.98,2.410
1777026023143315863,408.500,0,1.7459,-2.2517,2.8493,-52.210,986.25,105.79,114.28,0.615
1777026023242803901,408.600,0,1.8645,-2.1545,2.8493,-49.126,917.42,99.06,107.01,0.468
1777026023344640857,408.702,0,1.9542,-2.0721,2.8482,-46.677,868.57,94.52,102.10,1.354
1777026023443249527,408.800,0,2.0531,-1.9736,2.8478,-43.870,817.77,89.97,97.19,2.271
1777026023545476020,408.903,0,2.1458,-1.8712,2.8471,-41.089,771.97,86.08,92.99,2.338
1777026023644694318,409.002,0,2.2376,-1.7594,2.8465,-38.177,727.97,82.55,89.17,1.634
1777026023746761606,409.104,0,2.3188,-1.6498,2.8458,-35.432,689.61,79.66,86.05,3.529
1777026023843259543,409.200,0,2.3973,-1.5324,2.8452,-32.587,652.51,77.05,83.23,0.087
1777026023942932506,409.300,1,2.4690,-1.4134,2.8449,-29.790,618.27,74.81,80.82,0.307
1777026024044306630,409.401,1,2.5457,-1.2704,2.8451,-26.521,580.60,72.56,78.38,1.350
1777026024144407148,409.502,1,2.6039,-1.1452,2.8446,-23.739,550.19,70.94,76.63,0.910
1777026024244873201,409.602,1,2.6528,-1.0246,2.8438,-21.119,522.72,69.63,75.21,0.693
1777026024342338004,409.699,1,2.7031,-0.8823,2.8434,-18.077,492.02,68.33,73.82,1.770
1777026024443636796,409.801,1,2.7432,-0.7476,2.8432,-15.244,464.37,67.33,72.74,0.081
1777026024543772961,409.901,1,2.7756,-0.6126,2.8424,-12.447,437.80,66.55,71.89,2.250
1777026024641865615,409.999,1,2.7976,-0.4972,2.8414,-10.077,415.73,66.02,71.32,2.195
1777026024742062335,410.099,1,2.8218,-0.3352,2.8416,-6.774,385.50,65.46,70.71,2.447
1777026024843608737,410.201,1,2.8344,-0.1889,2.8407,-3.813,358.74,65.17,70.40,2.714
1777026024942416073,410.300,1,2.8403,-0.0611,2.8410,-1.232,335.58,65.03,70.25,6.272
1777026025045147212,410.402,1,2.8381,0.0685,2.8390,1.383,312.16,65.08,70.30,0.709
1777026025145280803,410.502,1,2.8311,0.2088,2.8388,4.218,286.71,65.24,70.48,0.838
1777026025243611289,410.601,1,2.8178,0.3435,2.8387,6.950,262.00,65.55,70.81,1.727
1777026025341853442,410.699,1,2.7963,0.4860,2.8382,9.860,235.37,66.06,71.36,3.331
1777026025441544887,410.799,1,2.7710,0.6125,2.8379,12.465,211.13,66.66,72.01,5.077
1777026025543090140,410.900,1,2.7299,0.7724,2.8370,15.798,179.38,67.66,73.09,1.915
1777026025641853440,410.999,1,2.6788,0.9088,2.8287,18.740,150.49,68.95,74.49,3.288
1777026025741938550,411.099,1,2.6139,1.0379,2.8125,21.656,120.82,70.66,76.33,3.357
1777026025842751361,411.200,1,2.5775,1.0589,2.7865,22.334,113.76,71.66,77.41,2.182
1777026025941628883,411.299,1,2.5427,1.0923,2.7674,23.247,104.14,72.64,78.47,3.509
1777026026041840974,411.399,1,2.5312,1.0680,2.7473,22.877,108.06,72.97,78.83,3.909
1777026026141325863,411.498,1,2.5107,1.0678,2.7283,23.041,106.33,73.57,79.47,4.237
1777026026240863920,411.598,1,2.4730,1.1087,2.7102,24.147,94.53,74.69,80.68,2.046
1777026026340869882,411.698,1,2.4488,1.1149,2.6906,24.479,90.95,75.43,81.48,3.800
1777026026442034618,411.799,1,2.4221,1.1269,2.6715,24.951,85.83,76.26,82.38,3.531
1777026026541306101,411.898,1,2.3972,1.1340,2.6519,25.318,81.82,77.05,83.24,3.743
1777026026641470600,411.999,1,2.3718,1.1421,2.6324,25.711,77.49,77.88,84.13,3.292
1777026026741830209,412.099,1,2.3557,1.1293,2.6124,25.612,78.59,78.41,84.70,4.242
1777026026840698119,412.198,1,2.3238,1.1457,2.5909,26.245,71.58,79.48,85.86,3.184
1777026026940820599,412.298,1,2.2804,1.1641,2.5604,27.044,62.63,81.00,87.50,2.284
1777026027041824577,412.399,1,2.2360,1.1785,2.5276,27.792,54.13,82.61,89.23,3.109
1777026027140836190,412.498,1,2.1914,1.2022,2.4995,28.749,43.08,84.29,91.05,2.999
1777026027240353913,412.598,1,2.1503,1.2210,2.4728,29.591,33.19,85.90,92.79,2.355
1777026027340734800,412.698,1,2.1090,1.2363,2.4446,30.380,23.76,87.58,94.61,0.663
1777026027442246591,412.799,1,2.0681,1.2508,2.4169,31.166,14.23,89.31,96.48,3.853
1777026027541237908,412.898,1,2.0263,1.2659,2.3893,31.994,4.01,91.15,98.47,1.663
1777026027640967019,412.998,0,1.9850,1.2787,2.3612,32.789,-5.97,93.05,100.52,1.907
1777026027740466261,413.098,0,1.9436,1.2913,2.3335,33.600,-16.35,95.03,102.66,1.233
1777026027842156199,413.199,0,1.9023,1.3046,2.3066,34.443,-27.33,97.10,104.89,2.826
1777026027940754610,413.298,0,1.8568,1.3209,2.2787,35.428,-40.46,99.48,107.46,0.994
1777026028041322422,413.398,0,1.8137,1.3356,2.2524,36.369,-53.29,101.84,110.01,1.429
1777026028142138604,413.499,0,1.7704,1.3494,2.2260,37.314,-66.52,104.33,112.70,2.616
1777026028242236158,413.599,0,1.7268,1.3630,2.1999,38.285,-80.44,106.97,115.55,3.278
1777026028345722850,413.703,0,1.6739,1.3840,2.1720,39.584,-99.67,110.34,119.20,2.742
1777026028445615646,413.803,0,1.5884,1.4465,2.1484,42.322,-142.68,116.28,125.61,2.077
1777026028543163764,413.900,0,1.5025,1.5087,2.1293,45.117,-190.64,122.93,132.80,3.290
1777026028642285822,413.999,0,1.3873,1.5896,2.1098,48.888,-263.36,133.15,143.83,2.460
1777026028740511049,414.098,0,1.3141,1.6337,2.0967,51.188,-313.33,140.56,151.84,0.567
1777026028840755621,414.198,0,1.2612,1.6627,2.0869,52.817,-351.83,146.45,158.20,0.757
1777026028940687472,414.298,0,1.1956,1.6954,2.0745,54.809,-403.03,154.50,166.89,1.589
1777026029041257340,414.398,0,1.1247,1.7302,2.0636,56.975,-464.76,164.23,177.41,1.032
1777026029142309410,414.499,0,0.9989,1.7887,2.0487,60.818,-594.18,184.91,199.74,1.826
1777026029241274246,414.598,0,0.8579,1.8428,2.0327,65.036,-777.56,215.31,232.58,0.479
1777026029341153560,414.698,0,0.7210,1.8874,2.0204,69.093,-1018.59,256.19,276.75,2.939
1777026029443003128,414.800,0,0.5733,1.9263,2.0098,73.425,-1399.32,322.17,348.03,1.456
1777026029541085559,414.898,0,0.4176,1.9561,2.0001,77.950,-2078.95,442.35,477.84,0.670
1777026029641583556,414.999,0,0.2708,1.9740,1.9925,82.190,-3416.04,682.17,736.91,0.056
1777026029740270449,415.097,0,0.1243,1.9824,1.9863,86.411,-7856.31,1485.64,1604.86,3.501
1777026029840456151,415.198,0,-0.0177,1.9816,1.9816,90.511,nan,nan,nan,1.140
1777026029940722649,415.298,0,-0.1615,1.9724,1.9790,94.681,nan,nan,nan,0.755
1777026030041067499,415.398,0,-0.3031,1.9548,1.9781,98.815,nan,nan,nan,0.569
1777026030141091146,415.498,0,-0.4465,1.9275,1.9786,103.043,nan,nan,nan,0.692
1777026030243586767,415.601,0,-0.5873,1.8921,1.9811,107.243,nan,nan,nan,2.305
1777026030341953605,415.699,0,-0.7249,1.8477,1.9848,111.421,nan,nan,nan,0.811
1777026030442530102,415.800,0,-0.8641,1.7934,1.9907,115.725,nan,nan,nan,1.260
1777026030542494009,415.900,0,-0.9952,1.7331,1.9985,119.866,nan,nan,nan,0.296
1777026030642922340,416.000,0,-1.1228,1.6648,2.0080,123.998,nan,nan,nan,1.407
1777026030742018139,416.099,0,-1.2472,1.5875,2.0188,128.155,nan,nan,nan,0.047
1777026030843830651,416.201,0,-1.3688,1.5015,2.0318,132.352,nan,nan,nan,2.057
1777026030943612465,416.301,0,-1.4858,1.4052,2.0450,136.597,nan,nan,nan,1.238
1777026031042816300,416.400,0,-1.5985,1.3008,2.0609,140.863,nan,nan,nan,0.808
1777026031145162014,416.502,0,-1.7022,1.1915,2.0778,145.008,nan,nan,nan,2.560
1777026031242386819,416.600,0,-1.7974,1.0775,2.0957,149.059,nan,nan,nan,0.164
1777026031342734761,416.700,0,-1.8850,0.9598,2.1153,153.017,nan,nan,nan,0.047
1777026031442267651,416.799,0,-1.9648,0.8344,2.1346,156.990,nan,nan,nan,0.830
1777026031542216280,416.899,0,-2.0377,0.7030,2.1555,160.966,nan,nan,nan,3.338
1777026031642563981,417.000,0,-2.1020,0.5687,2.1776,164.862,nan,nan,nan,0.083
1777026031742671591,417.100,0,-2.1583,0.4266,2.2000,168.819,nan,nan,nan,1.497
1777026031840508523,417.198,0,-2.2048,0.2882,2.2235,172.553,nan,nan,nan,3.176
1777026031940637152,417.298,0,-2.2411,0.1455,2.2458,176.286,nan,nan,nan,2.570
1777026032042408405,417.400,0,-2.2700,-0.0015,2.2700,-179.962,nan,nan,nan,2.468
1777026032141120704,417.498,0,-2.2887,-0.1511,2.2936,-176.224,nan,nan,nan,2.411
1777026032242461255,417.600,0,-2.2980,-0.3039,2.3180,-172.467,nan,nan,nan,0.816
1777026032342118959,417.699,0,-2.2972,-0.4555,2.3419,-168.785,nan,nan,nan,6.408
1777026032443727619,417.801,0,-2.2874,-0.6031,2.3655,-165.228,nan,nan,nan,0.383
1777026032542859584,417.900,0,-2.2693,-0.7484,2.3895,-161.747,nan,nan,nan,1.074
1777026032643787544,418.001,0,-2.2434,-0.8887,2.4130,-158.389,nan,nan,nan,0.308
1777026032742535436,418.100,0,-2.2067,-1.0314,2.4359,-154.948,nan,nan,nan,1.713
1777026032842638897,418.200,0,-2.1602,-1.1740,2.4586,-151.478,nan,nan,nan,1.919
1777026032946334570,418.303,0,-2.1084,-1.3097,2.4821,-148.152,nan,nan,nan,2.044
1777026033041861991,418.399,0,-2.0440,-1.4426,2.5018,-144.786,nan,nan,nan,2.139
1777026033142893487,418.500,0,-1.9807,-1.5604,2.5215,-141.769,nan,nan,nan,1.022
1777026033243422558,418.601,0,-1.8930,-1.6996,2.5441,-138.081,nan,nan,nan,0.857
1777026033342577375,418.700,0,-1.8055,-1.8191,2.5630,-134.785,nan,nan,nan,2.964
1777026033442817836,418.800,0,-1.7133,-1.9307,2.5813,-131.587,nan,nan,nan,1.522
1777026033543014502,418.900,0,-1.6181,-2.0340,2.5991,-128.504,nan,nan,nan,1.701
1777026033643318722,419.000,0,-1.5052,-2.1400,2.6164,-125.121,nan,nan,nan,1.831
1777026033740676193,419.098,0,-1.3992,-2.2277,2.6307,-122.133,nan,nan,nan,3.671
1777026033842492723,419.200,0,-1.2641,-2.3263,2.6476,-118.519,nan,nan,nan,3.038
1777026033943925958,419.301,0,-1.1378,-2.4051,2.6606,-115.318,nan,nan,nan,2.886
1777026034042290000,419.399,0,-0.9992,-2.4796,2.6734,-111.947,nan,nan,nan,3.264
1777026034142546702,419.500,0,-0.8332,-2.5520,2.6846,-108.081,nan,nan,nan,2.737
1777026034242030110,419.599,0,-0.6037,-2.6236,2.6922,-102.959,nan,nan,nan,3.484
1777026034342840199,419.700,0,-0.3337,-2.6769,2.6976,-97.105,nan,nan,nan,2.594
1777026034443515382,419.801,0,-0.0760,-2.7008,2.7018,-91.612,nan,nan,nan,1.765
1777026034544419600,419.902,0,0.1605,-2.6989,2.7037,-86.596,8949.96,1150.52,1242.85,2.297
1777026034643528991,420.001,0,0.4134,-2.6728,2.7046,-81.209,3642.12,446.85,482.70,2.364
1777026034742241439,420.099,0,0.6481,-2.6245,2.7033,-76.128,2402.18,284.99,307.86,3.619
1777026034843954933,420.201,0,0.8678,-2.5573,2.7006,-71.257,1836.61,212.85,229.93,2.681
1777026034944053098,420.301,0,1.0372,-2.4872,2.6948,-67.363,1554.89,178.08,192.37,1.702
1777026035043256581,420.400,0,1.1509,-2.4286,2.6875,-64.644,1407.22,160.49,173.36,3.459
1777026035144868631,420.502,0,1.2398,-2.3750,2.6791,-62.434,1307.41,148.98,160.94,1.210
1777026035247990380,420.605,0,1.3066,-2.3283,2.6699,-60.700,1238.84,141.37,152.71,1.025
1777026035344437612,420.702,0,1.2788,-2.3312,2.6589,-61.254,1259.91,144.44,156.03,2.938
1777026035442535580,420.800,0,1.2464,-2.3368,2.6484,-61.925,1286.47,148.19,160.08,4.092
1777026035542593264,420.900,0,1.2109,-2.3439,2.6382,-62.678,1317.69,152.54,164.78,2.793
1777026035644937367,421.002,0,1.1752,-2.3502,2.6276,-63.434,1350.65,157.18,169.79,2.415
1777026035752890119,421.110,0,1.1439,-2.3544,2.6176,-64.087,1380.58,161.47,174.43,4.304
1777026035843051724,421.200,0,1.1095,-2.3614,2.6091,-64.834,1416.59,166.48,179.84,3.932
1777026035942980834,421.300,0,1.0818,-2.3660,2.6016,-65.429,1446.71,170.74,184.44,4.041
1777026036043811627,421.401,0,1.0488,-2.3710,2.5926,-66.139,1484.48,176.12,190.25,3.003
1777026036146846672,421.504,0,1.0152,-2.3768,2.5845,-66.871,1525.78,181.94,196.54,0.754
1777026036242383945,421.600,0,0.9851,-2.3818,2.5775,-67.530,1565.08,187.50,202.55,2.066
1777026036342723406,421.700,0,0.9500,-2.3883,2.5703,-68.309,1614.42,194.43,210.03,3.528
1777026036442076962,421.799,0,0.9175,-2.3940,2.5638,-69.032,1663.37,201.33,217.48,2.562
1777026036542991125,421.900,0,0.8765,-2.4023,2.5572,-69.956,1730.84,210.74,227.66,3.585
1777026036642302071,421.999,0,0.8391,-2.4089,2.5508,-70.795,1797.46,220.13,237.79,2.737
1777026036741100556,422.098,0,0.8110,-2.4124,2.5451,-71.418,1850.75,227.75,246.03,1.495
1777026036843463825,422.201,0,0.7834,-2.4157,2.5396,-72.032,1906.67,235.77,254.69,2.526
1777026036951102319,422.308,0,0.7514,-2.4205,2.5344,-72.755,1977.41,245.83,265.56,2.961
1777026037042172865,422.399,0,0.7163,-2.4269,2.5304,-73.556,2062.90,257.86,278.55,2.075
1777026037142278623,422.499,0,0.6814,-2.4318,2.5254,-74.347,2155.62,271.07,292.83,1.656
1777026037242936416,422.600,0,0.6414,-2.4386,2.5216,-75.263,2275.19,287.96,311.07,2.376
1777026037342294214,422.699,0,0.6043,-2.4447,2.5183,-76.116,2400.25,305.66,330.19,2.253
1777026037443699523,422.801,0,0.5513,-2.4542,2.5153,-77.339,2608.45,335.02,361.91,0.253
1777026037542069213,422.899,0,0.5052,-2.4619,2.5132,-78.402,2824.61,365.58,394.92,1.402
1777026037644307483,423.001,0,0.4566,-2.4700,2.5118,-79.525,3099.73,404.49,436.95,4.073
1777026037741018270,423.098,0,0.4026,-2.4781,2.5106,-80.771,3482.37,458.74,495.55,0.781
1777026037843191448,423.200,0,0.3459,-2.4869,2.5108,-82.081,4013.06,533.95,576.80,2.186
1777026037943928741,423.301,0,0.2713,-2.4965,2.5112,-83.798,5046.12,680.86,735.49,2.368
1777026038041995802,423.399,0,0.1934,-2.5049,2.5123,-85.584,6968.93,954.93,1031.56,0.755
1777026038144056461,423.501,0,0.1208,-2.5118,2.5147,-87.247,10993.00,1529.03,1651.73,2.781
1777026038241631671,423.599,0,0.0510,-2.5173,2.5179,-88.838,25625.18,3618.19,3908.54,1.056
1777026038342439057,423.700,0,-0.0241,-2.5219,2.5220,-90.548,nan,nan,nan,1.309
1777026038442572259,423.800,0,-0.0727,-2.5239,2.5249,-91.651,nan,nan,nan,0.941
1777026038541198541,423.898,0,-0.1118,-2.5262,2.5287,-92.534,nan,nan,nan,0.153
1777026038643326200,424.000,0,-0.1550,-2.5277,2.5324,-93.509,nan,nan,nan,1.507
1777026038742077944,424.099,0,-0.1983,-2.5292,2.5370,-94.484,nan,nan,nan,0.760
1777026038842479479,424.200,0,-0.2392,-2.5300,2.5412,-95.400,nan,nan,nan,0.907
1777026038942691607,424.300,0,-0.2805,-2.5317,2.5472,-96.321,nan,nan,nan,0.626
1777026039044598100,424.402,0,-0.3347,-2.5299,2.5520,-97.536,nan,nan,nan,2.217
1777026039141012111,424.498,0,-0.3858,-2.5286,2.5579,-98.675,nan,nan,nan,0.727
1777026039242253976,424.599,0,-0.4368,-2.5264,2.5639,-99.810,nan,nan,nan,0.193
1777026039343021084,424.700,0,-0.4881,-2.5236,2.5703,-100.947,nan,nan,nan,0.482
1777026039440923905,424.798,0,-0.5425,-2.5196,2.5774,-102.151,nan,nan,nan,2.988
1777026039542054030,424.899,0,-0.5858,-2.5178,2.5851,-103.097,nan,nan,nan,0.085
1777026039641459642,424.999,0,-0.6482,-2.5100,2.5924,-104.480,nan,nan,nan,1.354
1777026039743015266,425.100,0,-0.7041,-2.5037,2.6009,-105.708,nan,nan,nan,0.055
1777026039841841954,425.199,0,-0.7638,-2.4918,2.6063,-107.041,nan,nan,nan,1.241
1777026039941276344,425.298,0,-0.7831,-2.4872,2.6076,-107.477,nan,nan,nan,1.791
1777026040042177192,425.399,0,-0.7748,-2.4892,2.6070,-107.290,nan,nan,nan,2.514
1777026040143065948,425.500,0,-0.7760,-2.4889,2.6071,-107.317,nan,nan,nan,0.032
1777026040240837102,425.598,0,-0.7756,-2.4889,2.6070,-107.309,nan,nan,nan,2.330
1777026040340903583,425.698,0,-0.7756,-2.4890,2.6070,-107.309,nan,nan,nan,2.590
1777026040441775079,425.799,0,-0.7761,-2.4889,2.6070,-107.318,nan,nan,nan,1.567
1777026040541870856,425.899,0,-0.7764,-2.4887,2.6070,-107.327,nan,nan,nan,2.686
1777026040642124150,425.999,0,-0.7756,-2.4890,2.6070,-107.308,nan,nan,nan,1.042
1777026040741598874,426.099,0,-0.7773,-2.4884,2.6070,-107.346,nan,nan,nan,2.582
1777026040841078134,426.198,0,-0.7757,-2.4889,2.6070,-107.309,nan,nan,nan,2.932
1777026040941403113,426.299,0,-0.7763,-2.4888,2.6070,-107.323,nan,nan,nan,3.097
1777026041041657538,426.399,0,-0.7751,-2.4891,2.6070,-107.297,nan,nan,nan,6.303
1777026041142383534,426.500,0,-0.7763,-2.4888,2.6070,-107.323,nan,nan,nan,1.724
1777026041241763906,426.599,0,-0.7777,-2.4881,2.6068,-107.357,nan,nan,nan,2.441
1777026041340418928,426.698,0,-0.7772,-2.4882,2.6068,-107.346,nan,nan,nan,3.669
1777026041440690371,426.798,0,-0.7777,-2.4881,2.6068,-107.359,nan,nan,nan,3.483
1777026041542207532,426.899,0,-0.7779,-2.4880,2.6068,-107.363,nan,nan,nan,2.110
1777026041641433404,426.999,0,-0.7782,-2.4879,2.6068,-107.368,nan,nan,nan,2.813
1777026041741137552,427.098,0,-0.7773,-2.4882,2.6068,-107.349,nan,nan,nan,3.427
1777026041847571438,427.205,0,-0.7770,-2.4883,2.6068,-107.341,nan,nan,nan,2.499
1777026041941366624,427.299,0,-0.7787,-2.4875,2.6065,-107.382,nan,nan,nan,3.317
1777026042041492660,427.399,0,-0.7779,-2.4880,2.6068,-107.363,nan,nan,nan,4.804
1777026042141700454,427.499,0,-0.7783,-2.4879,2.6068,-107.371,nan,nan,nan,4.016
1777026042240567253,427.598,0,-0.7778,-2.4881,2.6068,-107.359,nan,nan,nan,3.410
1777026042340990770,427.698,0,-0.7780,-2.4879,2.6068,-107.366,nan,nan,nan,3.566
1777026042441051158,427.798,0,-0.7768,-2.4883,2.6068,-107.338,nan,nan,nan,4.513
1777026042541923932,427.899,0,-0.7776,-2.4881,2.6068,-107.356,nan,nan,nan,3.962
1777026042640629676,427.998,0,-0.7780,-2.4880,2.6068,-107.365,nan,nan,nan,3.426
1777026042740434842,428.098,0,-0.7773,-2.4882,2.6068,-107.348,nan,nan,nan,2.866
1777026042841458153,428.199,0,-0.7778,-2.4880,2.6068,-107.361,nan,nan,nan,3.602
1777026042942024947,428.299,0,-0.7768,-2.4884,2.6068,-107.336,nan,nan,nan,4.323
1777026043041150541,428.398,0,-0.7769,-2.4883,2.6068,-107.339,nan,nan,nan,3.289
1777026043142200519,428.499,0,-0.7777,-2.4881,2.6068,-107.357,nan,nan,nan,3.538
1777026043241664279,428.599,0,-0.7778,-2.4880,2.6068,-107.360,nan,nan,nan,3.438
1777026043342288702,428.699,0,-0.7770,-2.4883,2.6068,-107.342,nan,nan,nan,3.202
1777026043440116764,428.797,0,-0.7778,-2.4880,2.6068,-107.361,nan,nan,nan,2.102
1777026043542298534,428.899,0,-0.7777,-2.4880,2.6068,-107.358,nan,nan,nan,2.916
1777026043642926031,429.000,0,-0.7769,-2.4883,2.6068,-107.340,nan,nan,nan,3.489
1777026043740739185,429.098,0,-0.7776,-2.4881,2.6068,-107.355,nan,nan,nan,2.806
1777026043840750647,429.198,0,-0.7778,-2.4881,2.6068,-107.359,nan,nan,nan,2.217
1777026043940985312,429.298,0,-0.7818,-2.4875,2.6074,-107.448,nan,nan,nan,2.561
1777026044044496282,429.402,0,-0.7914,-2.4888,2.6116,-107.639,nan,nan,nan,2.523
1777026044141036181,429.498,0,-0.7971,-2.4906,2.6151,-107.747,nan,nan,nan,0.445
1777026044242572953,429.600,0,-0.8049,-2.4933,2.6200,-107.891,nan,nan,nan,3.801
1777026044343112876,429.700,0,-0.8212,-2.4946,2.6263,-108.222,nan,nan,nan,3.422
1777026044443501374,429.801,0,-0.8337,-2.4964,2.6319,-108.466,nan,nan,nan,4.433
1777026044541551232,429.899,0,-0.8417,-2.4999,2.6378,-108.608,nan,nan,nan,2.712
1777026044641381546,429.999,0,-0.8605,-2.5025,2.6463,-108.975,nan,nan,nan,0.035
1777026044741436582,430.099,0,-0.8803,-2.5074,2.6574,-109.344,nan,nan,nan,1.523
1777026044841440915,430.199,0,-0.8967,-2.5109,2.6662,-109.653,nan,nan,nan,0.996
1777026044941891764,430.299,0,-0.9120,-2.5154,2.6756,-109.930,nan,nan,nan,1.479
1777026045041859338,430.399,0,-0.9291,-2.5196,2.6854,-110.242,nan,nan,nan,1.946
1777026045142703316,430.500,0,-0.9479,-2.5229,2.6951,-110.591,nan,nan,nan,2.922
1777026045243109110,430.600,0,-0.9604,-2.5283,2.7045,-110.799,nan,nan,nan,3.472
1777026045343481941,430.701,0,-0.9743,-2.5340,2.7148,-111.031,nan,nan,nan,3.179
1777026045441919834,430.799,0,-0.9584,-2.5510,2.7251,-110.592,nan,nan,nan,1.623
1777026045543410458,430.901,0,-0.9413,-2.5672,2.7343,-110.135,nan,nan,nan,3.023
1777026045644066770,431.001,0,-0.9306,-2.5810,2.7436,-109.827,nan,nan,nan,3.821
1777026045741029890,431.098,0,-0.8722,-2.6109,2.7527,-108.472,nan,nan,nan,0.679
1777026045844380990,431.202,0,-0.8201,-2.6366,2.7612,-107.279,nan,nan,nan,3.837
1777026045944771840,431.302,0,-0.7615,-2.6611,2.7679,-105.968,nan,nan,nan,3.999
1777026046041520442,431.399,0,-0.6803,-2.6906,2.7753,-104.189,nan,nan,nan,1.350
1777026046142155532,431.499,0,-0.6149,-2.7132,2.7820,-102.769,nan,nan,nan,0.817
1777026046242161642,431.599,0,-0.5538,-2.7329,2.7884,-101.456,nan,nan,nan,1.029
1777026046344335708,431.701,0,-0.4923,-2.7506,2.7943,-100.148,nan,nan,nan,3.348
1777026046441062514,431.798,0,-0.4496,-2.7626,2.7990,-99.243,nan,nan,nan,0.561
1777026046542638879,431.900,0,-0.3757,-2.7787,2.8040,-97.699,nan,nan,nan,0.218
1777026046641833195,431.999,0,-0.3212,-2.7908,2.8092,-96.565,nan,nan,nan,0.864
1777026046740776661,432.098,0,-0.2685,-2.8011,2.8140,-95.474,nan,nan,nan,1.003
1777026046842446988,432.200,0,-0.2201,-2.8093,2.8179,-94.479,nan,nan,nan,1.237
1777026046941025195,432.298,0,-0.1475,-2.8181,2.8219,-92.996,nan,nan,nan,0.890
1777026047042248950,432.399,0,-0.0929,-2.8238,2.8253,-91.884,nan,nan,nan,0.815
1777026047141865247,432.499,0,-0.0351,-2.8283,2.8286,-90.711,nan,nan,nan,0.163
1777026047243258945,432.600,0,0.0261,-2.8315,2.8316,-89.472,nan,nan,nan,1.325
1777026047344543514,432.702,0,0.0877,-2.8321,2.8335,-88.227,16895.38,2106.39,2275.42,2.388
1777026047443430943,432.801,0,0.1463,-2.8320,2.8358,-87.042,10253.41,1262.14,1363.42,0.595
1777026047543683960,432.901,0,0.2126,-2.8300,2.8379,-85.704,7153.92,868.77,938.48,1.570
1777026047643695514,433.001,0,0.2715,-2.8262,2.8392,-84.514,5666.39,680.43,735.03,0.731
1777026047742283481,433.099,0,0.3284,-2.8209,2.8400,-83.360,4732.09,562.48,607.62,0.026
1777026047842428906,433.200,0,0.3843,-2.8139,2.8401,-82.224,4081.83,480.69,519.26,0.146
1777026047946246819,433.303,0,0.4408,-2.8067,2.8411,-81.075,3591.74,419.06,452.69,3.475
1777026048044417083,433.402,0,0.4991,-2.7962,2.8404,-79.880,3199.04,370.08,399.77,0.266
1777026048143503733,433.501,0,0.5599,-2.7841,2.8398,-78.629,2875.83,329.90,356.37,0.172
1777026048244793506,433.602,0,0.6086,-2.7731,2.8391,-77.622,2662.37,303.49,327.84,1.400
1777026048344505969,433.702,0,0.6786,-2.7554,2.8377,-76.165,2407.89,272.19,294.04,1.200
1777026048443365416,433.801,0,0.7268,-2.7411,2.8358,-75.150,2259.57,254.14,274.53,0.343
1777026048542664862,433.900,0,0.7779,-2.7247,2.8336,-74.066,2121.74,237.45,256.51,1.734
1777026048643197656,434.000,0,0.8306,-2.7067,2.8313,-72.941,1996.64,222.39,240.24,0.251
1777026048742294621,434.099,0,0.8791,-2.6876,2.8277,-71.888,1893.18,210.11,226.97,1.453
1777026048846849476,434.204,0,0.9364,-2.6646,2.8243,-70.638,1784.62,197.26,213.09,3.310
1777026048944213113,434.301,0,0.9906,-2.6405,2.8202,-69.436,1692.18,186.46,201.42,0.640
1777026049044664111,434.402,0,1.0460,-2.6151,2.8165,-68.199,1607.26,176.58,190.75,0.580
1777026049143023597,434.500,0,1.1031,-2.5856,2.8110,-66.896,1527.22,167.45,180.89,3.101
1777026049243301429,434.600,0,1.1561,-2.5570,2.8062,-65.671,1459.39,159.77,172.59,0.568
1777026049344848812,434.702,0,1.2075,-2.5275,2.8011,-64.465,1398.53,152.97,165.25,0.540
1777026049445812808,434.803,0,1.2534,-2.4978,2.7947,-63.352,1347.02,147.36,159.19,1.573
1777026049543630629,434.901,0,1.3026,-2.4653,2.7883,-62.150,1295.63,141.80,153.18,0.871
1777026049643184296,435.000,0,1.3526,-2.4310,2.7819,-60.908,1246.68,136.56,147.52,0.911
1777026049742641019,435.100,0,1.3941,-2.3987,2.7744,-59.835,1207.36,132.49,143.13,2.186
1777026049844797160,435.202,0,1.4774,-2.3385,2.7661,-57.715,1136.64,125.02,135.05,0.239
1777026049942850554,435.300,0,1.5764,-2.2584,2.7542,-55.084,1059.59,117.17,126.57,1.512
1777026050047017466,435.404,0,1.6629,-2.1816,2.7431,-52.683,997.64,111.07,119.99,1.629
1777026050146522004,435.504,0,1.7524,-2.0939,2.7304,-50.073,937.59,105.40,113.86,2.254
1777026050243438179,435.601,0,1.8379,-2.0014,2.7172,-47.438,883.27,100.50,108.57,1.350
1777026050344851433,435.702,0,1.9110,-1.9111,2.7026,-45.000,837.63,96.65,104.41,0.140
1777026050444751618,435.802,0,1.9829,-1.8147,2.6880,-42.465,794.12,93.15,100.63,1.881
1777026050545759614,435.903,0,2.0443,-1.7202,2.6717,-40.079,756.27,90.35,97.60,0.364
1777026050645264430,436.002,0,2.0722,-1.6577,2.6537,-38.658,734.99,89.13,96.29,0.088
1777026050742913455,436.100,0,2.0663,-1.6334,2.6339,-38.327,730.15,89.39,96.57,2.787
1777026050842392233,436.200,0,2.0528,-1.6179,2.6138,-38.243,728.92,89.98,97.20,4.193
1777026050943910543,436.301,0,2.0219,-1.6229,2.5926,-38.753,736.38,91.35,98.69,2.179
1777026051044627391,436.402,0,1.9941,-1.6252,2.5725,-39.180,742.70,92.63,100.06,1.375
1777026051142807193,436.500,0,1.9638,-1.6301,2.5522,-39.696,750.45,94.06,101.61,3.094
1777026051243505097,436.601,0,1.9330,-1.6354,2.5320,-40.232,758.63,95.55,103.22,2.196
1777026051343128764,436.700,0,1.9022,-1.6410,2.5122,-40.783,767.17,97.10,104.89,2.967
1777026051443619225,436.801,0,1.8690,-1.6485,2.4921,-41.413,777.09,98.83,106.76,3.223
1777026051544651721,436.902,0,1.8372,-1.6550,2.4727,-42.014,786.75,100.54,108.61,1.368
1777026051644208017,437.001,0,1.8069,-1.6598,2.4535,-42.570,795.85,102.22,110.43,1.845
1777026051742218523,437.099,0,1.7795,-1.6640,2.4363,-43.080,804.34,103.80,112.13,4.389
1777026051844807847,437.202,0,1.7471,-1.6692,2.4163,-43.694,814.75,105.73,114.21,2.049
1777026051943460703,437.301,0,1.7164,-1.6738,2.3974,-44.281,824.90,107.61,116.25,2.862
1777026052045107882,437.402,0,1.6861,-1.6792,2.3796,-44.881,835.50,109.54,118.34,1.216
1777026052144047403,437.501,0,1.6553,-1.6838,2.3612,-45.488,846.45,111.58,120.54,2.978
1777026052243788421,437.601,0,1.6246,-1.6889,2.3434,-46.111,857.93,113.69,122.82,3.553
1777026052343463810,437.701,0,1.5962,-1.6921,2.3262,-46.672,868.48,115.72,125.01,3.682
1777026052445676691,437.803,0,1.5683,-1.6943,2.3087,-47.213,878.87,117.78,127.23,2.418
1777026052545296025,437.902,0,1.5422,-1.6963,2.2926,-47.725,888.91,119.77,129.38,2.338
1777026052643335123,438.000,0,1.5158,-1.7001,2.2777,-48.281,900.03,121.86,131.64,2.400
1777026052743020364,438.100,0,1.4839,-1.7045,2.2599,-48.958,913.90,124.48,134.46,4.161
1777026052844632321,438.202,0,1.4570,-1.7073,2.2445,-49.522,925.76,126.77,136.94,2.601
1777026052944206840,438.301,0,1.4281,-1.7109,2.2286,-50.148,939.23,129.34,139.71,3.369
1777026053044210006,438.401,0,1.3979,-1.7164,2.2137,-50.840,954.54,132.13,142.74,5.056
1777026053143626803,438.501,0,1.3705,-1.7206,2.1997,-51.463,968.71,134.78,145.59,3.733
1777026053243097656,438.600,0,1.3422,-1.7238,2.1847,-52.096,983.52,137.62,148.66,3.325
1777026053343095896,438.700,0,1.3153,-1.7270,2.1708,-52.707,998.23,140.43,151.70,3.612
1777026053445115296,438.802,0,1.2805,-1.7336,2.1552,-53.549,1019.17,144.25,155.82,2.858
1777026053544855796,438.902,0,1.2504,-1.7394,2.1421,-54.289,1038.29,147.72,159.58,4.585
1777026053643987261,439.001,0,1.2301,-1.7383,2.1295,-54.715,1049.60,150.16,162.21,4.196
1777026053743268985,439.100,0,1.2594,-1.7032,2.1182,-53.520,1018.43,146.67,158.44,3.061
1777026053843434539,439.201,0,1.3318,-1.6326,2.1069,-50.794,953.51,138.69,149.82,2.942
1777026053945354199,439.303,0,1.4132,-1.5441,2.0932,-47.534,885.14,130.70,141.19,3.299
1777026054045655104,439.403,0,1.4741,-1.4662,2.0791,-44.846,834.87,125.30,135.36,2.755
1777026054144648051,439.502,0,1.5331,-1.3854,2.0664,-42.103,788.19,120.48,130.15,4.144
1777026054244774050,439.602,0,1.5941,-1.2870,2.0488,-38.917,738.80,115.87,125.17,3.825
1777026054344131366,439.701,0,1.6401,-1.2028,2.0339,-36.255,700.83,112.62,121.66,3.419
1777026054443939310,439.801,0,1.6823,-1.1102,2.0157,-33.422,663.14,109.79,118.60,2.418
1777026054543294071,439.900,1,1.7213,-1.0135,1.9976,-30.490,626.65,107.31,115.92,0.810
1777026054643681032,440.001,1,1.7561,-0.9113,1.9785,-27.425,590.79,105.18,113.62,2.225
1777026054742541035,440.100,1,1.7795,-0.8175,1.9583,-24.675,560.27,103.80,112.13,1.281
1777026054841190649,440.198,1,1.7991,-0.7196,1.9376,-21.800,529.77,102.67,110.91,0.084
1777026054942177664,440.299,1,1.8129,-0.6239,1.9172,-18.990,501.12,101.89,110.06,1.235
1777026055040630760,440.398,1,1.8178,-0.5328,1.8943,-16.337,474.94,101.61,109.76,0.612
1777026055141955255,440.499,1,1.8196,-0.4400,1.8721,-13.592,448.60,101.51,109.65,0.703
1777026055241356868,440.599,1,1.8147,-0.3558,1.8493,-11.094,425.15,101.78,109.95,0.743
1777026055342057068,440.699,1,1.7906,-0.3334,1.8214,-10.547,420.08,103.15,111.43,0.605
1777026055441409569,440.799,1,1.7649,-0.3176,1.7932,-10.202,416.89,104.66,113.06,0.734
1777026055540903015,440.898,1,1.7406,-0.2975,1.7659,-9.700,412.25,106.12,114.63,1.594
1777026055640520645,440.998,1,1.7123,-0.3013,1.7386,-9.980,414.83,107.87,116.53,1.283
1777026055739873276,441.097,1,1.6816,-0.3064,1.7093,-10.327,418.04,109.84,118.66,2.903
1777026055841385418,441.199,1,1.6509,-0.3160,1.6808,-10.835,422.75,111.89,120.86,0.906
1777026055942492969,441.300,1,1.6201,-0.3221,1.6518,-11.246,426.57,114.01,123.16,0.363
1777026056040511364,441.398,1,1.5909,-0.3255,1.6239,-11.564,429.54,116.10,125.42,1.973
1777026056142363635,441.500,1,1.5599,-0.3322,1.5949,-12.023,433.82,118.41,127.91,0.374
1777026056240456103,441.598,1,1.5308,-0.3357,1.5672,-12.370,437.08,120.66,130.34,1.724
1777026056340439287,441.698,1,1.5028,-0.3379,1.5403,-12.671,439.90,122.91,132.77,2.235
1777026056442029745,441.799,1,1.4717,-0.3426,1.5110,-13.103,443.98,125.51,135.58,0.440
1777026056540642507,441.898,1,1.4424,-0.3450,1.4831,-13.452,447.27,128.06,138.33,3.466
1777026056641024524,441.998,1,1.4127,-0.3498,1.4554,-13.907,451.59,130.75,141.24,2.302
1777026056739736675,442.097,1,1.3823,-0.3556,1.4273,-14.425,456.53,133.62,144.34,3.213
1777026056840331228,442.197,1,1.3510,-0.3629,1.3988,-15.037,462.38,136.72,147.70,3.384
1777026056940882633,442.298,1,1.3178,-0.3807,1.3717,-16.111,472.75,140.16,151.41,3.045
1777026057040985965,442.398,1,1.2828,-0.4147,1.3481,-17.915,490.41,143.99,155.55,2.695
1777026057142463441,442.500,1,1.2409,-0.4616,1.3240,-20.404,515.40,148.85,160.79,3.069
1777026057241311814,442.598,1,1.1948,-0.5171,1.3019,-23.403,546.61,154.60,167.00,3.425
1777026057342239570,442.699,1,1.1479,-0.5694,1.2814,-26.385,579.07,160.91,173.83,2.244
1777026057442000459,442.799,1,1.0941,-0.6230,1.2590,-29.658,616.70,168.82,182.37,2.221
1777026057541858347,442.899,0,1.0430,-0.6710,1.2402,-32.755,654.63,177.10,191.31,2.451
1777026057640514332,442.998,0,1.0014,-0.7120,1.2287,-35.411,689.33,184.44,199.24,4.055
1777026057741682902,443.099,0,0.9371,-0.7643,1.2093,-39.202,743.04,197.11,212.93,2.371
1777026057843634747,443.201,0,0.8652,-0.8123,1.1867,-43.193,806.24,213.49,230.62,0.495
1777026057942599638,443.300,0,0.8053,-0.8591,1.1775,-46.852,871.91,229.37,247.77,1.779
1777026058042478156,443.400,0,0.7420,-0.9003,1.1667,-50.504,947.05,248.92,268.90,1.761
1777026058143230394,443.500,0,0.6756,-0.9393,1.1570,-54.273,1037.86,273.39,295.33,1.578
1777026058244821054,443.602,0,0.5969,-0.9767,1.1447,-58.571,1164.15,309.46,334.29,0.034
1777026058350045445,443.707,0,0.5250,-1.0052,1.1340,-62.425,1307.00,351.85,380.09,3.759
1777026058444147222,443.801,0,0.4769,-1.0243,1.1299,-65.037,1426.69,387.34,418.43,0.391
1777026058543923073,443.901,0,0.4417,-1.0356,1.1258,-66.902,1527.56,418.21,451.77,1.094
1777026058645911159,444.003,0,0.4104,-1.0402,1.1182,-68.470,1625.08,450.12,486.24,0.767
1777026058744902587,444.102,0,0.3999,-1.0387,1.1130,-68.946,1657.39,461.94,499.01,0.023
1777026058844535976,444.202,0,0.3712,-1.0448,1.1088,-70.441,1768.69,497.58,537.51,1.151
1777026058945455287,444.303,0,0.3608,-1.0462,1.1066,-70.972,1812.27,511.95,553.04,0.364
1777026059046576209,444.404,0,0.3254,-1.0529,1.1021,-72.826,1984.68,567.60,613.15,1.220
1777026059144197105,444.501,0,0.3023,-1.0549,1.0974,-74.007,2114.71,610.92,659.94,2.487
1777026059244054234,444.601,0,0.2942,-1.0578,1.0979,-74.458,2169.35,627.86,678.24,1.894
1777026059346396911,444.704,0,0.2650,-1.0597,1.0923,-75.961,2376.52,697.12,753.06,0.272
1777026059444084862,444.801,0,0.2497,-1.0633,1.0922,-76.786,2509.72,739.85,799.22,2.631
1777026059543276789,444.900,0,0.2411,-1.0636,1.0906,-77.229,2588.26,766.22,827.71,3.714
1777026059645121616,445.002,0,0.2415,-1.0639,1.0910,-77.209,2584.61,764.76,826.13,1.076
1777026059743006881,445.100,0,0.2415,-1.0639,1.0909,-77.212,2585.09,764.94,826.32,3.673
1777026059844426932,445.202,0,0.2418,-1.0638,1.0909,-77.195,2581.99,763.95,825.25,1.711
1777026059943767377,445.301,0,0.2417,-1.0638,1.0909,-77.199,2582.69,764.19,825.51,2.865
1777026060042880398,445.400,0,0.2415,-1.0638,1.0908,-77.209,2584.56,764.82,826.20,3.301
1777026060144866668,445.502,0,0.2416,-1.0638,1.0909,-77.207,2584.10,764.65,826.01,2.076
1777026060243452228,445.601,0,0.2415,-1.0638,1.0909,-77.208,2584.26,764.70,826.07,3.575
1777026060344314132,445.701,0,0.2415,-1.0639,1.0910,-77.211,2584.93,764.86,826.23,2.418
1777026060444682148,445.802,0,0.2415,-1.0639,1.0909,-77.210,2584.62,764.79,826.16,2.588
1777026060543346170,445.901,0,0.2414,-1.0639,1.0910,-77.218,2586.24,765.29,826.71,4.026
1777026060643385336,446.001,0,0.2413,-1.0639,1.0910,-77.221,2586.68,765.43,826.85,2.429
1777026060742458764,446.100,0,0.2416,-1.0638,1.0909,-77.202,2583.25,764.39,825.73,3.593
1777026060846558046,446.204,0,0.2414,-1.0640,1.0910,-77.214,2585.51,765.02,826.41,0.377
1777026060943684499,446.301,0,0.2415,-1.0639,1.0909,-77.209,2584.58,764.77,826.14,4.120
1777026061043447906,446.401,0,0.2416,-1.0639,1.0909,-77.207,2584.12,764.62,825.98,4.101
1777026061143056370,446.500,0,0.2416,-1.0638,1.0909,-77.204,2583.65,764.47,825.82,3.217
1777026061249124850,446.606,0,0.2413,-1.0641,1.0911,-77.226,2587.63,765.63,827.07,0.682
1777026061343938569,446.701,0,0.2416,-1.0639,1.0909,-77.206,2583.94,764.56,825.91,2.635
1777026061443241700,446.800,0,0.2415,-1.0639,1.0910,-77.209,2584.45,764.69,826.05,2.715
1777026061543805994,446.901,0,0.2414,-1.0640,1.0911,-77.218,2586.08,765.15,826.55,3.518
1777026061643755586,447.001,0,0.2414,-1.0640,1.0910,-77.219,2586.33,765.30,826.71,4.018
1777026061743370253,447.101,0,0.2416,-1.0639,1.0910,-77.206,2584.00,764.56,825.91,1.955
1777026061845155709,447.202,0,0.2415,-1.0640,1.0910,-77.211,2584.82,764.77,826.14,3.030
1777026061944599488,447.302,0,0.2414,-1.0640,1.0910,-77.216,2585.74,765.08,826.47,3.785
1777026062044318877,447.401,0,0.2415,-1.0639,1.0910,-77.209,2584.55,764.74,826.11,4.064
1777026062144731449,447.502,0,0.2415,-1.0640,1.0911,-77.214,2585.35,764.91,826.30,4.234
1777026062243870580,447.601,0,0.2415,-1.0639,1.0910,-77.213,2585.19,764.94,826.32,3.640
1777026062344801132,447.702,0,0.2414,-1.0639,1.0910,-77.217,2586.01,765.21,826.62,3.586
1777026062442970989,447.800,0,0.2416,-1.0638,1.0909,-77.207,2584.12,764.63,825.99,2.530
1777026062544496650,447.902,0,0.2416,-1.0639,1.0910,-77.204,2583.67,764.42,825.76,3.860
1777026062642937321,448.000,0,0.2416,-1.0639,1.0909,-77.208,2584.32,764.68,826.04,1.150
1777026062745765996,448.103,0,0.2414,-1.0640,1.0910,-77.218,2586.08,765.18,826.59,3.165
1777026062843041208,448.200,0,0.2416,-1.0639,1.0910,-77.207,2584.24,764.64,826.00,2.118
1777026062944210944,448.301,0,0.2418,-1.0639,1.0910,-77.197,2582.27,763.95,825.26,3.321
1777026063045547680,448.403,0,0.2415,-1.0639,1.0910,-77.209,2584.45,764.72,826.08,3.813
1777026063145217587,448.502,0,0.2415,-1.0639,1.0910,-77.210,2584.69,764.78,826.15,4.000
1777026063249413629,448.607,0,0.2418,-1.0639,1.0910,-77.197,2582.41,764.04,825.35,0.913
1777026063344560866,448.702,0,0.2416,-1.0639,1.0910,-77.205,2583.82,764.48,825.83,2.791
1777026063443439739,448.801,0,0.2416,-1.0639,1.0910,-77.206,2583.93,764.53,825.88,1.738
1777026063543620163,448.901,0,0.2417,-1.0639,1.0910,-77.202,2583.17,764.25,825.58,2.163
1777026063644383105,449.002,0,0.2415,-1.0640,1.0911,-77.210,2584.77,764.75,826.12,1.521
1777026063744471140,449.102,0,0.2416,-1.0639,1.0910,-77.205,2583.70,764.43,825.77,2.496
1777026063844258770,449.201,0,0.2416,-1.0639,1.0910,-77.204,2583.67,764.46,825.80,2.178
1777026063942949329,449.300,0,0.2416,-1.0639,1.0910,-77.204,2583.59,764.41,825.75,1.023
1777026064042703366,449.400,0,0.2414,-1.0641,1.0911,-77.216,2585.80,765.04,826.43,0.640
1777026064143229086,449.500,0,0.2417,-1.0639,1.0910,-77.201,2583.13,764.27,825.60,0.685
1777026064243745583,449.601,0,0.2417,-1.0639,1.0910,-77.201,2583.03,764.24,825.57,0.366
1777026064344443636,449.702,0,0.2417,-1.0638,1.0909,-77.202,2583.28,764.34,825.68,1.653
1777026064446851498,449.804,0,0.2414,-1.0640,1.0910,-77.215,2585.55,765.00,826.39,3.872
1777026064545123280,449.902,0,0.2415,-1.0640,1.0911,-77.211,2584.97,764.80,826.17,2.445
1777026064643574358,450.001,0,0.2412,-1.0642,1.0912,-77.227,2587.90,765.64,827.08,0.870
1777026064742469398,450.100,0,0.2414,-1.0640,1.0911,-77.215,2585.67,765.02,826.41,0.247
1777026064844002374,450.201,0,0.2416,-1.0639,1.0910,-77.205,2583.86,764.51,825.85,1.922
1777026064944174798,450.301,0,0.2416,-1.0640,1.0910,-77.205,2583.75,764.42,825.77,0.920
1777026065045337312,450.402,0,0.2416,-1.0639,1.0910,-77.206,2583.97,764.53,825.88,1.343
1777026065145883347,450.503,0,0.2413,-1.0641,1.0911,-77.223,2587.00,765.42,826.84,2.779
1777026065247545415,450.605,0,0.2412,-1.0640,1.0910,-77.230,2588.28,765.91,827.37,4.403
1777026065345833068,450.703,0,0.2344,-1.0653,1.0908,-77.591,2656.45,788.04,851.27,2.526
1777026065443340593,450.801,0,0.2060,-1.0703,1.0899,-79.106,2990.32,896.68,968.63,0.471
1777026065543946405,450.901,0,0.1594,-1.0761,1.0878,-81.573,3787.69,1158.56,1251.54,0.492
1777026065644034960,451.001,0,0.1187,-1.0813,1.0878,-83.737,4999.31,1556.35,1681.24,1.559
1777026065743566349,451.101,0,0.0811,-1.0869,1.0899,-85.734,7202.36,2278.12,2460.94,0.128
1777026065842696962,451.200,0,0.0462,-1.0930,1.0939,-87.581,nan,nan,nan,1.026
1777026065944416104,451.302,0,-0.0025,-1.0953,1.0953,-90.132,nan,nan,nan,0.095
1777026066043814531,451.401,0,-0.0405,-1.0991,1.0998,-92.109,nan,nan,nan,0.475
1777026066143205143,451.500,0,-0.0788,-1.1003,1.1031,-94.099,nan,nan,nan,1.627
1777026066243218698,451.600,0,-0.1035,-1.1033,1.1082,-95.359,nan,nan,nan,1.551
1777026066344593267,451.702,0,-0.1224,-1.1060,1.1127,-96.315,nan,nan,nan,0.124
1777026066442790031,451.800,0,-0.1393,-1.1092,1.1179,-97.157,nan,nan,nan,2.328
1777026066543813175,451.901,0,-0.1598,-1.1119,1.1233,-98.180,nan,nan,nan,1.036
1777026066643458565,452.001,0,-0.1783,-1.1148,1.1290,-99.089,nan,nan,nan,1.691
1777026066744324672,452.101,0,-0.1971,-1.1181,1.1353,-99.996,nan,nan,nan,0.459
1777026066845377520,452.203,0,-0.1976,-1.1251,1.1423,-99.963,nan,nan,nan,0.246
1777026066944630188,452.302,0,-0.1853,-1.1341,1.1491,-99.281,nan,nan,nan,0.555
1777026067043202747,452.400,0,-0.1733,-1.1416,1.1546,-98.634,nan,nan,nan,2.496
1777026067144875982,452.502,0,-0.1598,-1.1492,1.1603,-97.918,nan,nan,nan,0.969
1777026067243380375,452.601,0,-0.1461,-1.1555,1.1647,-97.209,nan,nan,nan,1.792
1777026067343874965,452.701,0,-0.1284,-1.1624,1.1695,-96.304,nan,nan,nan,1.527
1777026067443611891,452.801,0,-0.1120,-1.1686,1.1740,-95.476,nan,nan,nan,2.137
1777026067544691831,452.902,0,-0.0965,-1.1742,1.1781,-94.699,nan,nan,nan,0.951
1777026067643221890,453.000,0,-0.0798,-1.1791,1.1818,-93.872,nan,nan,nan,2.464
1777026067747114803,453.104,0,-0.0651,-1.1835,1.1853,-93.150,nan,nan,nan,1.692
1777026067843328314,453.200,0,-0.0335,-1.1879,1.1884,-91.614,nan,nan,nan,2.819
1777026067944456310,453.302,0,0.0164,-1.1887,1.1888,-89.211,nan,nan,nan,1.727
1777026068044908734,453.402,0,0.0680,-1.1881,1.1900,-86.723,9284.54,2714.95,2932.82,3.547
1777026068144389531,453.502,0,0.1015,-1.1874,1.1918,-85.116,6328.62,1820.26,1966.33,1.775
1777026068242883739,453.600,0,0.1428,-1.1840,1.1926,-83.121,4577.67,1293.15,1396.92,3.230
1777026068343224940,453.700,0,0.1783,-1.1791,1.1925,-81.402,3717.92,1036.09,1119.24,3.012
1777026068444665324,453.802,0,0.2142,-1.1729,1.1923,-79.650,3133.92,862.32,931.52,2.287
1777026068544330361,453.901,0,0.2527,-1.1642,1.1914,-77.752,2687.96,730.81,789.45,2.396
1777026068643427067,454.001,0,0.2893,-1.1545,1.1902,-75.932,2372.05,638.48,689.72,3.196
1777026068741982848,454.099,0,0.3222,-1.1442,1.1887,-74.273,2146.57,573.25,619.25,3.652
1777026068842585290,454.200,0,0.3559,-1.1317,1.1864,-72.545,1956.28,519.04,560.69,3.331
1777026068949792211,454.307,0,0.3916,-1.1162,1.1829,-70.668,1787.08,471.69,509.54,2.955
1777026069041889976,454.399,0,0.4213,-1.1023,1.1801,-69.084,1667.05,438.43,473.62,3.173
1777026069142107567,454.499,0,0.4483,-1.0870,1.1758,-67.589,1568.71,412.04,445.10,2.578
1777026069242644435,454.600,0,0.4773,-1.0702,1.1718,-65.965,1475.03,387.01,418.06,3.348
1777026069343228321,454.700,0,0.5043,-1.0520,1.1666,-64.386,1394.74,366.24,395.63,4.207
1777026069443504690,454.801,0,0.5312,-1.0325,1.1611,-62.772,1321.70,347.69,375.59,3.665
1777026069542847635,454.900,0,0.5589,-1.0110,1.1552,-61.064,1252.62,330.47,356.99,3.696
1777026069644651759,455.002,0,0.5872,-0.9874,1.1488,-59.261,1187.34,314.57,339.81,2.910
1777026069741927340,455.099,0,0.6096,-0.9666,1.1428,-57.764,1138.18,303.02,327.33,1.063
1777026069843182576,455.200,0,0.6313,-0.9436,1.1353,-56.216,1091.45,292.59,316.07,3.263
1777026069944876589,455.302,0,0.6533,-0.9174,1.1262,-54.543,1044.99,282.72,305.41,3.147
1777026070043603555,455.401,0,0.6730,-0.8928,1.1180,-52.990,1005.17,274.46,296.48,3.944
1777026070143087222,455.500,0,0.6932,-0.8668,1.1099,-51.348,966.09,266.46,287.84,2.846
1777026070242025688,455.599,0,0.6991,-0.8493,1.1000,-50.542,947.90,264.23,285.43,1.104
1777026070341721058,455.699,0,0.7062,-0.8311,1.0907,-49.643,928.34,261.54,282.52,2.262
1777026070441179170,455.798,0,0.7119,-0.8136,1.0811,-48.814,910.92,259.46,280.28,1.065
1777026070541853575,455.899,0,0.7150,-0.7976,1.0712,-48.124,896.86,258.32,279.04,1.282
1777026070642201425,455.999,0,0.7190,-0.7798,1.0606,-47.323,881.01,256.91,277.52,2.106
1777026070740815577,456.098,0,0.7216,-0.7638,1.0508,-46.626,867.60,255.96,276.50,0.484
1777026070842472941,456.200,0,0.7248,-0.7466,1.0406,-45.848,853.05,254.83,275.28,2.168
1777026070942516033,456.300,0,0.7269,-0.7298,1.0300,-45.113,839.66,254.11,274.50,1.922
1777026071042674253,456.400,0,0.7284,-0.7129,1.0192,-44.381,826.67,253.57,273.92,1.764
1777026071143189344,456.500,0,0.7294,-0.6958,1.0080,-43.652,814.03,253.25,273.57,1.858
1777026071242901992,456.600,0,0.7298,-0.6794,0.9970,-42.951,802.18,253.11,273.42,1.969
1777026071343361582,456.701,0,0.7344,-0.6592,0.9869,-41.911,785.08,251.51,271.69,1.947
1777026071442958842,456.800,0,0.7342,-0.6422,0.9754,-41.177,773.35,251.58,271.77,2.271
1777026071542726305,456.900,0,0.7344,-0.6241,0.9638,-40.357,760.55,251.51,271.69,1.365
1777026071642284787,456.999,0,0.7340,-0.6064,0.9521,-39.564,748.45,251.64,271.83,0.554
1777026071741670992,457.099,0,0.7346,-0.5872,0.9405,-38.634,734.64,251.43,271.60,4.433
1777026071844366038,457.202,0,0.7351,-0.5670,0.9284,-37.641,720.25,251.26,271.42,3.133
1777026071943271170,457.300,0,0.7350,-0.5477,0.9166,-36.696,706.94,251.32,271.49,1.837
1777026072044160518,457.401,0,0.7414,-0.5145,0.9024,-34.758,680.59,249.15,269.14,2.756
1777026072144707553,457.502,0,0.7449,-0.4710,0.8814,-32.306,648.98,247.95,267.85,1.828
1777026072241752950,457.599,1,0.7478,-0.4298,0.8625,-29.886,619.42,246.99,266.81,0.205
1777026072343522259,457.701,1,0.7512,-0.3878,0.8454,-27.305,589.43,245.89,265.63,1.328
1777026072442260966,457.799,1,0.7450,-0.3523,0.8241,-25.310,567.19,247.94,267.84,0.294
1777026072543344517,457.901,1,0.7340,-0.3240,0.8024,-23.816,551.01,251.64,271.83,1.384
1777026072643210517,458.000,1,0.7071,-0.3223,0.7771,-24.504,558.42,261.22,282.18,0.188
1777026072741241707,458.098,1,0.6771,-0.3266,0.7518,-25.754,572.07,272.80,294.69,1.100
1777026072842383721,458.200,1,0.6462,-0.3300,0.7256,-27.052,586.57,285.82,308.76,0.195
1777026072942728034,458.300,1,0.6177,-0.3319,0.7012,-28.251,600.25,299.02,323.01,0.353
1777026073042420775,458.400,1,0.5878,-0.3368,0.6775,-29.813,618.55,314.23,339.45,0.109
1777026073141444388,458.499,1,0.5576,-0.3397,0.6530,-31.346,637.07,331.23,357.81,1.413
1777026073242272904,458.599,0,0.5304,-0.3427,0.6315,-32.866,656.04,348.23,376.18,4.075
1777026073340909111,458.698,0,0.4997,-0.3464,0.6080,-34.732,680.24,369.63,399.30,1.982
1777026073441087628,458.798,0,0.4681,-0.3533,0.5864,-37.042,711.77,394.61,426.27,2.256
1777026073541026979,458.898,0,0.4359,-0.3633,0.5674,-39.810,752.18,423.77,457.77,2.518
1777026073641475199,458.999,0,0.4022,-0.3729,0.5485,-42.838,800.29,459.26,496.12,1.971
1777026073741595494,459.099,0,0.3700,-0.3818,0.5316,-45.897,853.96,499.24,539.31,1.692
1777026073842293065,459.199,0,0.3371,-0.3906,0.5160,-49.208,919.12,547.96,591.94,1.175
1777026073942500601,459.300,0,0.3037,-0.3988,0.5013,-52.707,998.22,608.18,656.98,1.182
1777026074044220780,459.401,0,0.2663,-0.4087,0.4878,-56.909,1111.87,693.54,749.19,0.175
1777026074144545019,459.502,0,0.2352,-0.4151,0.4771,-60.460,1229.95,785.24,848.26,0.431
1777026074243304966,459.600,0,0.2050,-0.4203,0.4676,-63.992,1376.15,900.82,973.11,0.551
1777026074343217355,459.700,0,0.1761,-0.4251,0.4601,-67.499,1563.19,1048.96,1133.13,0.882
1777026074445162959,459.802,0,0.1488,-0.4292,0.4543,-70.886,1805.07,1241.70,1341.34,1.326
1777026074542757540,459.900,0,0.1181,-0.4343,0.4501,-74.785,2211.05,1563.72,1689.20,1.382
1777026074642486391,460.000,0,0.0874,-0.4399,0.4485,-78.765,2907.61,2113.89,2283.52,2.413
1777026074743156389,460.100,0,0.0572,-0.4466,0.4503,-82.698,4328.84,3227.78,3486.80,3.670
1777026074842977092,460.200,0,0.0234,-0.4516,0.4522,-87.030,nan,nan,nan,2.712
1777026074943365849,460.301,0,-0.0044,-0.4569,0.4569,-90.548,nan,nan,nan,3.365
1777026075042837924,460.400,0,-0.0358,-0.4616,0.4630,-94.437,nan,nan,nan,2.837
1777026075142170740,460.499,0,-0.0664,-0.4665,0.4712,-98.100,nan,nan,nan,3.754
1777026075242499201,460.600,0,-0.0975,-0.4712,0.4812,-101.692,nan,nan,nan,2.805
1777026075343734271,460.701,0,-0.1286,-0.4757,0.4928,-105.133,nan,nan,nan,2.225
1777026075441593832,460.799,0,-0.1569,-0.4803,0.5053,-108.088,nan,nan,nan,3.536
1777026075541651424,460.899,0,-0.1868,-0.4854,0.5201,-111.047,nan,nan,nan,1.745
1777026075642263347,460.999,0,-0.2175,-0.4903,0.5363,-113.921,nan,nan,nan,4.269
1777026075741392275,461.099,0,-0.2477,-0.4948,0.5533,-116.589,nan,nan,nan,1.809
1777026075843385490,461.201,0,-0.2809,-0.4997,0.5732,-119.337,nan,nan,nan,2.843
1777026075942863972,461.300,0,-0.3114,-0.5045,0.5929,-121.683,nan,nan,nan,3.437
1777026076043270822,461.400,0,-0.3414,-0.5099,0.6136,-123.809,nan,nan,nan,3.384
1777026076141361642,461.499,0,-0.3676,-0.5156,0.6332,-125.491,nan,nan,nan,3.563
1777026076242551600,461.600,0,-0.3895,-0.5279,0.6560,-126.424,nan,nan,nan,3.959
1777026076342555377,461.700,0,-0.3974,-0.5449,0.6744,-126.101,nan,nan,nan,3.024
1777026076442758339,461.800,0,-0.4066,-0.5589,0.6912,-126.031,nan,nan,nan,3.123
1777026076542257284,461.899,0,-0.4153,-0.5681,0.7037,-126.166,nan,nan,nan,4.348
1777026076643183743,462.000,0,-0.4182,-0.5800,0.7151,-125.791,nan,nan,nan,4.637
1777026076742143301,462.099,0,-0.4217,-0.5932,0.7278,-125.411,nan,nan,nan,4.056
1777026076842740928,462.200,0,-0.4266,-0.6054,0.7406,-125.170,nan,nan,nan,1.392
1777026076941467598,462.299,0,-0.4264,-0.6197,0.7523,-124.527,nan,nan,nan,5.357
1777026077041877207,462.399,0,-0.4238,-0.6359,0.7642,-123.680,nan,nan,nan,0.921
1777026077142586834,462.500,0,-0.4223,-0.6514,0.7763,-122.953,nan,nan,nan,3.365
1777026077242429667,462.600,0,-0.4195,-0.6664,0.7874,-122.192,nan,nan,nan,3.660
1777026077341771483,462.699,0,-0.4150,-0.6821,0.7984,-121.316,nan,nan,nan,2.487
1777026077443711846,462.801,0,-0.3964,-0.7053,0.8090,-119.339,nan,nan,nan,3.623
1777026077541776240,462.899,0,-0.3731,-0.7345,0.8239,-116.930,nan,nan,nan,2.999
1777026077648474996,463.006,0,-0.3497,-0.7642,0.8404,-114.593,nan,nan,nan,0.492
1777026077741274889,463.098,0,-0.3221,-0.7886,0.8518,-112.217,nan,nan,nan,2.032
1777026077850453007,463.208,0,-0.2841,-0.8162,0.8643,-109.193,nan,nan,nan,2.226
1777026077950052007,463.307,0,-0.2473,-0.8383,0.8740,-106.434,nan,nan,nan,0.657
1777026078042842548,463.400,0,-0.2124,-0.8571,0.8830,-103.918,nan,nan,nan,3.022
1777026078144992337,463.502,0,-0.1604,-0.8774,0.8920,-100.362,nan,nan,nan,2.985
1777026078242613436,463.600,0,-0.1149,-0.8904,0.8978,-97.353,nan,nan,nan,2.492
1777026078344732225,463.702,0,-0.0676,-0.9011,0.9036,-94.289,nan,nan,nan,1.697
1777026078443895375,463.801,0,-0.0189,-0.9085,0.9087,-91.193,nan,nan,nan,4.103
1777026078544201021,463.901,0,0.0317,-0.9117,0.9123,-88.007,nan,nan,nan,3.946
1777026078643600041,464.001,0,0.0774,-0.9109,0.9142,-85.145,6364.55,2387.16,2578.72,3.663
1777026078742937079,464.100,0,0.1257,-0.9067,0.9154,-82.106,4025.15,1469.32,1587.23,2.724
1777026078843598595,464.201,0,0.1682,-0.8996,0.9152,-79.409,3068.54,1098.09,1186.21,0.917
1777026078944734072,464.302,0,0.1907,-0.8945,0.9146,-77.965,2731.24,968.64,1046.37,4.075
1777026079043581593,464.401,0,0.1949,-0.8929,0.9139,-77.689,2675.50,947.84,1023.91,2.527
1777026079143787536,464.501,0,0.2059,-0.8888,0.9123,-76.957,2539.34,897.08,969.07,3.246
1777026079243321407,464.600,0,0.2214,-0.8843,0.9116,-75.946,2374.23,834.40,901.36,2.336
1777026079344839568,464.702,0,0.2355,-0.8788,0.9098,-74.999,2239.24,784.36,847.30,4.535
1777026079443967959,464.801,0,0.2489,-0.8733,0.9081,-74.090,2124.53,742.01,801.55,2.835
1777026079545259676,464.902,0,0.2632,-0.8667,0.9058,-73.109,2014.20,701.80,758.12,4.790
1777026079644910306,465.002,0,0.2788,-0.8593,0.9033,-72.026,1906.12,662.63,715.80,3.911
1777026079744206474,465.101,0,0.2911,-0.8526,0.9010,-71.148,1827.26,634.47,685.39,3.193
1777026079847921851,465.205,0,0.3067,-0.8440,0.8979,-70.030,1736.53,602.30,650.63,1.579
1777026079945315599,465.302,0,0.3177,-0.8364,0.8947,-69.198,1675.12,581.31,627.95,4.174
1777026080043290327,465.400,0,0.3299,-0.8282,0.8915,-68.280,1612.56,559.84,604.76,1.050
1777026080144589155,465.502,0,0.3419,-0.8193,0.8878,-67.351,1554.16,540.27,583.63,3.522
1777026080244221989,465.601,0,0.3524,-0.8103,0.8836,-66.492,1504.12,524.07,566.12,3.246
1777026080343094362,465.700,0,0.3640,-0.8001,0.8790,-65.540,1452.49,507.48,548.21,1.105
1777026080444364079,465.802,0,0.3738,-0.7902,0.8741,-64.686,1409.27,494.19,533.85,2.181
1777026080545251205,465.902,0,0.3847,-0.7793,0.8691,-63.725,1363.81,480.10,518.63,2.809
1777026080643976838,466.001,0,0.3936,-0.7689,0.8638,-62.891,1326.80,469.23,506.88,1.670
1777026080743355376,466.101,0,0.4021,-0.7583,0.8583,-62.066,1292.21,459.39,496.26,1.123
1777026080845545276,466.203,0,0.4068,-0.7486,0.8520,-61.477,1268.61,454.00,490.43,3.417
1777026080943389652,466.301,0,0.4117,-0.7385,0.8455,-60.858,1244.78,448.59,484.59,0.844
1777026081043147263,466.400,0,0.4139,-0.7304,0.8396,-60.459,1229.92,446.22,482.02,0.832
1777026081145278089,466.502,0,0.4160,-0.7222,0.8334,-60.055,1215.20,443.99,479.62,2.174
1777026081243296169,466.600,0,0.4047,-0.7204,0.8263,-60.672,1237.81,456.37,492.99,0.070
1777026081343594074,466.701,0,0.3816,-0.7246,0.8190,-62.226,1298.76,484.00,522.84,0.566
1777026081442812539,466.800,0,0.3604,-0.7287,0.8129,-63.684,1361.94,512.51,553.63,0.555
1777026081545216456,466.902,0,0.3388,-0.7326,0.8071,-65.183,1434.06,545.22,588.97,1.627
1777026081644072422,467.001,0,0.3083,-0.7403,0.8019,-67.388,1556.42,599.07,647.14,0.430
1777026081742205261,467.099,0,0.2777,-0.7483,0.7982,-69.641,1707.24,665.17,718.55,5.464
1777026081843083461,467.200,0,0.2405,-0.7571,0.7944,-72.377,1939.77,768.06,829.69,0.575
1777026081944159253,467.301,0,0.2045,-0.7653,0.7922,-75.041,2244.87,903.32,975.81,0.300
1777026082044283640,467.401,0,0.1696,-0.7726,0.7910,-77.617,2661.55,1089.02,1176.41,0.818
1777026082144612583,467.502,0,0.1323,-0.7791,0.7902,-80.360,3345.11,1395.80,1507.80,0.815
1777026082243783474,467.601,0,0.0958,-0.7848,0.7907,-83.037,4525.74,1927.09,2081.74,0.313
1777026082352888278,467.710,0,0.0569,-0.7903,0.7924,-85.879,7445.33,3243.57,3503.86,0.194
1777026082443054104,467.800,0,0.0223,-0.7939,0.7942,-88.388,nan,nan,nan,1.390
1777026082543490880,467.901,0,-0.0159,-0.7970,0.7972,-91.145,nan,nan,nan,0.841
1777026082644147543,468.001,0,-0.0533,-0.7990,0.8008,-93.820,nan,nan,nan,0.230
1777026082743355452,468.101,0,-0.0909,-0.7995,0.8046,-96.489,nan,nan,nan,2.845
1777026082842675491,468.200,0,-0.1277,-0.7987,0.8089,-99.087,nan,nan,nan,1.621
1777026082943130137,468.300,0,-0.1641,-0.7979,0.8146,-101.623,nan,nan,nan,1.587
1777026083045024408,468.402,0,-0.1999,-0.7961,0.8208,-104.095,nan,nan,nan,0.696
1777026083144315780,468.501,0,-0.2366,-0.7933,0.8278,-106.609,nan,nan,nan,2.208
1777026083242593710,468.600,0,-0.2698,-0.7902,0.8350,-108.853,nan,nan,nan,2.246
1777026083343315077,468.700,0,-0.3107,-0.7850,0.8443,-111.596,nan,nan,nan,1.579
1777026083443255151,468.800,0,-0.3470,-0.7792,0.8530,-114.003,nan,nan,nan,1.879
1777026083544308202,468.901,0,-0.3835,-0.7730,0.8629,-116.386,nan,nan,nan,0.661
1777026083644330275,469.001,0,-0.4190,-0.7653,0.8725,-118.701,nan,nan,nan,0.548
1777026083744000146,469.101,0,-0.4546,-0.7579,0.8838,-120.955,nan,nan,nan,2.297
1777026083844445014,469.202,0,-0.4893,-0.7484,0.8942,-123.176,nan,nan,nan,0.851
1777026083945742787,469.303,0,-0.5245,-0.7391,0.9063,-125.362,nan,nan,nan,0.324
1777026084042300075,469.399,0,-0.5607,-0.7276,0.9185,-127.618,nan,nan,nan,3.829
1777026084143979513,469.501,0,-0.5964,-0.7147,0.9309,-129.844,nan,nan,nan,2.145
1777026084243673050,469.601,0,-0.6314,-0.7011,0.9435,-132.005,nan,nan,nan,1.824
1777026084344431732,469.702,0,-0.6664,-0.6868,0.9569,-134.137,nan,nan,nan,2.395
1777026084444251065,469.801,0,-0.6994,-0.6736,0.9710,-136.078,nan,nan,nan,1.786
1777026084544411675,469.902,0,-0.7330,-0.6581,0.9851,-138.082,nan,nan,nan,2.233
1777026084643912991,470.001,0,-0.7634,-0.6436,0.9985,-139.869,nan,nan,nan,2.323
1777026084744157526,470.101,0,-0.7954,-0.6276,1.0132,-141.728,nan,nan,nan,3.545
1777026084843951822,470.201,0,-0.8270,-0.6118,1.0287,-143.504,nan,nan,nan,2.324
1777026084942652641,470.300,0,-0.8562,-0.5969,1.0437,-145.118,nan,nan,nan,4.092
1777026085043514118,470.401,0,-0.8859,-0.5813,1.0595,-146.730,nan,nan,nan,3.073
1777026085143007471,470.500,0,-0.9134,-0.5644,1.0738,-148.288,nan,nan,nan,5.178
1777026085243965208,470.601,0,-0.9466,-0.5428,1.0912,-150.169,nan,nan,nan,3.209
1777026085344117540,470.701,0,-0.9761,-0.5232,1.1075,-151.806,nan,nan,nan,2.900
1777026085444198761,470.801,0,-1.0065,-0.5019,1.1247,-153.494,nan,nan,nan,2.900
1777026085544088353,470.901,0,-1.0352,-0.4810,1.1415,-155.077,nan,nan,nan,3.705
1777026085644316148,471.001,0,-1.0650,-0.4562,1.1586,-156.813,nan,nan,nan,2.765
1777026085743147021,471.100,0,-1.0942,-0.4350,1.1775,-158.321,nan,nan,nan,4.277
1777026085843429779,471.201,0,-1.1254,-0.4080,1.1971,-160.071,nan,nan,nan,3.861
1777026085942697466,471.300,0,-1.1522,-0.3855,1.2150,-161.499,nan,nan,nan,3.032
1777026086042169892,471.399,0,-1.1795,-0.3611,1.2336,-162.978,nan,nan,nan,1.893
1777026086143653183,471.501,0,-1.2072,-0.3345,1.2526,-164.514,nan,nan,nan,4.085
1777026086244547235,471.602,0,-1.2339,-0.3074,1.2716,-166.011,nan,nan,nan,1.833
1777026086342954610,471.700,0,-1.2605,-0.2788,1.2910,-167.529,nan,nan,nan,1.417
1777026086442750406,471.800,0,-1.2859,-0.2516,1.3103,-168.930,nan,nan,nan,3.727
1777026086543665458,471.901,0,-1.3108,-0.2211,1.3293,-170.427,nan,nan,nan,2.910
1777026086643115773,472.000,0,-1.3344,-0.1935,1.3484,-171.747,nan,nan,nan,3.204
1777026086742850922,472.100,0,-1.3580,-0.1617,1.3676,-173.211,nan,nan,nan,1.578
1777026086844651063,472.202,0,-1.3799,-0.1307,1.3860,-174.590,nan,nan,nan,2.950
1777026086943997527,472.301,0,-1.4010,-0.1012,1.4046,-175.867,nan,nan,nan,3.921
1777026087044374155,472.402,0,-1.4213,-0.0671,1.4229,-177.297,nan,nan,nan,4.153
1777026087145649447,472.503,0,-1.4438,-0.0320,1.4442,-178.730,nan,nan,nan,3.081
1777026087246890460,472.604,0,-1.4631,-0.0000,1.4631,-179.999,nan,nan,nan,2.312
1777026087343674951,472.701,0,-1.4794,0.0322,1.4797,178.755,nan,nan,nan,1.585
1777026087443500432,472.801,0,-1.4978,0.0682,1.4994,177.392,nan,nan,nan,3.104
1777026087542289269,472.899,0,-1.5142,0.1069,1.5180,175.963,nan,nan,nan,1.059
1777026087643716245,473.001,0,-1.5296,0.1439,1.5364,174.626,nan,nan,nan,2.874
1777026087744711926,473.102,0,-1.5442,0.1807,1.5547,173.326,nan,nan,nan,3.350
1777026087841920267,473.199,0,-1.5578,0.2165,1.5728,172.088,nan,nan,nan,1.015
1777026087944328518,473.301,0,-1.5700,0.2556,1.5907,170.752,nan,nan,nan,3.253
1777026088042020691,473.399,0,-1.5823,0.2903,1.6087,169.604,nan,nan,nan,0.867
1777026088142612929,473.500,0,-1.5934,0.3300,1.6272,168.299,nan,nan,nan,0.705
1777026088242701299,473.600,0,-1.6032,0.3665,1.6445,167.121,nan,nan,nan,1.557
1777026088342744761,473.700,0,-1.6125,0.4007,1.6616,166.046,nan,nan,nan,1.201
1777026088442884204,473.800,0,-1.6263,0.4158,1.6786,165.660,nan,nan,nan,1.536
1777026088542933555,473.900,0,-1.6437,0.4129,1.6948,165.900,nan,nan,nan,2.018
1777026088643624904,474.001,0,-1.6544,0.4136,1.7053,165.963,nan,nan,nan,1.428
1777026088741788261,474.099,0,-1.6546,0.4178,1.7066,165.828,nan,nan,nan,0.270
1777026088842149277,474.199,0,-1.6533,0.4183,1.7054,165.802,nan,nan,nan,0.446
1777026088944974193,474.302,0,-1.6537,0.4182,1.7058,165.807,nan,nan,nan,2.593
1777026089042198979,474.399,0,-1.6535,0.4185,1.7056,165.795,nan,nan,nan,0.160
1777026089142165626,474.499,0,-1.6535,0.4187,1.7057,165.792,nan,nan,nan,2.362
1777026089243043271,474.600,0,-1.6535,0.4188,1.7057,165.787,nan,nan,nan,0.327
1777026089341366164,474.699,0,-1.6535,0.4187,1.7057,165.789,nan,nan,nan,2.706
1777026089444243673,474.801,0,-1.6535,0.4187,1.7057,165.789,nan,nan,nan,1.749
1777026089541955809,474.899,0,-1.6535,0.4187,1.7057,165.790,nan,nan,nan,1.349
1777026089642062678,474.999,0,-1.6535,0.4188,1.7057,165.787,nan,nan,nan,1.566
1777026089740897533,475.098,0,-1.6535,0.4187,1.7057,165.791,nan,nan,nan,5.773
1777026089841258216,475.198,0,-1.6535,0.4186,1.7057,165.793,nan,nan,nan,2.337
1777026089941563937,475.299,0,-1.6535,0.4185,1.7057,165.796,nan,nan,nan,3.224
1777026090040964641,475.398,0,-1.6535,0.4185,1.7056,165.798,nan,nan,nan,2.194
1777026090141106899,475.498,0,-1.6535,0.4185,1.7056,165.797,nan,nan,nan,3.026
1777026090242275951,475.599,0,-1.6535,0.4186,1.7057,165.794,nan,nan,nan,1.167
1777026090345171904,475.702,0,-1.6535,0.4185,1.7056,165.796,nan,nan,nan,0.914
1777026090444352257,475.802,0,-1.6535,0.4187,1.7057,165.789,nan,nan,nan,0.912
1777026090542229004,475.899,0,-1.6534,0.4187,1.7056,165.790,nan,nan,nan,1.980
1777026090641668375,475.999,0,-1.6534,0.4187,1.7056,165.789,nan,nan,nan,3.658
1777026090742280965,476.099,0,-1.6535,0.4186,1.7056,165.792,nan,nan,nan,2.850
1777026090841004764,476.198,0,-1.6534,0.4187,1.7056,165.790,nan,nan,nan,2.355
1777026090942132093,476.299,0,-1.6535,0.4186,1.7056,165.795,nan,nan,nan,1.799
1777026091043020719,476.400,0,-1.6534,0.4187,1.7056,165.788,nan,nan,nan,1.799
1777026091142553720,476.500,0,-1.6534,0.4186,1.7056,165.792,nan,nan,nan,1.325
1777026091241414204,476.599,0,-1.6534,0.4188,1.7056,165.787,nan,nan,nan,3.448
1777026091342456719,476.700,0,-1.6534,0.4187,1.7056,165.790,nan,nan,nan,2.141
1777026091442314255,476.799,0,-1.6535,0.4185,1.7056,165.795,nan,nan,nan,2.311
1777026091543735009,476.901,0,-1.6534,0.4186,1.7056,165.793,nan,nan,nan,0.716
1777026091642878752,477.000,0,-1.6534,0.4187,1.7056,165.791,nan,nan,nan,2.450
1777026091741625089,477.099,0,-1.6535,0.4185,1.7056,165.795,nan,nan,nan,3.644
1777026091842598288,477.200,0,-1.6544,0.4151,1.7056,165.914,nan,nan,nan,2.875
1777026091941933623,477.299,0,-1.6643,0.3735,1.7057,167.350,nan,nan,nan,4.103
1777026092043789616,477.401,0,-1.6730,0.3328,1.7058,168.751,nan,nan,nan,1.768
1777026092142173824,477.499,0,-1.6813,0.2901,1.7062,170.209,nan,nan,nan,3.286
1777026092243988003,477.601,0,-1.6893,0.2426,1.7066,171.827,nan,nan,nan,1.455
1777026092344879222,477.702,0,-1.6961,0.1929,1.7070,173.512,nan,nan,nan,0.069
1777026092444272186,477.801,0,-1.7022,0.1314,1.7073,175.585,nan,nan,nan,2.176
1777026092541814544,477.899,0,-1.7057,0.0792,1.7075,177.340,nan,nan,nan,4.238
1777026092643762463,478.001,0,-1.7080,-0.0182,1.7081,-179.389,nan,nan,nan,3.048
1777026092742354837,478.100,0,-1.7068,-0.1024,1.7098,-176.568,nan,nan,nan,3.549
1777026092845846751,478.203,0,-1.7000,-0.1878,1.7104,-173.696,nan,nan,nan,1.091
1777026092943271999,478.300,0,-1.6888,-0.2730,1.7107,-170.816,nan,nan,nan,3.692
1777026093043873867,478.401,0,-1.6740,-0.3580,1.7118,-167.928,nan,nan,nan,3.137
1777026093143967810,478.501,0,-1.6559,-0.4405,1.7135,-165.103,nan,nan,nan,3.930
1777026093244341142,478.602,0,-1.6337,-0.5211,1.7148,-162.309,nan,nan,nan,2.998
1777026093343129515,478.700,0,-1.6038,-0.6183,1.7189,-158.918,nan,nan,nan,4.686
1777026093442934534,478.800,0,-1.5825,-0.6873,1.7253,-156.522,nan,nan,nan,4.151
1777026093544042566,478.901,0,-1.5511,-0.7677,1.7307,-153.667,nan,nan,nan,2.934
1777026093642869495,479.000,0,-1.5068,-0.8649,1.7374,-150.144,nan,nan,nan,3.722
1777026093743247400,479.100,0,-1.4342,-0.9927,1.7442,-145.310,nan,nan,nan,3.681
1777026093843394677,479.201,0,-1.3612,-1.1003,1.7503,-141.049,nan,nan,nan,3.484
1777026093944097915,479.301,0,-1.2784,-1.2040,1.7561,-136.716,nan,nan,nan,3.207
1777026094043746359,479.401,0,-1.1864,-1.3007,1.7605,-132.370,nan,nan,nan,3.851
1777026094143711822,479.501,0,-1.0894,-1.3887,1.7651,-128.114,nan,nan,nan,3.434
1777026094243992913,479.601,0,-0.9847,-1.4701,1.7694,-123.815,nan,nan,nan,3.362
1777026094344230985,479.701,0,-0.8767,-1.5411,1.7730,-119.633,nan,nan,nan,3.205
1777026094444337410,479.801,0,-0.7824,-1.5958,1.7773,-116.119,nan,nan,nan,3.680
1777026094543649041,479.901,0,-0.7282,-1.6288,1.7842,-114.088,nan,nan,nan,3.592
1777026094642283804,479.999,0,-0.6785,-1.6610,1.7942,-112.220,nan,nan,nan,2.443
1777026094742446636,480.100,0,-0.6305,-1.6888,1.8026,-110.473,nan,nan,nan,1.683
1777026094842286820,480.199,0,-0.5937,-1.7107,1.8108,-109.141,nan,nan,nan,1.801
1777026094943785500,480.301,0,-0.5516,-1.7322,1.8179,-107.664,nan,nan,nan,4.226
1777026095044118980,480.401,0,-0.5197,-1.7509,1.8264,-106.533,nan,nan,nan,4.016
1777026095146167361,480.503,0,-0.4892,-1.7687,1.8351,-105.462,nan,nan,nan,3.732
1777026095242907260,480.600,0,-0.4665,-1.7826,1.8426,-104.665,nan,nan,nan,2.357
1777026095347316078,480.704,0,-0.4362,-1.7978,1.8500,-103.638,nan,nan,nan,1.670
1777026095442076168,480.799,0,-0.4121,-1.8108,1.8571,-102.822,nan,nan,nan,1.491
1777026095544347568,480.902,0,-0.3774,-1.8264,1.8650,-101.674,nan,nan,nan,2.939
1777026095643028886,481.000,0,-0.3607,-1.8365,1.8716,-101.112,nan,nan,nan,2.011
1777026095743231792,481.100,0,-0.3373,-1.8475,1.8781,-100.345,nan,nan,nan,3.188
1777026095841936295,481.199,0,-0.2984,-1.8610,1.8848,-99.109,nan,nan,nan,0.384
1777026095942495015,481.300,0,-0.2695,-1.8718,1.8911,-98.194,nan,nan,nan,1.455
1777026096042124200,481.399,0,-0.2432,-1.8812,1.8969,-97.365,nan,nan,nan,1.162
1777026096143015308,481.500,0,-0.2269,-1.8888,1.9024,-96.851,nan,nan,nan,0.343
1777026096243137455,481.600,0,-0.1957,-1.8983,1.9083,-95.887,nan,nan,nan,2.059
1777026096342296234,481.699,0,-0.1881,-1.9037,1.9130,-95.643,nan,nan,nan,1.288
1777026096443028787,481.800,0,-0.1857,-1.9092,1.9182,-95.555,nan,nan,nan,1.959
1777026096541887586,481.899,0,-0.1933,-1.9131,1.9228,-95.769,nan,nan,nan,0.339
1777026096641970603,481.999,0,-0.2115,-1.9162,1.9278,-96.297,nan,nan,nan,0.299
1777026096741899584,482.099,0,-0.2272,-1.9192,1.9326,-96.751,nan,nan,nan,0.173
1777026096842372730,482.200,0,-0.2518,-1.9217,1.9381,-97.465,nan,nan,nan,0.223
1777026096943103671,482.300,0,-0.2732,-1.9245,1.9438,-98.079,nan,nan,nan,1.004
1777026097043106319,482.400,0,-0.2945,-1.9271,1.9495,-98.690,nan,nan,nan,1.477
1777026097143167892,482.500,0,-0.3159,-1.9302,1.9559,-99.296,nan,nan,nan,1.004
1777026097243128743,482.600,0,-0.3377,-1.9324,1.9617,-99.913,nan,nan,nan,1.031
1777026097343125909,482.700,0,-0.3630,-1.9342,1.9679,-100.628,nan,nan,nan,1.164
1777026097451176031,482.808,0,-0.3850,-1.9372,1.9750,-101.240,nan,nan,nan,1.075
1777026097542794482,482.900,0,-0.4049,-1.9393,1.9811,-101.793,nan,nan,nan,0.818
1777026097643032444,483.000,0,-0.4253,-1.9421,1.9881,-102.353,nan,nan,nan,0.739
1777026097741292930,483.098,0,-0.4486,-1.9443,1.9954,-102.991,nan,nan,nan,2.408
1777026097842917424,483.200,0,-0.4739,-1.9459,2.0028,-103.687,nan,nan,nan,0.389
1777026097944553344,483.302,0,-0.5013,-1.9465,2.0101,-104.442,nan,nan,nan,1.280
1777026098043245828,483.400,0,-0.5271,-1.9482,2.0182,-105.141,nan,nan,nan,0.551
1777026098143041162,483.500,0,-0.5667,-1.9454,2.0262,-106.242,nan,nan,nan,0.079
1777026098244069065,483.601,0,-0.6096,-1.9409,2.0344,-107.436,nan,nan,nan,1.109
1777026098342036867,483.699,0,-0.6580,-1.9344,2.0432,-108.787,nan,nan,nan,1.191
1777026098442623012,483.800,0,-0.6977,-1.9306,2.0528,-109.870,nan,nan,nan,0.594
1777026098542142883,483.899,0,-0.7494,-1.9213,2.0623,-111.307,nan,nan,nan,1.446
1777026098642037587,483.999,0,-0.7905,-1.9171,2.0737,-112.410,nan,nan,nan,1.533
1777026098741279551,484.098,0,-0.8388,-1.9081,2.0843,-113.730,nan,nan,nan,2.798
1777026098841988641,484.199,0,-0.8803,-1.8996,2.0936,-114.865,nan,nan,nan,5.545
1777026098942822952,484.300,0,-0.9315,-1.8890,2.1062,-116.249,nan,nan,nan,1.849
1777026099042324545,484.399,0,-0.9777,-1.8786,2.1178,-117.495,nan,nan,nan,1.663
1777026099141662325,484.499,0,-1.0224,-1.8683,2.1298,-118.690,nan,nan,nan,2.460
1777026099241640287,484.599,0,-1.0656,-1.8586,2.1424,-119.829,nan,nan,nan,4.253
1777026099341790785,484.699,0,-1.1089,-1.8475,2.1547,-120.971,nan,nan,nan,2.654
1777026099441925136,484.799,0,-1.1477,-1.8392,2.1680,-121.966,nan,nan,nan,2.509
1777026099541607766,484.899,0,-1.1877,-1.8303,2.1819,-122.979,nan,nan,nan,3.122
1777026099642543392,485.000,0,-1.2102,-1.8308,2.1946,-123.464,nan,nan,nan,0.104
1777026099741370376,485.099,0,-1.2286,-1.8357,2.2089,-123.795,nan,nan,nan,3.653
1777026099843361351,485.201,0,-1.2547,-1.8348,2.2228,-124.366,nan,nan,nan,3.366
1777026099942934851,485.300,0,-1.2774,-1.8364,2.2370,-124.821,nan,nan,nan,1.990
1777026100043751774,485.401,0,-1.2927,-1.8427,2.2509,-125.051,nan,nan,nan,1.701
1777026100144625381,485.502,0,-1.2761,-1.8720,2.2656,-124.280,nan,nan,nan,0.487
1777026100242275054,485.599,0,-1.2545,-1.9011,2.2777,-123.420,nan,nan,nan,2.659
1777026100341421816,485.699,0,-1.2126,-1.9408,2.2885,-121.997,nan,nan,nan,3.494
1777026100442893995,485.800,0,-1.1695,-1.9797,2.2994,-120.572,nan,nan,nan,2.354
1777026100542939180,485.900,0,-1.1137,-2.0234,2.3096,-118.829,nan,nan,nan,2.827
1777026100642169940,485.999,0,-1.0397,-2.0691,2.3156,-116.679,nan,nan,nan,3.429
1777026100742413476,486.100,0,-0.9396,-2.1233,2.3219,-113.870,nan,nan,nan,3.297
1777026100842860122,486.200,0,-0.8663,-2.1607,2.3278,-111.847,nan,nan,nan,4.167
1777026100945244058,486.302,0,-0.7728,-2.2016,2.3333,-109.343,nan,nan,nan,0.903
1777026101043115990,486.400,0,-0.6825,-2.2367,2.3385,-106.968,nan,nan,nan,3.242
1777026101149772357,486.507,0,-0.5966,-2.2679,2.3451,-104.738,nan,nan,nan,3.557
1777026101241812863,486.599,0,-0.5143,-2.2937,2.3507,-102.639,nan,nan,nan,2.999
1777026101342424915,486.700,0,-0.4240,-2.3178,2.3562,-100.368,nan,nan,nan,3.724
1777026101442906432,486.800,0,-0.3504,-2.3341,2.3603,-98.537,nan,nan,nan,17.465
1777026101546413901,486.904,0,-0.2429,-2.3524,2.3649,-95.896,nan,nan,nan,0.260
1777026101644213685,487.001,0,-0.1577,-2.3631,2.3683,-93.819,nan,nan,nan,3.455
1777026101742496301,487.100,0,-0.0744,-2.3706,2.3717,-91.798,nan,nan,nan,2.806
1777026101843052650,487.200,0,0.0123,-2.3745,2.3745,-89.703,nan,nan,nan,4.271
1777026101943191241,487.300,0,0.1070,-2.3746,2.3770,-87.420,11711.01,1726.27,1864.80,3.915
1777026102043064630,487.400,0,0.1848,-2.3708,2.3780,-85.544,6908.49,999.75,1079.97,3.609
1777026102143420443,487.501,0,0.2699,-2.3638,2.3792,-83.487,4818.84,684.46,739.39,2.708
1777026102244727030,487.602,0,0.3419,-2.3552,2.3798,-81.740,3858.78,540.23,583.58,4.415
1777026102343037979,487.700,0,0.4076,-2.3447,2.3799,-80.139,3276.33,453.21,489.58,3.317
1777026102444615900,487.802,0,0.4692,-2.3325,2.3792,-78.626,2875.04,393.65,425.24,3.078
1777026102543986012,487.901,0,0.5201,-2.3208,2.3784,-77.369,2614.09,355.15,383.65,3.738
1777026102642805033,488.000,0,0.5665,-2.3085,2.3770,-76.211,2415.20,326.02,352.19,3.204
1777026102742579274,488.100,0,0.6153,-2.2941,2.3752,-74.986,2237.49,300.19,324.28,2.627
1777026102843934158,488.201,0,0.6600,-2.2797,2.3733,-73.853,2096.73,279.86,302.31,3.564
1777026102943418992,488.301,0,0.6975,-2.2660,2.3709,-72.892,1991.50,264.83,286.08,3.021
1777026103043585287,488.401,0,0.7532,-2.2452,2.3682,-71.456,1854.04,245.24,264.92,3.408
1777026103145564835,488.503,0,0.7970,-2.2265,2.3648,-70.305,1757.94,231.76,250.36,3.259
1777026103243383304,488.601,0,0.8307,-2.2105,2.3614,-69.403,1689.81,222.35,240.19,2.524
1777026103344368078,488.702,0,0.8750,-2.1894,2.3578,-68.215,1608.31,211.09,228.03,1.371
1777026103444705743,488.802,0,0.9157,-2.1675,2.3530,-67.098,1539.03,201.71,217.90,3.304
1777026103543184673,488.900,0,0.9586,-2.1440,2.3485,-65.911,1472.12,192.69,208.16,2.768
1777026103646378551,489.004,0,1.0032,-2.1169,2.3426,-64.644,1407.21,184.12,198.90,3.005
1777026103748689765,489.106,0,1.0489,-2.0881,2.3367,-63.330,1346.00,176.10,190.24,0.261
1777026103844199760,489.201,0,1.0882,-2.0624,2.3319,-62.182,1296.93,169.73,183.35,2.755
1777026103943408539,489.301,0,1.1266,-2.0346,2.3257,-61.026,1251.16,163.95,177.11,0.184
1777026104044110999,489.401,0,1.1693,-2.0034,2.3197,-59.728,1203.58,157.96,170.63,3.546
1777026104144571238,489.502,0,1.2038,-1.9749,2.3129,-58.636,1166.29,153.44,165.75,3.568
1777026104245460604,489.603,0,1.2399,-1.9439,2.3057,-57.469,1128.96,148.97,160.93,4.274
1777026104343242777,489.700,0,1.2804,-1.9086,2.2983,-56.143,1089.34,144.25,155.83,1.782
1777026104443297054,489.800,0,1.3197,-1.8722,2.2906,-54.820,1052.43,139.96,151.19,0.135
1777026104543423645,489.901,0,1.3586,-1.8347,2.2830,-53.480,1017.44,135.96,146.87,2.113
1777026104643368219,490.001,0,1.3951,-1.7961,2.2743,-52.162,985.11,132.40,143.02,1.328
1777026104742797572,490.100,0,1.4295,-1.7575,2.2654,-50.875,955.32,129.21,139.58,1.978
1777026104845439711,490.203,0,1.4610,-1.7190,2.2560,-49.639,928.24,126.42,136.57,3.816
1777026104944275399,490.301,0,1.4945,-1.6761,2.2456,-48.277,899.96,123.59,133.51,2.461
1777026105045214321,490.402,0,1.5230,-1.6366,2.2357,-47.058,875.88,121.28,131.01,3.138
1777026105143918750,490.501,0,1.5532,-1.5936,2.2253,-45.736,850.99,118.92,128.47,1.835
1777026105245013561,490.602,0,1.5831,-1.5489,2.2148,-44.376,826.57,116.68,126.04,3.278
1777026105346529555,490.704,0,1.5970,-1.5148,2.2011,-43.486,811.20,115.66,124.94,3.473
1777026105446804442,490.804,0,1.5896,-1.5056,2.1894,-43.446,810.52,116.20,125.53,3.486
1777026105543684859,490.901,0,1.5719,-1.5078,2.1781,-43.807,816.70,117.51,126.94,1.532
1777026105644900799,491.002,0,1.5560,-1.5078,2.1667,-44.098,821.73,118.71,128.23,2.862
1777026105742814138,491.100,0,1.5374,-1.5092,2.1544,-44.471,828.24,120.15,129.79,1.016
1777026105844212744,491.201,0,1.5249,-1.5064,2.1435,-44.649,831.38,121.12,130.84,1.588
1777026105943652374,491.301,0,1.5062,-1.5083,2.1315,-45.040,838.35,122.64,132.48,1.739
1777026106043983928,491.401,0,1.4910,-1.5079,2.1206,-45.323,843.44,123.88,133.82,1.328
1777026106145328701,491.502,0,1.4718,-1.5099,2.1085,-45.732,850.91,125.50,135.57,3.104
1777026106243696872,491.601,0,1.4546,-1.5120,2.0981,-46.108,857.86,126.98,137.17,1.120
1777026106347742117,491.705,0,1.4329,-1.5154,2.0856,-46.602,867.15,128.90,139.25,3.821
1777026106443691537,491.801,0,1.4154,-1.5182,2.0756,-47.009,874.93,130.50,140.98,3.533
1777026106543662962,491.901,0,1.3972,-1.5203,2.0648,-47.416,882.83,132.20,142.81,0.343
1777026106643430869,492.001,0,1.3775,-1.5241,2.0543,-47.893,892.25,134.09,144.85,0.408
1777026106742563834,492.100,0,1.3545,-1.5299,2.0434,-48.480,904.07,136.36,147.31,0.656
1777026106843528163,492.201,0,1.3352,-1.5332,2.0331,-48.950,913.74,138.34,149.44,0.907
1777026106944715863,492.302,0,1.3159,-1.5360,2.0226,-49.414,923.46,140.37,151.63,1.038
1777026107043524254,492.401,0,1.2967,-1.5386,2.0122,-49.877,933.36,142.45,153.88,0.385
1777026107145134230,492.502,0,1.2782,-1.5408,2.0020,-50.321,943.01,144.50,156.10,1.718
1777026107246440003,492.604,0,1.2585,-1.5442,1.9921,-50.821,954.12,146.77,158.55,2.806
1777026107343696326,492.701,0,1.2392,-1.5474,1.9825,-51.310,965.20,149.05,161.01,0.713
1777026107445380671,492.803,0,1.2183,-1.5520,1.9730,-51.869,978.18,151.62,163.78,1.318
1777026107544894339,492.902,0,1.1981,-1.5553,1.9633,-52.392,990.60,154.17,166.54,0.788
1777026107644245414,493.001,0,1.1774,-1.5594,1.9540,-52.948,1004.14,156.88,169.47,0.110
1777026107743593008,493.101,0,1.1595,-1.5617,1.9451,-53.408,1015.60,159.30,172.09,1.502
1777026107844272709,493.201,0,1.1393,-1.5651,1.9359,-53.948,1029.39,162.12,175.13,1.821
1777026107945125890,493.302,0,1.1213,-1.5673,1.9272,-54.418,1041.69,164.72,177.94,0.195
1777026108043093803,493.400,0,1.1030,-1.5695,1.9183,-54.902,1054.65,167.46,180.90,2.202
1777026108143886263,493.501,0,1.0811,-1.5744,1.9099,-55.523,1071.73,170.85,184.56,0.611
1777026108245703071,493.603,0,1.0624,-1.5770,1.9015,-56.031,1086.12,173.86,187.81,0.106
1777026108343273930,493.700,0,1.0434,-1.5803,1.8936,-56.566,1101.67,177.03,191.24,4.354
1777026108444475610,493.802,0,1.0301,-1.5791,1.8854,-56.883,1111.09,179.31,193.70,0.980
1777026108543555575,493.901,0,1.0178,-1.5777,1.8776,-57.173,1119.86,181.47,196.03,1.512
1777026108643947481,494.001,0,1.0014,-1.5788,1.8696,-57.614,1133.48,184.45,199.25,1.473
1777026108743216149,494.100,0,0.9892,-1.5775,1.8620,-57.910,1142.77,186.73,201.71,2.257
1777026108844512885,494.202,0,0.9780,-1.5758,1.8546,-58.176,1151.29,188.87,204.03,1.582
1777026108946643766,494.304,0,0.9785,-1.5666,1.8471,-58.011,1146.00,188.77,203.91,0.521
1777026109044379236,494.402,0,0.9797,-1.5568,1.8394,-57.817,1139.84,188.53,203.66,1.984
1777026109144114087,494.501,0,0.9824,-1.5462,1.8319,-57.569,1132.08,188.01,203.10,1.585
1777026109245641193,494.603,0,0.9842,-1.5357,1.8240,-57.344,1125.10,187.67,202.73,0.550
1777026109344846120,494.702,0,0.9915,-1.5218,1.8163,-56.915,1112.08,186.29,201.24,0.823
1777026109443941771,494.801,0,1.0045,-1.5039,1.8085,-56.261,1092.73,183.88,198.64,2.045
1777026109543785381,494.901,0,1.0233,-1.4821,1.8011,-55.377,1067.66,180.50,194.98,2.170
1777026109643547863,495.001,0,1.0412,-1.4593,1.7926,-54.492,1043.63,177.40,191.63,2.764
1777026109744204619,495.101,0,1.0584,-1.4373,1.7849,-53.633,1021.32,174.52,188.53,2.754
1777026109844256155,495.201,0,1.0771,-1.4127,1.7764,-52.677,997.50,171.49,185.25,2.234
1777026109945107041,495.302,0,1.0907,-1.3906,1.7673,-51.890,978.67,169.34,182.93,1.838
1777026110043290731,495.400,0,1.1117,-1.3633,1.7591,-50.806,953.79,166.16,179.49,3.179
1777026110143059064,495.500,0,1.1267,-1.3384,1.7495,-49.908,934.02,163.93,177.09,4.269
1777026110243174896,495.600,0,1.1423,-1.3139,1.7410,-48.995,914.67,161.69,174.67,2.881
1777026110343025026,495.700,0,1.1576,-1.2852,1.7297,-47.988,894.15,159.56,172.36,4.248
1777026110442389230,495.800,0,1.1708,-1.2602,1.7201,-47.108,876.84,157.77,170.43,3.471
1777026110544756815,495.902,0,1.1829,-1.2321,1.7081,-46.167,858.97,156.15,168.68,2.335
1777026110644651129,496.002,0,1.1942,-1.2055,1.6969,-45.270,842.49,154.67,167.08,2.745
1777026110743991056,496.101,0,1.2037,-1.1794,1.6852,-44.417,827.30,153.46,165.77,4.194
1777026110851342032,496.209,0,1.2141,-1.1523,1.6739,-43.503,811.50,152.13,164.34,3.155
1777026110942605744,496.300,0,1.2207,-1.1288,1.6626,-42.759,798.98,151.31,163.45,3.309
1777026111042047708,496.399,0,1.2293,-1.1013,1.6504,-41.857,784.21,150.26,162.32,2.208
1777026111142601687,496.500,0,1.2341,-1.0755,1.6369,-41.072,771.69,149.67,161.69,2.980
1777026111242211039,496.599,0,1.2346,-1.0549,1.6239,-40.511,762.94,149.61,161.61,2.024
1777026111344685845,496.702,0,1.2183,-1.0521,1.6097,-40.813,767.64,151.61,163.78,3.085
1777026111443291960,496.800,0,1.1968,-1.0595,1.5984,-41.519,778.78,154.34,166.72,3.071
1777026111542920646,496.900,0,1.1760,-1.0640,1.5859,-42.137,788.76,157.06,169.67,3.076
1777026111642895830,497.000,0,1.1558,-1.0678,1.5735,-42.733,798.56,159.81,172.64,2.868
1777026111744884453,497.102,0,1.1353,-1.0700,1.5601,-43.303,808.10,162.69,175.75,3.687
1777026111844641008,497.202,0,1.1187,-1.0717,1.5492,-43.770,816.06,165.11,178.36,2.923
1777026111942798624,497.300,0,1.0979,-1.0755,1.5369,-44.411,827.19,168.24,181.74,2.255
1777026112042270514,497.399,0,1.0778,-1.0793,1.5253,-45.042,838.37,171.38,185.13,1.438
1777026112142339457,497.499,0,1.0567,-1.0835,1.5135,-45.719,850.68,174.80,188.83,1.670
1777026112243010418,497.600,0,1.0365,-1.0876,1.5024,-46.377,862.90,178.20,192.50,2.167
1777026112342633862,497.700,0,1.0176,-1.0900,1.4912,-46.967,874.13,181.51,196.08,1.209
1777026112442768306,497.800,0,0.9980,-1.0930,1.4801,-47.601,886.47,185.08,199.93,0.401
1777026112542679379,497.900,0,0.9774,-1.0964,1.4688,-48.284,900.10,188.98,204.14,1.426
1777026112644999389,498.002,0,0.9597,-1.0979,1.4582,-48.842,911.50,192.46,207.90,4.328
1777026112746344625,498.104,0,0.9378,-1.1021,1.4471,-49.606,927.55,196.96,212.77,3.660
1777026112843534041,498.201,0,0.9187,-1.1055,1.4374,-50.271,941.91,201.04,217.18,2.450
1777026112944996350,498.302,0,0.8964,-1.1101,1.4268,-51.079,959.94,206.06,222.60,2.693
1777026113045375904,498.403,0,0.8776,-1.1115,1.4162,-51.706,974.36,210.47,227.36,3.392
1777026113144610590,498.502,0,0.8576,-1.1150,1.4067,-52.436,991.65,215.38,232.67,2.892
1777026113244379627,498.602,0,0.8394,-1.1170,1.3973,-53.076,1007.31,220.04,237.70,2.570
1777026113342808039,498.700,0,0.8182,-1.1211,1.3879,-53.878,1027.60,225.75,243.87,1.380
1777026113443818035,498.801,0,0.8000,-1.1233,1.3790,-54.540,1044.92,230.87,249.40,1.643
1777026113547289412,498.904,0,0.7793,-1.1276,1.3707,-55.350,1066.91,237.01,256.03,3.044
1777026113645464084,499.003,0,0.7569,-1.1288,1.3591,-56.155,1089.67,244.02,263.60,2.955
1777026113742872276,499.100,0,0.7438,-1.1318,1.3543,-56.687,1105.24,248.33,268.25,0.552
1777026113843768124,499.201,0,0.7262,-1.1341,1.3466,-57.368,1125.83,254.36,274.77,0.827
1777026113943569346,499.301,0,0.6964,-1.1410,1.3367,-58.602,1165.17,265.23,286.51,0.736
1777026114043432309,499.401,0,0.6778,-1.1449,1.3305,-59.373,1191.20,272.50,294.37,1.513
1777026114144210621,499.501,0,0.6588,-1.1477,1.3234,-60.145,1218.44,280.38,302.88,1.834
1777026114243478381,499.601,0,0.6409,-1.1519,1.3182,-60.910,1246.76,288.21,311.34,0.802
1777026114343167215,499.700,0,0.6109,-1.1594,1.3105,-62.213,1298.21,302.34,326.60,0.728
1777026114446387352,499.804,0,0.5868,-1.1629,1.3025,-63.226,1341.41,314.80,340.06,2.914
1777026114543592508,499.901,0,0.5844,-1.1570,1.2962,-63.202,1340.38,316.07,341.44,0.885
1777026114642882584,500.000,0,0.5832,-1.1508,1.2901,-63.125,1336.97,316.71,342.13,0.162
1777026114743197952,500.100,0,0.5940,-1.1392,1.2848,-62.463,1308.63,310.97,335.92,0.971
1777026114843116840,500.200,0,0.6131,-1.1223,1.2789,-61.352,1263.71,301.25,325.43,1.280
1777026114942977118,500.300,0,0.6263,-1.1076,1.2724,-60.515,1231.96,294.93,318.59,0.475
1777026115043776633,500.401,0,0.6410,-1.0930,1.2671,-59.613,1199.51,288.18,311.30,0.677
1777026115145597145,500.503,0,0.6448,-1.0802,1.2580,-59.166,1184.08,286.47,309.46,1.977
1777026115242254914,500.599,0,0.6670,-1.0604,1.2528,-57.831,1140.28,276.93,299.15,1.657
1777026115343656557,500.701,0,0.6873,-1.0386,1.2454,-56.503,1099.82,268.74,290.30,0.571
1777026115443161428,500.800,0,0.7027,-1.0188,1.2376,-55.405,1068.43,262.87,283.96,0.651
1777026115543011280,500.900,0,0.7191,-0.9978,1.2299,-54.221,1036.50,256.87,277.49,1.018
1777026115641931190,500.999,0,0.7343,-0.9765,1.2218,-53.058,1006.88,251.55,271.74,3.854
1777026115741118821,501.098,0,0.7467,-0.9563,1.2133,-52.015,981.61,247.35,267.20,2.860
1777026115841705392,501.199,0,0.7605,-0.9346,1.2049,-50.866,955.13,242.89,262.38,3.814
1777026115942098261,501.299,0,0.7718,-0.9142,1.1964,-49.829,932.31,239.32,258.53,1.961
1777026116042059019,501.399,0,0.7845,-0.8920,1.1879,-48.670,907.96,235.46,254.35,2.730
1777026116142152870,501.499,0,0.7962,-0.8695,1.1790,-47.519,884.84,231.97,250.59,3.040
1777026116242131999,501.599,0,0.8043,-0.8513,1.1711,-46.627,867.62,229.66,248.09,3.236
1777026116342112628,501.699,0,0.8113,-0.8302,1.1608,-45.659,849.57,227.67,245.94,2.587
1777026116441288444,501.798,0,0.8178,-0.8092,1.1505,-44.697,832.22,225.86,243.98,3.728
1777026116540688612,501.898,0,0.8239,-0.7903,1.1416,-43.809,816.73,224.20,242.19,2.411
1777026116642235755,501.999,0,0.8303,-0.7671,1.1304,-42.731,798.52,222.45,240.30,2.633
1777026116741691811,502.099,0,0.8383,-0.7432,1.1203,-41.559,779.43,220.34,238.02,4.083
1777026116843297638,502.200,0,0.8462,-0.7185,1.1101,-40.331,760.14,218.27,235.78,2.199
1777026116941288625,502.298,0,0.8503,-0.6988,1.1006,-39.414,746.20,217.22,234.65,4.335
1777026117042723305,502.400,0,0.8590,-0.6817,1.0966,-38.433,731.70,215.02,232.28,2.583
1777026117143345840,502.501,0,0.8811,-0.6480,1.0938,-36.330,701.86,209.62,226.44,2.069
1777026117241311197,502.598,0,0.8963,-0.6144,1.0867,-34.432,676.28,206.08,222.62,3.990
1777026117341476788,502.699,0,0.9110,-0.5808,1.0804,-32.517,651.63,202.74,219.01,4.071
1777026117440969956,502.798,1,0.9243,-0.5494,1.0752,-30.729,629.55,199.84,215.88,3.289
1777026117540688141,502.898,1,0.9320,-0.5156,1.0651,-28.955,608.43,198.19,214.09,3.170
1777026117642685578,503.000,1,0.9433,-0.4754,1.0563,-26.746,583.11,195.82,211.53,3.829
1777026117740658288,503.098,1,0.9490,-0.4458,1.0484,-25.162,565.57,194.64,210.26,2.236
1777026117843275667,503.200,1,0.9555,-0.4078,1.0389,-23.110,543.50,193.30,208.81,2.994
1777026117943781443,503.301,1,0.9606,-0.3712,1.0298,-21.126,522.80,192.28,207.71,2.863
1777026118042331743,503.399,1,0.9637,-0.3368,1.0208,-19.262,503.85,191.67,207.05,3.902
1777026118144701698,503.502,1,0.9667,-0.3035,1.0132,-17.427,485.60,191.06,206.40,3.591
1777026118241674151,503.599,1,0.9693,-0.2828,1.0097,-16.266,474.26,190.56,205.85,3.304
1777026118342354166,503.700,1,0.9748,-0.2711,1.0118,-15.542,467.24,189.49,204.69,3.804
1777026118442354536,503.800,1,0.9828,-0.2597,1.0165,-14.802,460.13,187.95,203.03,3.903
1777026118544335733,503.901,1,0.9878,-0.2386,1.0162,-13.580,448.48,186.98,201.99,3.089
1777026118644293084,504.001,1,0.9908,-0.2075,1.0123,-11.831,432.02,186.43,201.39,2.883
1777026118743390512,504.101,1,0.9903,-0.1697,1.0048,-9.725,412.48,186.51,201.48,3.292
1777026118844452582,504.202,1,0.9882,-0.1269,0.9963,-7.315,390.41,186.91,201.91,2.736
1777026118942290013,504.299,1,0.9852,-0.0920,0.9895,-5.336,372.47,187.49,202.53,4.095
1777026119042074624,504.399,1,0.9811,-0.0688,0.9835,-4.013,360.54,188.26,203.37,1.519
1777026119142323864,504.499,1,0.9909,-0.0739,0.9936,-4.264,362.81,186.41,201.36,1.876
1777026119242315437,504.599,1,0.9974,-0.0974,1.0021,-5.579,374.66,185.20,200.06,3.048
1777026119344706780,504.702,1,1.0074,-0.1165,1.0141,-6.599,383.90,183.36,198.07,3.130
1777026119441202124,504.798,1,1.0133,-0.1313,1.0217,-7.381,391.01,182.29,196.92,2.205
1777026119542478378,504.900,1,1.0237,-0.1572,1.0357,-8.732,403.36,180.43,194.91,2.926
1777026119642751451,505.000,1,1.0328,-0.1845,1.0491,-10.126,416.18,178.84,193.19,1.990
1777026119743164449,505.100,1,1.0372,-0.2046,1.0572,-11.157,425.74,178.08,192.37,2.641
1777026119842551098,505.200,1,1.0416,-0.2239,1.0654,-12.131,434.83,177.33,191.56,1.707
1777026119942256765,505.299,1,1.0395,-0.2391,1.0667,-12.955,442.58,177.69,191.95,2.391
1777026120042984188,505.400,1,1.0309,-0.2589,1.0629,-14.096,453.39,179.17,193.55,2.494
1777026120144311608,505.501,1,1.0123,-0.2742,1.0488,-15.157,463.53,182.47,197.11,2.940
1777026120242439669,505.600,1,1.0020,-0.2941,1.0443,-16.356,475.13,184.34,199.13,1.151
1777026120342510205,505.700,1,0.9837,-0.3120,1.0320,-17.598,487.28,187.78,202.84,1.318
1777026120442237501,505.799,1,0.9627,-0.3295,1.0175,-18.894,500.16,191.87,207.27,1.817
1777026120543933680,505.901,1,0.9364,-0.3464,0.9985,-20.299,514.33,197.24,213.07,3.013
1777026120642045723,505.999,1,0.9097,-0.3561,0.9769,-21.380,525.42,203.05,219.35,1.097
1777026120747067687,506.104,1,0.8791,-0.3555,0.9483,-22.019,532.04,210.11,226.97,3.585
1777026120844410399,506.202,1,0.8526,-0.3514,0.9222,-22.398,536.00,216.64,234.03,1.769
1777026120946219374,506.303,1,0.8101,-0.3487,0.8820,-23.288,545.38,228.00,246.29,3.281
1777026121042873532,506.400,1,0.7717,-0.3451,0.8454,-24.095,554.01,239.35,258.56,1.632
1777026121142293218,506.499,1,0.7319,-0.3403,0.8072,-24.939,563.14,252.37,272.62,0.062
1777026121243118511,506.600,1,0.6916,-0.3337,0.7679,-25.760,572.14,267.07,288.50,1.856
1777026121341248294,506.698,1,0.6546,-0.3267,0.7316,-26.528,580.67,282.19,304.83,0.396
1777026121443005102,506.800,1,0.6134,-0.3278,0.6955,-28.121,598.75,301.14,325.31,0.826
1777026121541046718,506.898,1,0.5812,-0.3373,0.6720,-30.131,622.34,317.82,343.32,1.042
1777026121641842197,506.999,1,0.5605,-0.3398,0.6555,-31.225,635.58,329.53,355.97,0.553
1777026121740228719,507.097,0,0.5474,-0.3394,0.6441,-31.804,642.72,337.45,364.53,1.487
1777026121842224879,507.199,0,0.5330,-0.3451,0.6350,-32.924,656.78,346.54,374.35,0.306
1777026121941459473,507.299,0,0.5252,-0.3521,0.6323,-33.836,668.50,351.71,379.93,0.516
1777026122043975464,507.401,0,0.5217,-0.3603,0.6340,-34.630,678.90,354.04,382.45,2.263
1777026122142020303,507.499,0,0.5199,-0.3730,0.6399,-35.656,692.64,355.26,383.76,0.971
1777026122244160110,507.601,0,0.5191,-0.3889,0.6486,-36.835,708.87,355.81,384.36,2.012
1777026122341902302,507.699,0,0.5216,-0.4082,0.6623,-38.043,726.03,354.10,382.51,1.267
1777026122443341908,507.801,0,0.5204,-0.4309,0.6757,-39.626,749.39,354.91,383.39,2.573
1777026122541562061,507.899,0,0.5189,-0.4553,0.6903,-41.264,774.74,355.95,384.52,1.997
1777026122643418406,508.001,0,0.5196,-0.4820,0.7087,-42.850,800.50,355.51,384.04,0.444
1777026122741896725,508.099,0,0.5210,-0.5105,0.7294,-44.420,827.34,354.54,382.99,1.908
1777026122842719517,508.200,0,0.5116,-0.5391,0.7432,-46.500,865.23,361.06,390.03,3.712
1777026122945250509,508.302,0,0.4901,-0.5631,0.7466,-48.964,914.04,376.85,407.09,0.877
1777026123043027459,508.400,0,0.4548,-0.5866,0.7422,-52.208,986.21,406.10,438.68,0.434
1777026123143110347,508.500,0,0.4122,-0.6071,0.7339,-55.825,1080.24,448.08,484.04,0.061
1777026123243312383,508.600,0,0.3763,-0.6247,0.7293,-58.938,1176.37,490.86,530.25,0.610
1777026123341977608,508.699,0,0.3398,-0.6433,0.7276,-62.156,1295.89,543.56,587.18,1.830
1777026123442467217,508.800,0,0.3118,-0.6597,0.7296,-64.705,1410.22,592.48,640.02,0.729
1777026123542711419,508.900,0,0.2903,-0.6765,0.7362,-66.777,1520.34,636.33,687.39,0.521
1777026123641312719,508.998,0,0.2641,-0.6923,0.7410,-69.120,1669.61,699.43,755.55,2.317
1777026123747599847,509.105,0,0.2344,-0.7084,0.7461,-71.690,1875.05,787.98,851.22,4.184
1777026123842056808,509.199,0,0.2100,-0.7247,0.7545,-73.839,2095.13,879.51,950.09,2.192
1777026123942839897,509.300,0,0.1792,-0.7398,0.7612,-76.381,2442.32,1030.60,1113.30,1.103
1777026124042091936,509.399,0,0.1443,-0.7522,0.7660,-79.139,2998.66,1279.77,1382.47,2.242
1777026124142775303,509.500,0,0.1144,-0.7679,0.7764,-81.530,3769.85,1615.10,1744.71,1.123
1777026124244201705,509.601,0,0.0802,-0.7817,0.7858,-84.143,5326.23,2303.43,2488.28,0.524
1777026124344123945,509.701,0,0.0401,-0.7910,0.7920,-87.099,nan,nan,nan,0.435
1777026124443186540,509.800,0,-0.0175,-0.8009,0.8011,-91.254,nan,nan,nan,1.380
1777026124543834852,509.901,0,-0.0673,-0.8084,0.8112,-94.761,nan,nan,nan,0.285
1777026124644003110,510.001,0,-0.1275,-0.8120,0.8220,-98.920,nan,nan,nan,0.482
1777026124743277426,510.100,0,-0.1869,-0.8133,0.8345,-102.944,nan,nan,nan,2.400
1777026124844874013,510.202,0,-0.2264,-0.8158,0.8466,-105.509,nan,nan,nan,0.733
1777026124944569458,510.302,0,-0.2752,-0.8172,0.8623,-108.613,nan,nan,nan,0.181
1777026125044266439,510.401,0,-0.3245,-0.8185,0.8804,-111.627,nan,nan,nan,1.088
1777026125144938547,510.502,0,-0.3707,-0.8176,0.8977,-114.390,nan,nan,nan,1.625
1777026125246280876,510.603,0,-0.4169,-0.8160,0.9163,-117.064,nan,nan,nan,0.941
1777026125343268699,510.700,0,-0.4654,-0.8111,0.9351,-119.849,nan,nan,nan,2.738
1777026125443592271,510.801,0,-0.5153,-0.8050,0.9558,-122.625,nan,nan,nan,4.158
1777026125543693567,510.901,0,-0.5403,-0.8005,0.9657,-124.017,nan,nan,nan,9.219
1777026125643939676,511.001,0,-0.6092,-0.7853,0.9939,-127.803,nan,nan,nan,1.770
1777026125745477911,511.103,0,-0.6578,-0.7718,1.0141,-130.441,nan,nan,nan,0.643
1777026125846363111,511.204,0,-0.7062,-0.7533,1.0325,-133.151,nan,nan,nan,0.227
1777026125943715248,511.301,0,-0.7560,-0.7345,1.0540,-135.827,nan,nan,nan,3.815
1777026126046418776,511.404,0,-0.8038,-0.7151,1.0758,-138.343,nan,nan,nan,0.110
1777026126143652191,511.501,0,-0.8524,-0.6874,1.0950,-141.114,nan,nan,nan,3.144
1777026126246692274,511.604,0,-0.8997,-0.6608,1.1163,-143.703,nan,nan,nan,0.197
1777026126343800078,511.701,0,-0.9447,-0.6310,1.1361,-146.260,nan,nan,nan,2.688
1777026126442905839,511.800,0,-0.9862,-0.6013,1.1550,-148.629,nan,nan,nan,3.768
1777026126544486352,511.902,0,-1.0336,-0.5623,1.1767,-151.453,nan,nan,nan,2.390
1777026126643314781,512.000,0,-1.0722,-0.5329,1.1973,-153.570,nan,nan,nan,3.059
1777026126743341039,512.101,0,-1.1131,-0.4888,1.2157,-156.293,nan,nan,nan,3.640
1777026126844318406,512.201,0,-1.1513,-0.4474,1.2352,-158.763,nan,nan,nan,3.627
1777026126943715944,512.301,0,-1.1872,-0.4076,1.2552,-161.049,nan,nan,nan,4.532
1777026127042358466,512.400,0,-1.2189,-0.3652,1.2724,-163.322,nan,nan,nan,3.458
1777026127142169299,512.499,0,-1.2558,-0.3184,1.2955,-165.771,nan,nan,nan,0.108
1777026127243387906,512.601,0,-1.2899,-0.2683,1.3175,-168.252,nan,nan,nan,4.283
1777026127344685382,512.702,0,-1.3257,-0.2106,1.3423,-170.973,nan,nan,nan,3.363
1777026127450983454,512.808,0,-1.3497,-0.1672,1.3601,-172.939,nan,nan,nan,3.503
1777026127542656887,512.900,0,-1.3677,-0.1249,1.3734,-174.781,nan,nan,nan,3.398
1777026127644264011,513.001,0,-1.4000,-0.0625,1.4014,-177.443,nan,nan,nan,4.297
1777026127742278812,513.099,0,-1.4206,-0.0098,1.4206,-179.603,nan,nan,nan,3.091
1777026127842399682,513.200,0,-1.4376,0.0422,1.4382,178.318,nan,nan,nan,2.605
1777026127942775383,513.300,0,-1.4533,0.0996,1.4567,176.080,nan,nan,nan,2.061
1777026128042698031,513.400,0,-1.4664,0.1559,1.4746,173.930,nan,nan,nan,2.161
1777026128144163433,513.501,0,-1.4754,0.2141,1.4909,171.744,nan,nan,nan,1.869
1777026128244615134,513.602,0,-1.4813,0.2775,1.5071,169.391,nan,nan,nan,4.010
1777026128342694695,513.700,0,-1.4861,0.3280,1.5218,167.553,nan,nan,nan,2.298
1777026128442727953,513.800,0,-1.4865,0.3852,1.5356,165.471,nan,nan,nan,3.014
1777026128542565953,513.900,0,-1.4855,0.4397,1.5492,163.512,nan,nan,nan,2.640
1777026128643799782,514.001,0,-1.4822,0.4943,1.5624,161.557,nan,nan,nan,3.135
1777026128743118505,514.100,0,-1.4787,0.5498,1.5776,159.603,nan,nan,nan,2.917
1777026128843878354,514.201,0,-1.4733,0.6008,1.5911,157.816,nan,nan,nan,0.431
1777026128945303663,514.302,0,-1.4632,0.6563,1.6036,155.841,nan,nan,nan,3.060
1777026129045686291,514.403,0,-1.4537,0.7059,1.6160,154.099,nan,nan,nan,3.626
1777026129144973848,514.502,0,-1.4301,0.7744,1.6263,151.564,nan,nan,nan,3.949
1777026129244126683,514.601,0,-1.3984,0.8631,1.6433,148.317,nan,nan,nan,3.634
1777026129342969705,514.700,0,-1.3660,0.9371,1.6565,145.550,nan,nan,nan,1.598
1777026129444453458,514.802,0,-1.3248,1.0207,1.6724,142.385,nan,nan,nan,0.921
1777026129543644127,514.901,0,-1.2709,1.1098,1.6873,138.872,nan,nan,nan,0.376
1777026129642333519,514.999,0,-1.2165,1.1881,1.7004,135.676,nan,nan,nan,1.320
1777026129745218065,515.102,0,-1.1568,1.2638,1.7133,132.469,nan,nan,nan,3.871
1777026129842534961,515.200,0,-1.0921,1.3356,1.7253,129.273,nan,nan,nan,0.224
1777026129943594142,515.301,0,-1.0163,1.4047,1.7338,125.887,nan,nan,nan,1.952
1777026130043221643,515.400,0,-0.9349,1.4618,1.7352,122.602,nan,nan,nan,0.210
1777026130144145935,515.501,0,-0.8385,1.5147,1.7313,118.966,nan,nan,nan,2.511
1777026130243938787,515.601,0,-0.7369,1.5612,1.7264,115.268,nan,nan,nan,2.051
1777026130345427485,515.703,0,-0.6419,1.5994,1.7234,111.867,nan,nan,nan,3.253
1777026130443833174,515.801,0,-0.5376,1.6303,1.7167,108.249,nan,nan,nan,1.674
1777026130543185490,515.900,0,-0.4354,1.6534,1.7097,104.753,nan,nan,nan,1.626
1777026130643877913,516.001,0,-0.3260,1.6664,1.6980,101.070,nan,nan,nan,1.781
1777026130743534636,516.101,0,-0.2149,1.6707,1.6845,97.330,nan,nan,nan,0.967
1777026130843588579,516.201,0,-0.1096,1.6686,1.6722,93.759,nan,nan,nan,1.121
1777026130944924426,516.302,0,0.0008,1.6610,1.6610,89.971,nan,nan,nan,2.597
1777026131044444556,516.402,0,0.1076,1.6448,1.6483,86.258,-7520.19,1717.00,1854.78,1.423
1777026131144425463,516.502,0,0.2146,1.6223,1.6364,82.464,-3553.64,860.61,929.67,0.930
1777026131244550814,516.602,0,0.3121,1.5956,1.6258,78.932,-2298.40,591.79,639.28,1.822
1777026131352271955,516.709,0,0.4128,1.5588,1.6125,75.169,-1613.07,447.49,483.40,0.674
1777026131443258872,516.800,0,0.4987,1.5200,1.5998,71.834,-1239.16,370.34,400.06,0.080
1777026131544138516,516.901,0,0.5856,1.4720,1.5842,68.307,-965.21,315.42,340.74,1.233
1777026131643248518,517.000,0,0.6801,1.4126,1.5678,64.292,-741.15,271.59,293.38,0.924
1777026131745580936,517.103,0,0.7593,1.3521,1.5508,60.682,-589.07,243.25,262.77,2.272
1777026131843584608,517.201,0,0.8352,1.2865,1.5338,57.009,-465.80,221.17,238.91,0.096
1777026131943715792,517.301,0,0.9089,1.2163,1.5184,53.231,-362.07,203.22,219.53,0.123
1777026132043113127,517.400,0,0.9755,1.1435,1.5030,49.532,-276.88,189.35,204.54,0.818
1777026132145019342,517.502,0,1.0410,1.0661,1.4901,45.681,-200.88,177.43,191.67,1.416
1777026132243000811,517.600,0,1.0961,0.9848,1.4735,41.940,-136.45,168.52,182.04,1.220
1777026132344690378,517.702,0,1.1433,0.9033,1.4571,38.311,-80.81,161.55,174.52,0.760
1777026132443113846,517.800,0,1.1873,0.8162,1.4408,34.506,-28.16,155.56,168.05,1.192
1777026132545177598,517.902,1,1.2299,0.7199,1.4251,30.344,24.20,150.19,162.24,1.076
1777026132643681250,518.001,1,1.2656,0.6214,1.4099,26.149,72.65,145.94,157.65,0.624
1777026132743815026,518.101,1,1.2953,0.5216,1.3963,21.933,117.95,142.60,154.04,0.886
1777026132845398039,518.203,1,1.3176,0.4189,1.3826,17.637,161.42,140.18,151.43,0.954
1777026132945192983,518.302,1,1.3342,0.3106,1.3699,13.106,205.09,138.44,149.55,0.728
1777026133045815277,518.403,1,1.3429,0.2047,1.3584,8.667,246.34,137.54,148.58,0.922
1777026133143440265,518.501,1,1.3460,0.1034,1.3500,4.394,285.12,137.22,148.24,1.247
1777026133245705646,518.603,1,1.3417,-0.0075,1.3417,-0.321,327.43,137.67,148.72,0.960
1777026133344919981,518.702,1,1.3307,-0.1181,1.3360,-5.072,370.08,138.80,149.94,1.018
1777026133444690758,518.802,1,1.3121,-0.2304,1.3322,-9.959,414.64,140.77,152.07,0.509
1777026133544454295,518.902,1,1.2860,-0.3535,1.3337,-15.372,465.60,143.63,155.16,0.762
1777026133643280595,519.000,1,1.2513,-0.4693,1.3364,-20.559,516.98,147.61,159.46,1.674
1777026133741848969,519.099,1,1.2072,-0.5703,1.3351,-25.289,566.96,153.01,165.29,4.556
1777026133844003628,519.201,1,1.1551,-0.6776,1.3391,-30.396,625.52,159.91,172.74,2.450
1777026133943383610,519.301,0,1.0903,-0.7807,1.3410,-35.603,691.92,169.40,183.00,2.971
1777026134043259591,519.400,0,1.0430,-0.8544,1.3483,-39.325,744.87,177.10,191.31,3.467
1777026134142680407,519.500,0,1.0019,-0.9104,1.3538,-42.263,790.81,184.36,199.16,2.291
1777026134242787443,519.600,0,0.9551,-0.9613,1.3551,-45.186,840.97,193.40,208.92,3.618
1777026134341603224,519.699,0,0.9357,-0.9807,1.3555,-46.346,862.33,197.40,213.24,2.550
1777026134442691775,519.800,0,0.9118,-1.0065,1.3581,-47.827,890.93,202.58,218.83,3.775
1777026134542128739,519.899,0,0.9051,-1.0181,1.3623,-48.363,901.68,204.07,220.44,3.085
1777026134643201198,520.000,0,0.8910,-1.0366,1.3669,-49.322,921.51,207.31,223.95,5.305
1777026134741704183,520.099,0,0.8752,-1.0555,1.3711,-50.335,943.33,211.05,227.99,3.483
1777026134843696509,520.201,0,0.8606,-1.0754,1.3774,-51.331,965.69,214.63,231.85,2.906
1777026134944343062,520.302,0,0.8438,-1.0946,1.3820,-52.372,990.13,218.91,236.48,3.097
1777026135041685903,520.399,0,0.8288,-1.1102,1.3854,-53.256,1011.81,222.86,240.75,2.637
1777026135145242317,520.502,0,0.8168,-1.1237,1.3892,-53.985,1030.35,226.12,244.27,1.440
1777026135245219853,520.602,0,0.8059,-1.1339,1.3911,-54.597,1046.44,229.20,247.59,2.004
1777026135343383710,520.701,0,0.8035,-1.1420,1.3964,-54.871,1053.80,229.88,248.32,3.627
1777026135442513231,520.800,0,0.8044,-1.1466,1.4007,-54.948,1055.88,229.61,248.03,2.521
1777026135542899340,520.900,0,0.7948,-1.1535,1.4008,-55.431,1069.15,232.39,251.04,3.328
1777026135644058743,521.001,0,0.7869,-1.1598,1.4016,-55.845,1080.79,234.73,253.57,3.179
1777026135742041896,521.099,0,0.7738,-1.1669,1.4001,-56.449,1098.24,238.70,257.85,2.944
1777026135843180670,521.200,0,0.7613,-1.1684,1.3945,-56.914,1112.04,242.63,262.10,4.599
1777026135942111894,521.299,0,0.7461,-1.1741,1.3911,-57.564,1131.91,247.56,267.42,2.404
1777026136043637555,521.401,0,0.7213,-1.1841,1.3865,-58.652,1166.83,256.07,276.62,1.913
1777026136142953168,521.500,0,0.6998,-1.1909,1.3813,-59.562,1197.73,263.95,285.13,2.027
1777026136242418521,521.600,0,0.6734,-1.1999,1.3760,-60.698,1238.76,274.28,296.29,2.591
1777026136342611612,521.700,0,0.6471,-1.2078,1.3703,-61.819,1282.18,285.43,308.33,2.734
1777026136444383439,521.802,0,0.6152,-1.2172,1.3638,-63.188,1339.74,300.26,324.36,3.736
1777026136542608555,521.900,0,0.5892,-1.2250,1.3593,-64.312,1391.24,313.48,338.64,1.382
1777026136642802609,522.000,0,0.5685,-1.2280,1.3532,-65.159,1432.84,324.92,350.99,2.437
1777026136742076536,522.099,0,0.5474,-1.2313,1.3475,-66.031,1478.62,337.41,364.49,2.179
1777026136844491398,522.202,0,0.5197,-1.2364,1.3412,-67.201,1545.17,355.40,383.91,2.926
1777026136943089754,522.300,0,0.4885,-1.2412,1.3338,-68.517,1628.18,378.12,408.46,2.889
1777026137042565310,522.400,0,0.4608,-1.2447,1.3273,-69.684,1710.36,400.81,432.98,1.847
1777026137143857898,522.501,0,0.4382,-1.2460,1.3208,-70.623,1783.41,421.50,455.32,3.518
1777026137243118232,522.600,0,0.4134,-1.2486,1.3153,-71.682,1874.29,446.82,482.68,2.734
1777026137343623138,522.701,0,0.3928,-1.2493,1.3096,-72.545,1956.34,470.21,507.94,2.478
1777026137442836139,522.800,0,0.3774,-1.2481,1.3039,-73.174,2021.18,489.37,528.64,1.118
1777026137542753139,522.900,0,0.3848,-1.2419,1.3002,-72.785,1980.56,480.03,518.55,1.845
1777026137642204177,522.999,0,0.3938,-1.2343,1.2956,-72.306,1932.84,469.09,506.73,0.548
1777026137742376472,523.100,0,0.3991,-1.2293,1.2925,-72.012,1904.74,462.76,499.90,0.753
1777026137844859907,523.202,0,0.4038,-1.2241,1.2890,-71.743,1879.88,457.42,494.13,3.803
1777026137944339334,523.301,0,0.4184,-1.2163,1.2862,-71.016,1815.98,441.44,476.87,2.260
1777026138043541410,523.401,0,0.4237,-1.2102,1.2822,-70.705,1790.11,435.97,470.95,1.717
1777026138145894698,523.503,0,0.4324,-1.2049,1.2801,-70.259,1754.28,427.17,461.45,1.028
1777026138243769185,523.601,0,0.4350,-1.2028,1.2790,-70.120,1743.42,424.66,458.74,2.088
1777026138346222158,523.703,0,0.4372,-1.2022,1.2792,-70.017,1735.49,422.52,456.43,4.262
1777026138443609258,523.801,0,0.4344,-1.2059,1.2818,-70.189,1748.83,425.18,459.30,1.973
1777026138544590643,523.902,0,0.4362,-1.2110,1.2872,-70.192,1749.05,423.45,457.44,1.817
1777026138641951243,523.999,0,0.4372,-1.2180,1.2941,-70.256,1754.03,422.51,456.42,0.865
1777026138741546281,524.099,0,0.4388,-1.2272,1.3033,-70.325,1759.49,420.95,454.73,0.626
1777026138841951205,524.199,0,0.4380,-1.2381,1.3133,-70.518,1774.86,421.69,455.53,0.070
1777026138944356456,524.302,0,0.4351,-1.2518,1.3253,-70.832,1800.59,424.49,458.56,1.876
1777026139040935151,524.398,0,0.4437,-1.2673,1.3428,-70.705,1790.11,416.31,449.72,1.561
1777026139141433463,524.499,0,0.4579,-1.2814,1.3607,-70.334,1760.23,403.36,435.72,0.712
1777026139244201546,524.601,0,0.4861,-1.2871,1.3759,-69.311,1683.19,380.00,410.50,1.923
1777026139342655847,524.700,0,0.5178,-1.2894,1.3895,-68.122,1602.31,356.75,385.37,0.232
1777026139441639238,524.799,0,0.5425,-1.2960,1.4049,-67.287,1550.32,340.50,367.82,1.188
1777026139543851304,524.901,0,0.5673,-1.3015,1.4197,-66.449,1501.69,325.61,351.74,1.183
1777026139642299901,524.999,0,0.5923,-1.3122,1.4397,-65.707,1461.24,311.85,336.88,0.443
1777026139742196252,525.099,0,0.6223,-1.3199,1.4592,-64.757,1412.79,296.82,320.64,1.227
1777026139843449988,525.201,0,0.6470,-1.3237,1.4733,-63.950,1374.21,285.48,308.39,0.319
1777026139942505879,525.300,0,0.6754,-1.3251,1.4873,-62.992,1331.18,273.48,295.43,0.372
1777026140042085343,525.399,0,0.7094,-1.3242,1.5023,-61.821,1282.26,260.36,281.26,1.062
1777026140143349745,525.501,0,0.7600,-1.3125,1.5166,-59.928,1210.66,243.05,262.55,2.303
1777026140244206686,525.601,0,0.8119,-1.2884,1.5228,-57.783,1138.76,227.51,245.77,0.621
1777026140343226263,525.700,0,0.8522,-1.2591,1.5204,-55.907,1082.57,216.74,234.13,0.617
1777026140443440539,525.801,0,0.8910,-1.2202,1.5108,-53.863,1027.21,207.31,223.95,2.247
1777026140543990258,525.901,0,0.9335,-1.1795,1.5042,-51.642,972.87,197.87,213.75,0.239
1777026140648292448,526.005,0,0.9656,-1.1430,1.4963,-49.810,931.91,191.29,206.64,3.293
1777026140742754261,526.100,0,0.9979,-1.1128,1.4947,-48.115,896.68,185.09,199.95,1.749
1777026140844770513,526.202,0,1.0349,-1.0895,1.5027,-46.470,864.66,178.47,192.79,0.032
1777026140942870888,526.300,0,1.0658,-1.0705,1.5106,-45.127,839.91,173.30,187.21,1.947
1777026141043570904,526.401,0,1.1239,-1.0226,1.5195,-42.300,791.41,164.35,177.54,0.694
1777026141145382268,526.503,0,1.1930,-0.9484,1.5240,-38.483,732.42,154.83,167.25,0.321
1777026141243709161,526.601,0,1.2461,-0.8848,1.5283,-35.378,688.87,148.23,160.12,1.709
1777026141347642055,526.705,0,1.2812,-0.8476,1.5362,-33.487,663.99,144.16,155.73,1.699
1777026141442243275,526.799,0,1.3123,-0.8102,1.5422,-31.689,641.30,140.75,152.05,3.730
1777026141544094713,526.901,1,1.3388,-0.7772,1.5480,-30.136,622.40,137.97,149.04,1.712
1777026141642856161,527.000,1,1.3540,-0.7553,1.5504,-29.152,610.74,136.41,147.36,2.513
1777026141741704571,527.099,1,1.3828,-0.7141,1.5563,-27.312,589.50,133.57,144.29,3.191
1777026141842499567,527.200,1,1.4031,-0.6831,1.5606,-25.960,574.35,131.64,142.20,2.433
1777026141944803893,527.302,1,1.4120,-0.6606,1.5589,-25.071,564.57,130.81,141.31,0.676
1777026142043887580,527.401,1,1.4168,-0.6455,1.5569,-24.493,558.30,130.37,140.83,1.571
1777026142144469244,527.502,1,1.4127,-0.6474,1.5540,-24.621,559.68,130.75,141.24,0.908
1777026142243846967,527.601,1,1.4083,-0.6473,1.5500,-24.684,560.37,131.15,141.68,1.676
1777026142344795982,527.702,1,1.4049,-0.6464,1.5465,-24.706,560.60,131.47,142.02,0.843
1777026142445069573,527.802,1,1.4048,-0.6392,1.5434,-24.464,557.99,131.48,142.03,2.071
1777026142543279800,527.900,1,1.3989,-0.6400,1.5383,-24.585,559.29,132.04,142.64,3.823
1777026142643266744,528.000,1,1.3916,-0.6382,1.5310,-24.634,559.83,132.73,143.38,2.278
1777026142742790781,528.100,1,1.3793,-0.6041,1.5058,-23.652,549.26,133.91,144.66,3.345
1777026142844492905,528.202,1,1.3604,-0.5859,1.4812,-23.302,545.54,135.78,146.67,1.636
1777026142943662629,528.301,1,1.3499,-0.5777,1.4683,-23.169,544.13,136.83,147.81,4.023
1777026143043580184,528.401,1,1.3455,-0.5823,1.4661,-23.401,546.59,137.28,148.30,4.954
1777026143144713346,528.502,1,1.3385,-0.5861,1.4612,-23.649,549.23,138.00,149.07,1.766
1777026143243747422,528.601,1,1.3279,-0.5876,1.4521,-23.868,551.58,139.10,150.26,3.287
1777026143345851841,528.703,1,1.3198,-0.5891,1.4453,-24.055,553.58,139.95,151.18,0.748
1777026143443384755,528.801,1,1.3095,-0.5902,1.4364,-24.262,555.81,141.05,152.37,4.139
1777026143542813627,528.900,1,1.2984,-0.5906,1.4264,-24.460,557.94,142.26,153.68,4.186
1777026143645904561,529.003,1,1.2861,-0.5954,1.4172,-24.840,562.06,143.62,155.14,1.008
1777026143742384849,529.100,1,1.2771,-0.6031,1.4124,-25.279,566.85,144.63,156.23,3.175
1777026143843649066,529.201,1,1.2683,-0.6105,1.4076,-25.705,571.53,145.63,157.32,3.216
1777026143944597044,529.302,1,1.2594,-0.6196,1.4036,-26.196,576.97,146.66,158.43,2.580
1777026144042952548,529.400,1,1.2527,-0.6400,1.4067,-27.060,586.66,147.45,159.28,3.384
1777026144143189898,529.500,1,1.2510,-0.6622,1.4155,-27.894,596.14,147.65,159.50,3.618
1777026144242662344,529.600,1,1.2473,-0.6806,1.4209,-28.620,604.52,148.09,159.97,3.411
1777026144343832506,529.701,1,1.2431,-0.7008,1.4270,-29.413,613.81,148.59,160.51,4.309
1777026144443476025,529.801,1,1.2390,-0.7209,1.4335,-30.193,623.08,149.07,161.04,0.069
1777026144545702702,529.903,1,1.2384,-0.7400,1.4427,-30.859,631.12,149.15,161.12,1.957
1777026144644116058,530.001,1,1.2366,-0.7579,1.4503,-31.502,638.99,149.37,161.36,3.467
1777026144744742852,530.102,0,1.2385,-0.7721,1.4595,-31.940,644.41,149.14,161.10,3.334
1777026144842598006,530.200,0,1.2438,-0.7803,1.4683,-32.104,646.45,148.51,160.42,2.538
1777026144944608221,530.302,0,1.2533,-0.7877,1.4803,-32.150,647.02,147.37,159.20,3.823
1777026145043886148,530.401,0,1.2615,-0.7938,1.4904,-32.179,647.39,146.42,158.17,3.648
1777026145143814203,530.501,0,1.2709,-0.7993,1.5014,-32.165,647.22,145.33,156.99,3.277
1777026145243311222,530.600,0,1.2805,-0.8044,1.5122,-32.138,646.88,144.25,155.82,2.908
1777026145344767347,530.702,0,1.2928,-0.8086,1.5248,-32.024,645.46,142.87,154.34,3.461
1777026145443643072,530.801,0,1.3045,-0.8112,1.5362,-31.877,643.62,141.59,152.96,3.214
1777026145543457553,530.901,0,1.3158,-0.8166,1.5486,-31.826,643.00,140.38,151.64,2.995
1777026145643568978,531.001,0,1.3285,-0.8191,1.5607,-31.656,640.89,139.03,150.19,2.686
1777026145743944846,531.101,1,1.3417,-0.8228,1.5739,-31.519,639.20,137.67,148.71,3.132
1777026145843623383,531.201,1,1.3575,-0.8229,1.5875,-31.224,635.57,136.06,146.98,2.207
1777026145943279402,531.300,1,1.3738,-0.8196,1.5997,-30.822,630.67,134.46,145.25,1.355
1777026146043910677,531.401,1,1.3911,-0.8171,1.6133,-30.430,625.93,132.78,143.44,2.633
1777026146144377119,531.502,1,1.4117,-0.8118,1.6285,-29.902,619.60,130.84,141.34,3.254
1777026146246999443,531.604,1,1.4290,-0.8122,1.6437,-29.613,616.17,129.26,139.63,2.481
1777026146347403589,531.705,1,1.4466,-0.8038,1.6549,-29.058,609.63,127.69,137.93,4.062
1777026146447248052,531.804,1,1.4620,-0.8006,1.6669,-28.704,605.50,126.34,136.47,2.990
1777026146544534338,531.902,1,1.4709,-0.7943,1.6717,-28.370,601.62,125.57,135.65,1.077
1777026146644826021,532.002,1,1.4853,-0.7880,1.6814,-27.948,596.76,124.36,134.34,1.926
1777026146744267615,532.101,1,1.5006,-0.7807,1.6916,-27.486,591.49,123.09,132.96,2.061
1777026146842790767,532.200,1,1.5118,-0.7723,1.6976,-27.062,586.68,122.18,131.99,0.729
1777026146947498103,532.305,1,1.5245,-0.7709,1.7083,-26.824,583.99,121.16,130.89,3.572
1777026147043207578,532.400,1,1.5311,-0.7644,1.7113,-26.532,580.71,120.64,130.32,1.171
1777026147143836168,532.501,1,1.5341,-0.7654,1.7144,-26.517,580.55,120.41,130.07,0.800
1777026147244331833,532.601,1,1.5340,-0.7761,1.7191,-26.836,584.13,120.41,130.07,1.346
1777026147342393634,532.700,1,1.5209,-0.8049,1.7207,-27.888,596.07,121.45,131.19,1.049
1777026147443088483,532.800,1,1.5093,-0.8356,1.7252,-28.969,608.60,122.38,132.20,0.369
1777026147542428744,532.900,1,1.4975,-0.8653,1.7295,-30.020,621.01,123.34,133.24,1.357
1777026147645083864,533.002,1,1.4783,-0.8929,1.7270,-31.132,634.45,124.95,134.97,2.741
1777026147745185992,533.102,0,1.4443,-0.9262,1.7157,-32.671,653.57,127.89,138.15,1.222
1777026147843865774,533.201,0,1.4202,-0.9531,1.7103,-33.865,668.87,130.06,140.50,0.642
1777026147943260090,533.300,0,1.3890,-0.9893,1.7053,-35.459,689.96,132.98,143.65,1.872
1777026148044398067,533.402,0,1.3364,-1.0538,1.7019,-38.258,729.15,138.22,149.31,0.818
1777026148144745454,533.502,0,1.2631,-1.1364,1.6991,-41.978,786.17,146.23,157.97,0.876
1777026148242831700,533.600,0,1.1842,-1.2157,1.6972,-45.751,851.26,155.97,168.49,0.994
1777026148346791075,533.704,0,1.0978,-1.2947,1.6974,-49.705,929.65,168.26,181.76,0.948
1777026148442784031,533.800,0,1.0003,-1.3699,1.6963,-53.863,1027.20,184.65,199.46,1.817
1777026148545756836,533.903,0,0.9000,-1.4382,1.6965,-57.963,1144.47,205.24,221.71,1.686
1777026148644070137,534.001,0,0.7973,-1.4974,1.6964,-61.965,1288.09,231.65,250.24,0.138
1777026148744002895,534.101,0,0.6910,-1.5503,1.6974,-65.979,1475.78,267.32,288.78,0.761
1777026148844322042,534.201,0,0.5826,-1.5961,1.6991,-69.949,1730.30,317.06,342.50,0.313
1777026148944766225,534.302,0,0.4670,-1.6362,1.7016,-74.071,2122.31,395.54,427.28,0.285
1777026149044717520,534.402,0,0.3516,-1.6685,1.7051,-78.102,2759.63,525.40,567.56,0.123
1777026149145185777,534.502,0,0.2277,-1.6928,1.7080,-82.340,4139.53,811.32,876.42,0.948
1777026149243905392,534.601,0,0.1046,-1.7095,1.7127,-86.498,8709.68,1765.82,1907.52,0.228
1777026149344119557,534.701,0,-0.0205,-1.7178,1.7179,-90.685,nan,nan,nan,0.044
1777026149443532873,534.801,0,-0.1459,-1.7174,1.7236,-94.855,nan,nan,nan,0.788
1777026149543631761,534.901,0,-0.2692,-1.7084,1.7294,-98.954,nan,nan,nan,1.253
1777026149644528201,535.002,0,-0.3940,-1.6899,1.7352,-103.124,nan,nan,nan,0.028
1777026149743001557,535.100,0,-0.5164,-1.6644,1.7427,-107.239,nan,nan,nan,2.377
1777026149843174130,535.200,0,-0.6450,-1.6274,1.7506,-111.619,nan,nan,nan,1.930
1777026149942495687,535.300,0,-0.7651,-1.5831,1.7583,-115.794,nan,nan,nan,3.023
1777026150043002795,535.400,0,-0.8681,-1.5380,1.7660,-119.442,nan,nan,nan,2.496
1777026150146668394,535.504,0,-0.9352,-1.5011,1.7686,-121.923,nan,nan,nan,1.622
1777026150242037427,535.599,0,-1.0023,-1.4612,1.7719,-124.447,nan,nan,nan,2.873
1777026150343439995,535.701,0,-1.0760,-1.4134,1.7764,-127.283,nan,nan,nan,1.805
1777026150443942437,535.801,0,-1.1484,-1.3590,1.7792,-130.200,nan,nan,nan,2.539
1777026150543146569,535.900,0,-1.2241,-1.2928,1.7804,-133.437,nan,nan,nan,3.348
1777026150645376283,536.003,0,-1.3046,-1.2131,1.7814,-137.082,nan,nan,nan,1.264
1777026150741885145,536.099,0,-1.3685,-1.1467,1.7854,-140.039,nan,nan,nan,1.894
1777026150842528383,536.200,0,-1.4376,-1.0733,1.7941,-143.255,nan,nan,nan,3.746
1777026150941665237,536.299,0,-1.4917,-1.0098,1.8013,-145.903,nan,nan,nan,3.514
1777026151041324904,536.398,0,-1.5476,-0.9306,1.8058,-148.980,nan,nan,nan,3.154
1777026151141482828,536.499,0,-1.6017,-0.8523,1.8144,-151.981,nan,nan,nan,0.204
1777026151241346698,536.599,0,-1.6487,-0.7714,1.8203,-154.927,nan,nan,nan,2.952
1777026151342011399,536.699,0,-1.6918,-0.6928,1.8281,-157.730,nan,nan,nan,3.499
1777026151441672140,536.799,0,-1.7306,-0.6115,1.8354,-160.540,nan,nan,nan,2.686
1777026151543016061,536.900,0,-1.7650,-0.5313,1.8433,-163.246,nan,nan,nan,4.477
1777026151641476528,536.999,0,-1.7947,-0.4468,1.8495,-166.020,nan,nan,nan,2.573
1777026151740307272,537.097,0,-1.8190,-0.3583,1.8540,-168.857,nan,nan,nan,2.008
1777026151841492452,537.199,0,-1.8419,-0.2613,1.8604,-171.925,nan,nan,nan,1.743
1777026151941972931,537.299,0,-1.8600,-0.1630,1.8671,-174.992,nan,nan,nan,3.428
1777026152043689870,537.401,0,-1.8702,-0.0470,1.8708,-178.562,nan,nan,nan,3.608
1777026152144242497,537.501,0,-1.8710,0.0756,1.8725,177.687,nan,nan,nan,2.931
1777026152242777982,537.600,0,-1.8661,0.1824,1.8750,174.416,nan,nan,nan,3.722
1777026152342573760,537.700,0,-1.8544,0.2913,1.8771,171.073,nan,nan,nan,2.435
1777026152442328593,537.799,0,-1.8335,0.3924,1.8750,167.920,nan,nan,nan,3.195
1777026152542935461,537.900,0,-1.7955,0.5368,1.8740,163.356,nan,nan,nan,2.162
1777026152642560091,538.000,0,-1.7431,0.6864,1.8733,158.505,nan,nan,nan,3.628
1777026152742061851,538.099,0,-1.6790,0.8290,1.8725,153.723,nan,nan,nan,1.643
1777026152843554604,538.201,0,-1.6223,0.9324,1.8712,150.112,nan,nan,nan,3.168
1777026152943220308,538.300,0,-1.5637,1.0149,1.8642,147.014,nan,nan,nan,4.114
1777026153042255292,538.399,0,-1.4968,1.1009,1.8580,143.666,nan,nan,nan,2.309
1777026153143518824,538.501,0,-1.4236,1.1864,1.8531,140.192,nan,nan,nan,3.207
1777026153243908378,538.601,0,-1.3470,1.2652,1.8480,136.795,nan,nan,nan,4.229
1777026153341787198,538.699,0,-1.2647,1.3407,1.8430,133.329,nan,nan,nan,1.193
1777026153441124366,538.798,0,-1.2099,1.3850,1.8391,131.140,nan,nan,nan,6.783
1777026153540920811,538.898,0,-1.0890,1.4743,1.8329,126.451,nan,nan,nan,0.461
1777026153640290738,538.997,0,-1.0014,1.5292,1.8279,123.217,nan,nan,nan,0.057
1777026153740408125,539.098,0,-0.9036,1.5830,1.8227,119.718,nan,nan,nan,0.157
1777026153840755883,539.198,0,-0.7979,1.6347,1.8190,116.016,nan,nan,nan,0.044
1777026153942867561,539.300,0,-0.6980,1.6746,1.8143,112.628,nan,nan,nan,2.004
1777026154040958306,539.398,0,-0.5936,1.7095,1.8096,109.150,nan,nan,nan,0.296
1777026154141110694,539.498,0,-0.4873,1.7385,1.8054,105.657,nan,nan,nan,0.017
1777026154240265344,539.597,0,-0.3824,1.7603,1.8014,102.257,nan,nan,nan,1.889
1777026154341469228,539.699,0,-0.2767,1.7761,1.7975,98.855,nan,nan,nan,0.353
1777026154440097861,539.797,0,-0.1670,1.7858,1.7936,95.343,nan,nan,nan,1.989
1777026154543341554,539.901,0,-0.0577,1.7884,1.7894,91.847,nan,nan,nan,1.794
1777026154641679799,539.999,0,0.0494,1.7851,1.7858,88.415,nan,nan,nan,0.218
1777026154742085908,540.099,0,0.1598,1.7748,1.7819,84.855,-5373.51,1155.82,1248.58,0.676
1777026154842594443,540.200,0,0.2672,1.7589,1.7790,81.363,-3053.10,691.33,746.81,0.825
1777026154941799167,540.299,0,0.3761,1.7358,1.7761,77.775,-2043.60,491.14,530.55,0.243
1777026155040389411,540.398,0,0.4789,1.7072,1.7731,74.330,-1504.48,385.69,416.64,2.067
1777026155141783906,540.499,0,0.5756,1.6698,1.7663,70.979,-1163.81,320.88,346.63,1.995
1777026155240475206,540.598,0,0.7032,1.6181,1.7642,66.512,-856.12,262.69,283.77,2.094
1777026155342262236,540.699,0,0.9525,1.4819,1.7616,57.270,-473.73,193.93,209.49,0.660
1777026155442444587,540.800,0,1.2435,1.2451,1.7597,45.038,-189.21,148.54,160.46,0.232
1777026155541376534,540.899,0,1.4680,0.9679,1.7584,33.399,-13.75,125.82,135.92,1.706
1777026155644255968,541.001,1,1.6305,0.6568,1.7578,21.940,117.88,113.29,122.38,0.189
1777026155745098631,541.102,1,1.7337,0.3170,1.7624,10.363,230.72,106.54,115.09,1.211
1777026155843913912,541.201,1,1.7577,-0.0300,1.7579,-0.978,333.31,105.09,113.52,0.227
1777026155945423462,541.303,1,1.7325,-0.3077,1.7596,-10.071,415.67,106.61,115.17,0.873
1777026156043457356,541.401,1,1.7126,-0.4138,1.7619,-13.584,448.52,107.85,116.51,0.024
1777026156143717725,541.501,1,1.6949,-0.4777,1.7609,-15.739,469.15,108.98,117.72,0.043
1777026156244307056,541.601,1,1.6327,-0.6711,1.7653,-22.343,535.43,113.13,122.21,0.456
1777026156344654387,541.702,0,1.4726,-0.9666,1.7615,-33.280,661.32,125.43,135.49,1.148
1777026156445370699,541.803,0,1.2437,-1.2505,1.7637,-45.155,840.41,148.51,160.43,1.863
1777026156545572957,541.903,0,0.9673,-1.4778,1.7663,-56.793,1108.40,190.95,206.27,2.255
1777026156644954217,542.002,0,0.6710,-1.6352,1.7676,-67.689,1574.86,275.26,297.34,0.948
1777026156743112463,542.100,0,0.4892,-1.7001,1.7691,-73.948,2107.75,377.60,407.90,0.459
1777026156843299221,542.200,0,0.4323,-1.7160,1.7696,-75.860,2361.21,427.28,461.57,2.490
1777026156944282217,542.301,0,0.3324,-1.7390,1.7704,-79.179,3008.87,555.71,600.30,0.100
1777026157044209753,542.401,0,0.2226,-1.7570,1.7710,-82.778,4373.50,829.63,896.20,0.069
1777026157143072423,542.500,0,0.1069,-1.7703,1.7736,-86.544,8820.81,1727.71,1866.36,0.814
1777026157242487702,542.600,0,0.0008,-1.7771,1.7771,-89.975,nan,nan,nan,1.731
1777026157343344568,542.701,0,-0.0516,-1.7825,1.7832,-91.657,nan,nan,nan,0.980
1777026157441394240,542.799,0,-0.0866,-1.7877,1.7898,-92.772,nan,nan,nan,4.208
1777026157542440718,542.900,0,-0.1233,-1.7891,1.7934,-93.942,nan,nan,nan,3.656
1777026157641291813,542.998,0,-0.1587,-1.7941,1.8011,-95.056,nan,nan,nan,2.457
1777026157741633885,543.099,0,-0.2015,-1.7991,1.8103,-96.391,nan,nan,nan,3.168
1777026157841608477,543.199,0,-0.2416,-1.8038,1.8199,-97.628,nan,nan,nan,4.420
1777026157941944124,543.299,0,-0.2825,-1.8129,1.8348,-98.858,nan,nan,nan,3.834
1777026158042036752,543.399,0,-0.3254,-1.8168,1.8457,-100.155,nan,nan,nan,3.092
1777026158144876039,543.502,0,-0.3687,-1.8215,1.8585,-101.443,nan,nan,nan,0.489
1777026158243916652,543.601,0,-0.4227,-1.8280,1.8762,-103.022,nan,nan,nan,1.808
1777026158344260668,543.701,0,-0.4681,-1.8357,1.8945,-104.306,nan,nan,nan,1.405
1777026158442449062,543.800,0,-0.5050,-1.8440,1.9119,-105.314,nan,nan,nan,2.978
1777026158543018949,543.900,0,-0.5581,-1.8509,1.9332,-106.779,nan,nan,nan,2.941
1777026158642637430,544.000,0,-0.6062,-1.8589,1.9552,-108.063,nan,nan,nan,3.294
1777026158743449168,544.101,0,-0.6474,-1.8643,1.9735,-109.150,nan,nan,nan,2.948
1777026158841885561,544.199,0,-0.7022,-1.8693,1.9968,-110.589,nan,nan,nan,4.317
1777026158941420858,544.299,0,-0.7569,-1.8795,2.0261,-111.935,nan,nan,nan,3.658
1777026159041564745,544.399,0,-0.7853,-1.8974,2.0535,-112.483,nan,nan,nan,4.213
1777026159142725463,544.500,0,-0.7684,-1.9300,2.0773,-111.709,nan,nan,nan,3.069
1777026159241857965,544.599,0,-0.7415,-1.9653,2.1005,-110.671,nan,nan,nan,2.675
1777026159344412252,544.702,0,-0.7155,-2.0009,2.1249,-109.677,nan,nan,nan,1.514
1777026159443488551,544.801,0,-0.6777,-2.0344,2.1443,-108.424,nan,nan,nan,2.569
1777026159543294625,544.900,0,-0.6146,-2.0706,2.1599,-106.533,nan,nan,nan,4.938
1777026159644226584,545.001,0,-0.5287,-2.1068,2.1721,-104.086,nan,nan,nan,1.923
1777026159745007784,545.102,0,-0.4527,-2.1453,2.1925,-101.916,nan,nan,nan,1.751
1777026159844583748,545.202,0,-0.3669,-2.1770,2.2077,-99.567,nan,nan,nan,2.113
1777026159946140261,545.303,0,-0.2777,-2.2058,2.2233,-97.176,nan,nan,nan,0.625
1777026160041710552,545.399,0,-0.2060,-2.2214,2.2310,-95.298,nan,nan,nan,3.367
1777026160141914495,545.499,0,-0.1185,-2.2407,2.2438,-93.027,nan,nan,nan,2.224
1777026160242371678,545.600,0,-0.0273,-2.2543,2.2545,-90.694,nan,nan,nan,3.368
1777026160343189822,545.700,0,0.0687,-2.2594,2.2604,-88.258,17196.26,2688.26,2903.99,2.843
1777026160444419855,545.802,0,0.1802,-2.2530,2.2602,-85.427,6739.62,1025.04,1107.30,2.734
1777026160543446449,545.901,0,0.2737,-2.2447,2.2614,-83.048,4532.57,674.86,729.01,3.986
1777026160643790096,546.001,0,0.3770,-2.2292,2.2608,-80.400,3358.11,489.91,529.22,3.939
1777026160745147591,546.102,0,0.4744,-2.2093,2.2597,-77.880,2713.84,389.33,420.57,4.623
1777026160846098957,546.203,0,0.5745,-2.1805,2.2550,-75.239,2271.91,321.50,347.30,1.641
1777026160949750908,546.307,0,0.6611,-2.1492,2.2486,-72.902,1992.51,279.39,301.81,1.886
1777026161043777759,546.401,0,0.7440,-2.1144,2.2415,-70.615,1782.70,248.26,268.19,3.312
1777026161143661722,546.501,0,0.8279,-2.0716,2.2309,-68.215,1608.34,223.10,241.00,3.448
1777026161244361645,546.602,0,0.9141,-2.0183,2.2156,-65.633,1457.34,202.06,218.27,3.543
1777026161344118811,546.701,0,0.9880,-1.9681,2.2022,-63.342,1346.56,186.95,201.95,3.124
1777026161444763697,546.802,0,1.0621,-1.9121,2.1873,-60.948,1248.20,173.90,187.86,4.709
1777026161543773792,546.901,0,1.1397,-1.8518,2.1744,-58.390,1158.21,162.07,175.07,3.044
1777026161643407274,547.001,0,1.2200,-1.7906,2.1667,-55.731,1077.58,151.40,163.55,1.421
1777026161743092682,547.100,0,1.2902,-1.7308,2.1588,-53.298,1012.85,143.16,154.65,3.129
1777026161843496291,547.201,0,1.3611,-1.6598,2.1465,-50.647,950.23,135.71,146.60,3.042
1777026161944294843,547.301,0,1.4309,-1.5886,2.1380,-47.990,894.18,129.09,139.45,3.863
1777026162043747973,547.401,0,1.5069,-1.5069,2.1311,-45.001,837.64,122.58,132.41,2.876
1777026162145305208,547.502,0,1.5792,-1.4170,2.1217,-41.902,784.93,116.96,126.35,3.505
1777026162244854376,547.602,0,1.6312,-1.3404,2.1113,-39.410,746.15,113.23,122.32,3.136
1777026162346147112,547.703,0,1.6864,-1.2544,2.1018,-36.643,706.19,109.53,118.31,3.824
1777026162443761785,547.801,0,1.7264,-1.1793,2.0907,-34.338,675.05,106.99,115.58,2.340
1777026162544331393,547.901,0,1.7289,-1.1381,2.0699,-33.357,662.31,106.84,115.41,2.835
1777026162643594450,548.001,0,1.7319,-1.1036,2.0536,-32.506,651.49,106.65,115.21,2.595
1777026162742569527,548.100,0,1.7318,-1.0711,2.0363,-31.737,641.89,106.66,115.22,1.436
1777026162845546461,548.203,1,1.7326,-1.0334,2.0174,-30.814,630.57,106.61,115.16,4.095
1777026162946751086,548.304,1,1.7293,-1.0037,1.9995,-30.132,622.35,106.81,115.38,3.125
1777026163042911060,548.400,1,1.7250,-0.9786,1.9832,-29.565,615.61,107.08,115.67,0.539
1777026163143610132,548.501,1,1.7230,-0.9472,1.9662,-28.799,606.60,107.20,115.81,1.518
1777026163242862466,548.600,1,1.7208,-0.9136,1.9483,-27.963,596.94,107.34,115.95,0.914
1777026163343772537,548.701,1,1.7248,-0.8768,1.9349,-26.945,585.36,107.09,115.68,0.867
1777026163446079381,548.803,1,1.7133,-0.8634,1.9185,-26.744,583.10,107.81,116.46,3.328
1777026163544769976,548.902,1,1.6993,-0.8545,1.9021,-26.694,582.54,108.69,117.42,0.833
1777026163644129700,549.001,1,1.6907,-0.8439,1.8896,-26.524,580.63,109.25,118.01,1.410
1777026163743632460,549.101,1,1.6820,-0.8374,1.8790,-26.466,579.98,109.81,118.62,1.378
1777026163844451605,549.202,1,1.6773,-0.8309,1.8718,-26.353,578.72,110.12,118.96,2.149
1777026163944460252,549.302,1,1.6576,-0.8339,1.8555,-26.706,582.67,111.43,120.37,2.403
1777026164046045672,549.403,1,1.6508,-0.8166,1.8417,-26.321,578.36,111.89,120.87,2.972
1777026164145723135,549.503,1,1.6301,-0.8448,1.8360,-27.396,590.45,113.31,122.41,2.391
1777026164245552561,549.603,1,1.5901,-0.9101,1.8321,-29.783,618.19,116.16,125.48,2.604
1777026164352585538,549.710,0,1.5421,-0.9871,1.8310,-32.624,652.98,119.78,129.39,1.582
1777026164443400973,549.801,0,1.5003,-1.0500,1.8313,-34.987,683.64,123.11,132.99,0.233
1777026164544057341,549.901,0,1.4466,-1.1287,1.8348,-37.962,724.87,127.69,137.93,1.088
1777026164644231821,550.001,0,1.3821,-1.2113,1.8378,-41.232,774.22,133.64,144.36,0.751
1777026164743301805,550.100,0,1.3192,-1.2863,1.8425,-44.276,824.83,140.01,151.25,0.219
1777026164843459600,550.201,0,1.2471,-1.3647,1.8487,-47.579,886.02,148.11,159.99,0.628
1777026164944092930,550.301,0,1.1649,-1.4368,1.8497,-50.966,957.38,158.56,171.28,0.110
1777026165042955081,550.400,0,1.0748,-1.5041,1.8486,-54.452,1042.58,171.86,185.65,0.881
1777026165143712485,550.501,0,0.9891,-1.5709,1.8564,-57.805,1139.45,186.75,201.73,0.421
1777026165244283075,550.601,0,0.8910,-1.6435,1.8695,-61.537,1270.97,207.30,223.94,0.450
1777026165352257679,550.709,0,0.8092,-1.7043,1.8867,-64.602,1405.20,228.26,246.58,0.181
1777026165443832927,550.801,0,0.7223,-1.7650,1.9070,-67.745,1578.35,255.74,276.26,0.280
1777026165543626927,550.901,0,0.6277,-1.8181,1.9234,-70.951,1810.51,294.24,317.85,2.266
1777026165644429016,551.002,0,0.5229,-1.8747,1.9462,-74.416,2164.17,353.26,381.61,0.180
1777026165742948520,551.100,0,0.4167,-1.9244,1.9690,-77.781,2693.84,443.23,478.79,1.779
1777026165844749421,551.202,0,0.2997,-1.9689,1.9915,-81.346,3695.69,616.40,665.87,0.393
1777026165943065407,551.300,0,0.1843,-2.0113,2.0197,-84.763,5922.59,1002.00,1082.41,1.650
1777026166043730348,551.401,0,0.0590,-2.0482,2.0490,-88.351,18145.24,3132.25,3383.60,1.864
1777026166146406654,551.504,0,-0.0612,-2.0835,2.0844,-91.683,nan,nan,nan,1.573
1777026166243916902,551.601,0,-0.1885,-2.1101,2.1185,-95.105,nan,nan,nan,1.459
1777026166344928342,551.702,0,-0.3146,-2.1325,2.1556,-98.391,nan,nan,nan,0.305
1777026166444192825,551.801,0,-0.4270,-2.1523,2.1943,-101.221,nan,nan,nan,0.773
1777026166544765897,551.902,0,-0.5122,-2.1762,2.2357,-103.245,nan,nan,nan,0.879
1777026166644601174,552.002,0,-0.5653,-2.2054,2.2767,-104.376,nan,nan,nan,0.858
1777026166744741747,552.102,0,-0.5942,-2.2414,2.3188,-104.848,nan,nan,nan,0.350
1777026166842943252,552.200,0,-0.6239,-2.2776,2.3615,-105.320,nan,nan,nan,2.377
1777026166946449444,552.304,0,-0.6586,-2.3113,2.4033,-105.906,nan,nan,nan,1.199
1777026167043673063,552.401,0,-0.6991,-2.3442,2.4463,-106.606,nan,nan,nan,2.161
1777026167145394556,552.503,0,-0.7336,-2.3790,2.4895,-107.137,nan,nan,nan,0.278
1777026167243742764,552.601,0,-0.8052,-2.3938,2.5256,-108.591,nan,nan,nan,2.140
1777026167345324777,552.702,0,-0.9444,-2.3693,2.5506,-111.731,nan,nan,nan,1.087
1777026167444650593,552.802,0,-1.0947,-2.3413,2.5846,-115.059,nan,nan,nan,1.545
1777026167543623818,552.901,0,-1.2357,-2.3094,2.6192,-118.151,nan,nan,nan,2.540
1777026167644670666,553.002,0,-1.3728,-2.2703,2.6531,-121.161,nan,nan,nan,1.728
1777026167742231099,553.099,0,-1.5016,-2.2271,2.6860,-123.989,nan,nan,nan,3.244
1777026167843308576,553.200,0,-1.6476,-2.1692,2.7239,-127.218,nan,nan,nan,2.861
1777026167943540093,553.301,0,-1.7729,-2.1044,2.7517,-130.112,nan,nan,nan,3.038
1777026168042070634,553.399,0,-1.8896,-2.0282,2.7721,-132.973,nan,nan,nan,4.495
1777026168142993260,553.500,0,-2.0237,-1.9281,2.7952,-136.385,nan,nan,nan,4.049
1777026168243136314,553.600,0,-2.1221,-1.8394,2.8084,-139.082,nan,nan,nan,2.571
1777026168343064517,553.700,0,-2.2461,-1.7260,2.8327,-142.459,nan,nan,nan,3.651
1777026168442591721,553.800,0,-2.3372,-1.6286,2.8486,-145.130,nan,nan,nan,4.158
1777026168543597273,553.901,0,-2.4432,-1.5109,2.8727,-148.267,nan,nan,nan,3.701
1777026168643368143,554.001,0,-2.5292,-1.3948,2.8883,-151.123,nan,nan,nan,4.556
1777026168740927798,554.098,0,-2.6206,-1.2561,2.9061,-154.392,nan,nan,nan,2.009
1777026168841719443,554.199,0,-2.7091,-1.1145,2.9294,-157.637,nan,nan,nan,2.826
1777026168942013349,554.299,0,-2.7794,-0.9686,2.9433,-160.788,nan,nan,nan,2.680
1777026169040687278,554.398,0,-2.8465,-0.8238,2.9633,-163.860,nan,nan,nan,0.774
1777026169141295164,554.498,0,-2.9071,-0.6891,2.9877,-166.664,nan,nan,nan,2.215
1777026169241296756,554.598,0,-2.9608,-0.5144,3.0052,-170.145,nan,nan,nan,1.865
1777026169347549735,554.705,0,-3.0143,-0.3489,3.0344,-173.398,nan,nan,nan,0.558
1777026169440727923,554.798,0,-3.0448,-0.2034,3.0516,-176.178,nan,nan,nan,1.026
1777026169540229572,554.897,0,-3.0769,-0.0434,3.0772,-179.193,nan,nan,nan,0.278
1777026169641690566,554.999,0,-3.0975,0.1172,3.0998,177.833,nan,nan,nan,1.653
1777026169741642288,555.099,0,-3.1026,0.2656,3.1139,175.107,nan,nan,nan,1.781
1777026169842302322,555.199,0,-3.0993,0.4042,3.1255,172.569,nan,nan,nan,2.015
1777026169940730474,555.298,0,-3.0882,0.5305,3.1334,170.252,nan,nan,nan,0.285
1777026170040525678,555.398,0,-3.0686,0.6212,3.1309,168.556,nan,nan,nan,0.104
1777026170140696436,555.498,0,-3.0601,0.6432,3.1270,168.130,nan,nan,nan,0.979
1777026170237699963,555.595,0,-3.0485,0.6718,3.1216,167.572,nan,nan,nan,2.581
1777026170333607271,555.691,0,-3.0369,0.7077,3.1183,166.882,nan,nan,nan,0.547
1777026170437593980,555.795,0,-3.0218,0.7526,3.1141,166.015,nan,nan,nan,3.576
1777026170538257033,555.895,0,-3.0059,0.7933,3.1088,165.216,nan,nan,nan,2.151
1777026170631718553,555.989,0,-2.9884,0.8385,3.1038,164.327,nan,nan,nan,1.391
1777026170731428719,556.089,0,-2.9629,0.8988,3.0962,163.124,nan,nan,nan,0.925
1777026170832248697,556.189,0,-2.9381,0.9550,3.0894,161.993,nan,nan,nan,3.477
1777026170939545192,556.297,0,-2.9074,1.0184,3.0806,160.696,nan,nan,nan,1.816
1777026171039507562,556.397,0,-2.8764,1.0841,3.0740,159.348,nan,nan,nan,2.066
1777026171139035081,556.496,0,-2.8465,1.1423,3.0671,158.135,nan,nan,nan,2.499
1777026171240258650,556.597,0,-2.8140,1.2035,3.0605,156.845,nan,nan,nan,0.738
1777026171340414205,556.698,0,-2.7797,1.2615,3.0526,155.590,nan,nan,nan,1.182
1777026171441231960,556.798,0,-2.7496,1.3095,3.0455,154.535,nan,nan,nan,1.653
1777026171542175753,556.899,0,-2.7158,1.3607,3.0377,153.387,nan,nan,nan,0.129
1777026171639491372,556.997,0,-2.6752,1.4181,3.0278,152.072,nan,nan,nan,4.422
1777026171737697914,557.095,0,-2.6459,1.4551,3.0196,151.192,nan,nan,nan,4.060
1777026171840670607,557.198,0,-2.6024,1.5124,3.0099,149.837,nan,nan,nan,2.254
1777026171940314126,557.297,0,-2.5631,1.5614,3.0012,148.651,nan,nan,nan,2.112
1777026172039229277,557.396,0,-2.5244,1.6028,2.9902,147.587,nan,nan,nan,3.325
1777026172139195850,557.496,0,-2.4836,1.6470,2.9800,146.450,nan,nan,nan,3.455
1777026172239487311,557.597,0,-2.4436,1.6887,2.9703,145.353,nan,nan,nan,3.157
1777026172338565276,557.696,0,-2.4100,1.7193,2.9604,144.496,nan,nan,nan,3.406
1777026172439551680,557.797,0,-2.3640,1.7607,2.9476,143.322,nan,nan,nan,3.131
1777026172540556435,557.898,0,-2.3230,1.7990,2.9382,142.245,nan,nan,nan,2.114
1777026172646958562,558.004,0,-2.2780,1.8378,2.9269,141.104,nan,nan,nan,3.682
1777026172738679754,558.096,0,-2.2388,1.8704,2.9173,140.124,nan,nan,nan,4.024
1777026172846653654,558.204,0,-2.2098,1.8853,2.9047,139.531,nan,nan,nan,0.805
1777026172947271670,558.304,0,-2.2355,1.8413,2.8962,140.522,nan,nan,nan,3.936
1777026173039567268,558.397,0,-2.2552,1.8048,2.8885,141.331,nan,nan,nan,3.990
1777026173139944543,558.497,0,-2.2782,1.7629,2.8806,142.266,nan,nan,nan,3.466
1777026173240169505,558.597,0,-2.3016,1.7359,2.8828,142.977,nan,nan,nan,3.628
1777026173338334769,558.695,0,-2.3253,1.6888,2.8739,144.010,nan,nan,nan,2.790
1777026173440134281,558.797,0,-2.3132,1.6802,2.8590,144.007,nan,nan,nan,0.860
1777026173540571427,558.898,0,-2.2943,1.6950,2.8525,143.543,nan,nan,nan,3.782
1777026173640317149,558.997,0,-2.2878,1.7045,2.8530,143.313,nan,nan,nan,1.230
1777026173739957187,559.097,0,-2.2701,1.7011,2.8367,143.153,nan,nan,nan,4.180
1777026173840367981,559.198,0,-2.2185,1.7439,2.8219,141.829,nan,nan,nan,3.658
1777026173942441899,559.300,0,-2.1713,1.7924,2.8155,140.460,nan,nan,nan,2.518
1777026174039647092,559.397,0,-2.1361,1.8201,2.8064,139.566,nan,nan,nan,3.457
1777026174141631530,559.499,0,-2.0887,1.8569,2.7948,138.361,nan,nan,nan,2.578
1777026174241795066,559.599,0,-2.0501,1.8850,2.7850,137.402,nan,nan,nan,2.660
1777026174340106089,559.697,0,-2.0161,1.9072,2.7753,136.591,nan,nan,nan,3.977
1777026174440698456,559.798,0,-1.9776,1.9270,2.7612,135.743,nan,nan,nan,4.360
1777026174541144213,559.898,0,-1.9343,1.9575,2.7520,134.658,nan,nan,nan,3.358
1777026174641543341,559.999,0,-1.8952,1.9766,2.7384,133.795,nan,nan,nan,3.224
1777026174741557840,560.099,0,-1.8554,1.9987,2.7272,132.871,nan,nan,nan,3.667
1777026174843214408,560.200,0,-1.8154,2.0178,2.7143,131.977,nan,nan,nan,1.948
1777026174942315521,560.299,0,-1.7787,2.0339,2.7019,131.171,nan,nan,nan,2.919
1777026175043437332,560.401,0,-1.7422,2.0489,2.6895,130.376,nan,nan,nan,2.490
1777026175141749781,560.499,0,-1.7101,2.0615,2.6785,129.677,nan,nan,nan,4.629
1777026175242067964,560.599,0,-1.6649,2.0787,2.6633,128.692,nan,nan,nan,3.663
1777026175343667847,560.701,0,-1.6200,2.0975,2.6503,127.682,nan,nan,nan,2.407
1777026175442634609,560.800,0,-1.5804,2.1098,2.6361,126.835,nan,nan,nan,3.378
1777026175542461016,560.900,0,-1.5515,2.1160,2.6239,126.250,nan,nan,nan,4.622
1777026175645060674,561.002,0,-1.5154,2.1258,2.6106,125.484,nan,nan,nan,1.432
1777026175742754902,561.100,0,-1.4702,2.1395,2.5960,124.497,nan,nan,nan,3.485
1777026175843599176,561.201,0,-1.4378,2.1471,2.5840,123.808,nan,nan,nan,2.230
1777026175945575503,561.303,0,-1.3897,2.1639,2.5717,122.709,nan,nan,nan,0.418
1777026176045677650,561.403,0,-1.3698,2.1604,2.5581,122.377,nan,nan,nan,1.093
1777026176143559156,561.501,0,-1.3705,2.1403,2.5415,122.633,nan,nan,nan,2.864
1777026176243401692,561.601,0,-1.3683,2.1225,2.5253,122.807,nan,nan,nan,3.396
1777026176342848675,561.700,0,-1.3638,2.1112,2.5134,122.861,nan,nan,nan,2.413
1777026176443008285,561.800,0,-1.3569,2.0976,2.4982,122.897,nan,nan,nan,3.040
1777026176545548128,561.903,0,-1.3531,2.0831,2.4840,123.007,nan,nan,nan,1.311
1777026176644592852,562.002,0,-1.3516,2.0682,2.4707,123.165,nan,nan,nan,3.156
1777026176742135859,562.099,0,-1.3501,2.0553,2.4591,123.301,nan,nan,nan,3.110
1777026176843364225,562.201,0,-1.3526,2.0379,2.4459,123.572,nan,nan,nan,1.210
1777026176945683254,562.303,0,-1.3521,2.0234,2.4336,123.753,nan,nan,nan,1.526
1777026177044231609,562.401,0,-1.3483,2.0134,2.4232,123.810,nan,nan,nan,2.827
1777026177143371648,562.501,0,-1.3490,1.9996,2.4121,124.004,nan,nan,nan,4.645
1777026177242426298,562.600,0,-1.3478,1.9893,2.4029,124.118,nan,nan,nan,1.920
1777026177342941203,562.700,0,-1.3230,1.9970,2.3955,123.525,nan,nan,nan,3.870
1777026177442257205,562.799,0,-1.2914,2.0116,2.3905,122.698,nan,nan,nan,2.911
1777026177542716147,562.900,0,-1.2715,2.0152,2.3828,122.251,nan,nan,nan,3.176
1777026177642923071,563.000,0,-1.2439,2.0240,2.3757,121.575,nan,nan,nan,3.031
1777026177741458742,563.099,0,-1.2246,2.0292,2.3701,121.111,nan,nan,nan,1.729
1777026177842453831,563.200,0,-1.2012,2.0365,2.3644,120.534,nan,nan,nan,2.685
1777026177942073053,563.299,0,-1.1838,2.0405,2.3590,120.121,nan,nan,nan,1.534
1777026178041734961,563.399,0,-1.1473,2.0554,2.3540,119.169,nan,nan,nan,1.609
1777026178142682179,563.500,0,-1.1332,2.0579,2.3493,118.839,nan,nan,nan,0.401
1777026178243450102,563.601,0,-1.1264,2.0576,2.3458,118.698,nan,nan,nan,3.084
1777026178352732924,563.710,0,-1.1042,2.0650,2.3417,118.135,nan,nan,nan,3.614
1777026178443733210,563.801,0,-1.0924,2.0679,2.3387,117.845,nan,nan,nan,3.531
1777026178541975974,563.899,0,-1.0850,2.0700,2.3371,117.661,nan,nan,nan,1.602
1777026178642497546,564.000,0,-1.0727,2.0741,2.3351,117.346,nan,nan,nan,0.946
1777026178742645341,564.100,0,-1.0616,2.0789,2.3343,117.052,nan,nan,nan,2.156
1777026178841863121,564.199,0,-1.0498,2.0844,2.3338,116.732,nan,nan,nan,0.702
1777026178941670991,564.299,0,-1.0375,2.0900,2.3334,116.400,nan,nan,nan,0.981
1777026179042880819,564.400,0,-1.0186,2.1001,2.3341,115.874,nan,nan,nan,1.447
1777026179142243672,564.499,0,-1.0038,2.1093,2.3360,115.450,nan,nan,nan,0.571
1777026179240689380,564.598,0,-0.9938,2.1156,2.3374,115.162,nan,nan,nan,0.408
1777026179340625954,564.698,0,-0.9765,2.1268,2.3403,114.661,nan,nan,nan,0.176
1777026179440788934,564.798,0,-0.9630,2.1357,2.3428,114.272,nan,nan,nan,0.912
1777026179541727134,564.899,0,-0.9506,2.1448,2.3461,113.904,nan,nan,nan,0.231
1777026179640963117,564.998,0,-0.9390,2.1538,2.3496,113.555,nan,nan,nan,0.159
1777026179740058156,565.097,0,-0.9362,2.1590,2.3532,113.443,nan,nan,nan,1.707
1777026179841080467,565.198,0,-0.9228,2.1645,2.3530,113.091,nan,nan,nan,0.722
1777026179944661325,565.302,0,-0.9199,2.1720,2.3587,112.954,nan,nan,nan,3.236
1777026180042034110,565.399,0,-0.9083,2.1906,2.3714,112.521,nan,nan,nan,0.172
1777026180143050328,565.500,0,-0.8966,2.2021,2.3777,112.154,nan,nan,nan,0.323
1777026180240849316,565.598,0,-0.8836,2.2080,2.3782,111.810,nan,nan,nan,0.991
1777026180340489520,565.698,0,-0.8780,2.2179,2.3854,111.596,nan,nan,nan,1.386
1777026180440989536,565.798,0,-0.8626,2.2331,2.3939,111.120,nan,nan,nan,0.912
1777026180540512426,565.898,0,-0.8511,2.2471,2.4029,110.744,nan,nan,nan,1.324
1777026180640701998,565.998,0,-0.8415,2.2666,2.4178,110.369,nan,nan,nan,2.048
1777026180739798352,566.097,0,-0.8309,2.2806,2.4273,110.018,nan,nan,nan,3.536
1777026180839840444,566.197,0,-0.7790,2.3093,2.4372,108.640,nan,nan,nan,3.194
1777026180939674018,566.297,0,-0.7700,2.3235,2.4478,108.334,nan,nan,nan,3.044
1777026181040810865,566.398,0,-0.7541,2.3408,2.4593,107.857,nan,nan,nan,1.938
1777026181141228382,566.498,0,-0.7457,2.3550,2.4702,107.571,nan,nan,nan,2.045
1777026181241248288,566.598,0,-0.7287,2.3742,2.4835,107.063,nan,nan,nan,3.554
1777026181340929381,566.698,0,-0.7099,2.3892,2.4925,106.547,nan,nan,nan,2.525
1777026181441053380,566.798,0,-0.7057,2.3912,2.4932,106.443,nan,nan,nan,2.300
1777026181541498266,566.899,0,-0.6603,2.4070,2.4959,105.341,nan,nan,nan,2.046
1777026181641471673,566.999,0,-0.5961,2.4260,2.4982,103.804,nan,nan,nan,1.440
1777026181751720103,567.109,0,-0.5490,2.4397,2.5007,102.682,nan,nan,nan,0.405
1777026181847248172,567.204,0,-0.5090,2.4499,2.5022,101.738,nan,nan,nan,3.350
1777026181943321128,567.300,0,-0.4702,2.4582,2.5028,100.829,nan,nan,nan,0.857
1777026182040922764,567.398,0,-0.4505,2.4626,2.5035,100.368,nan,nan,nan,2.850
1777026182143988976,567.501,0,-0.4377,2.4647,2.5033,100.071,nan,nan,nan,0.136
1777026182242428350,567.600,0,-0.4282,2.4671,2.5039,99.847,nan,nan,nan,1.478
1777026182342255924,567.699,0,-0.4206,2.4735,2.5090,99.650,nan,nan,nan,1.851
1777026182441014779,567.798,0,-0.4086,2.4842,2.5176,99.340,nan,nan,nan,3.232
1777026182541882739,567.899,0,-0.4143,2.4870,2.5213,99.457,nan,nan,nan,3.078
1777026182641760294,567.999,0,-0.4085,2.4866,2.5199,99.329,nan,nan,nan,3.897
1777026182741572812,568.099,0,-0.3995,2.4930,2.5248,99.103,nan,nan,nan,4.482
1777026182841633404,568.199,0,-0.3796,2.5015,2.5301,98.628,nan,nan,nan,3.190
1777026182941795069,568.299,0,-0.3613,2.5091,2.5349,98.195,nan,nan,nan,2.675
1777026183041936679,568.399,0,-0.3485,2.5169,2.5410,97.883,nan,nan,nan,3.085
1777026183141539272,568.499,0,-0.3298,2.5263,2.5477,97.438,nan,nan,nan,4.337
1777026183241603715,568.599,0,-0.3224,2.5318,2.5523,97.256,nan,nan,nan,2.732
1777026183341767881,568.699,0,-0.3054,2.5398,2.5581,96.857,nan,nan,nan,3.772
1777026183441951564,568.799,0,-0.2977,2.5443,2.5617,96.674,nan,nan,nan,4.216
1777026183549203615,568.906,0,-0.2931,2.5509,2.5677,96.556,nan,nan,nan,3.425
1777026183643085985,569.000,0,-0.2950,2.5585,2.5754,96.577,nan,nan,nan,2.322
1777026183740875269,569.098,0,-0.2965,2.5632,2.5803,96.598,nan,nan,nan,3.451
1777026183841929228,569.199,0,-0.2987,2.5706,2.5879,96.628,nan,nan,nan,4.329
1777026183940935582,569.298,0,-0.3001,2.5775,2.5949,96.640,nan,nan,nan,3.779
1777026184044347274,569.402,0,-0.3016,2.5845,2.6020,96.656,nan,nan,nan,1.454
1777026184142282650,569.499,0,-0.3025,2.5914,2.6089,96.658,nan,nan,nan,3.888
1777026184244772827,569.602,0,-0.3043,2.5994,2.6172,96.678,nan,nan,nan,1.065
1777026184341264318,569.698,0,-0.3046,2.6058,2.6235,96.668,nan,nan,nan,3.675
1777026184442180407,569.799,0,-0.3045,2.6127,2.6304,96.648,nan,nan,nan,3.751
1777026184541915667,569.899,0,-0.3043,2.6188,2.6364,96.628,nan,nan,nan,3.697
1777026184642223294,569.999,0,-0.3035,2.6266,2.6441,96.590,nan,nan,nan,3.121
1777026184740792557,570.098,0,-0.3018,2.6336,2.6508,96.537,nan,nan,nan,1.844
1777026184841888720,570.199,0,-0.3007,2.6408,2.6579,96.496,nan,nan,nan,1.924
1777026184945768577,570.303,0,-0.2983,2.6485,2.6653,96.426,nan,nan,nan,1.482
1777026185042847771,570.400,0,-0.2960,2.6555,2.6720,96.360,nan,nan,nan,4.440
1777026185141536311,570.499,0,-0.2941,2.6616,2.6778,96.306,nan,nan,nan,2.948
1777026185242180364,570.599,0,-0.2861,2.6681,2.6834,96.120,nan,nan,nan,3.602
1777026185342301863,570.699,0,-0.2826,2.6743,2.6892,96.033,nan,nan,nan,1.337
1777026185442443195,570.800,0,-0.2788,2.6804,2.6949,95.939,nan,nan,nan,3.630
1777026185541795011,570.899,0,-0.2760,2.6866,2.7007,95.865,nan,nan,nan,2.357
1777026185641504511,570.999,0,-0.2707,2.6919,2.7055,95.742,nan,nan,nan,2.838
1777026185741199585,571.098,0,-0.2657,2.6985,2.7115,95.623,nan,nan,nan,2.325
1777026185842642006,571.200,0,-0.2616,2.7034,2.7160,95.527,nan,nan,nan,3.622
1777026185942315098,571.299,0,-0.2552,2.7087,2.7207,95.383,nan,nan,nan,2.361
1777026186041586674,571.399,0,-0.2533,2.7125,2.7243,95.335,nan,nan,nan,1.886
1777026186141879987,571.499,0,-0.2548,2.7164,2.7284,95.358,nan,nan,nan,1.649
1777026186243817554,571.601,0,-0.2543,2.7192,2.7311,95.343,nan,nan,nan,4.005
1777026186342371225,571.700,0,-0.2547,2.7204,2.7323,95.348,nan,nan,nan,2.280
1777026186442586908,571.800,0,-0.2448,2.7217,2.7327,95.139,nan,nan,nan,2.513
1777026186544177551,571.901,0,-0.2309,2.7232,2.7330,94.846,nan,nan,nan,3.911
1777026186641556151,571.999,0,-0.2144,2.7248,2.7333,94.499,nan,nan,nan,0.884
1777026186740827134,572.098,0,-0.1989,2.7255,2.7328,94.174,nan,nan,nan,0.662
1777026186841446538,572.199,0,-0.1877,2.7248,2.7313,93.941,nan,nan,nan,1.172
1777026186942952996,572.300,0,-0.1688,2.7235,2.7288,93.546,nan,nan,nan,1.850
1777026187041957887,572.399,0,-0.1297,2.7233,2.7264,92.726,nan,nan,nan,1.603
1777026187143608362,572.501,0,-0.1040,2.7212,2.7231,92.188,nan,nan,nan,0.805
1777026187243621084,572.601,0,-0.0615,2.7182,2.7189,91.296,nan,nan,nan,2.862
1777026187344309636,572.701,0,-0.0164,2.7135,2.7135,90.347,nan,nan,nan,3.384
1777026187445061855,572.802,0,0.0508,2.7063,2.7068,88.925,-27019.60,3637.39,3929.28,4.176
1777026187543305082,572.900,0,0.1114,2.6958,2.6981,87.634,-12091.41,1658.03,1791.08,2.542
1777026187643649192,573.001,0,0.1734,2.6843,2.6899,86.304,-7619.09,1065.33,1150.82,2.570
1777026187745462259,573.103,0,0.2560,2.6670,2.6793,84.517,-5020.79,721.52,779.42,4.064
1777026187843625857,573.201,0,0.3342,2.6462,2.6673,82.802,-3737.81,552.65,597.00,2.262
1777026187945829849,573.303,0,0.4117,2.6225,2.6546,81.077,-2943.49,448.61,484.61,2.341
1777026188043997095,573.401,0,0.4898,2.5940,2.6398,79.307,-2392.60,377.10,407.36,1.700
1777026188142653505,573.500,0,0.5588,2.5639,2.6241,77.704,-2029.53,330.54,357.07,0.842
1777026188246702603,573.604,0,0.6510,2.5240,2.6066,75.536,-1664.57,283.71,306.48,3.953
1777026188343518334,573.701,0,0.7090,2.4889,2.5879,74.100,-1476.68,260.54,281.45,1.449
1777026188445543661,573.803,0,0.7935,2.4418,2.5675,71.997,-1254.29,232.77,251.45,4.039
1777026188543865758,573.901,0,0.8594,2.3970,2.5464,70.275,-1106.47,214.92,232.17,1.028
1777026188643163296,574.000,0,0.9367,2.3444,2.5246,68.221,-959.61,197.19,213.01,0.733
1777026188744279384,574.101,0,1.0061,2.2889,2.5002,66.273,-842.76,183.60,198.33,1.440
1777026188845358473,574.203,0,1.0655,2.2355,2.4764,64.517,-751.95,173.36,187.27,2.587
1777026188944079828,574.301,0,1.1215,2.1805,2.4520,62.781,-672.96,164.69,177.91,1.734
1777026189043618940,574.401,0,1.1731,2.1227,2.4253,61.073,-603.84,157.45,170.08,0.825
1777026189144089308,574.501,0,1.2277,2.0572,2.3957,59.172,-535.18,150.45,162.52,0.159
1777026189243132625,574.600,0,1.2768,1.9926,2.3666,57.350,-476.18,144.66,156.27,0.366
1777026189344718378,574.702,0,1.3224,1.9282,2.3381,55.556,-423.55,139.67,150.88,2.113
1777026189442756235,574.800,0,1.3684,1.8569,2.3067,53.612,-371.68,134.98,145.81,0.056
1777026189542916419,574.900,0,1.4037,1.7925,2.2767,51.936,-330.66,131.59,142.15,0.087
1777026189643221621,575.000,0,1.4399,1.7209,2.2439,50.081,-288.66,128.28,138.57,0.053
1777026189743746730,575.101,0,1.4664,1.6531,2.2098,48.426,-253.87,125.96,136.07,0.254
1777026189844081783,575.201,0,1.4923,1.5835,2.1759,46.699,-219.90,123.77,133.71,0.404
1777026189943301989,575.300,0,1.5148,1.5104,2.1391,44.917,-187.05,121.94,131.72,0.592
1777026190043067544,575.400,0,1.5335,1.4407,2.1041,43.212,-157.46,120.45,130.11,0.948
1777026190143258450,575.500,0,1.5479,1.3719,2.0683,41.551,-130.20,119.33,128.91,0.139
1777026190243145542,575.600,0,1.5565,1.3068,2.0324,40.017,-106.23,118.67,128.19,0.542
1777026190342994653,575.700,0,1.5603,1.2395,1.9927,38.463,-83.04,118.38,127.88,1.360
1777026190444384963,575.802,0,1.5602,1.1758,1.9537,37.004,-62.13,118.39,127.89,0.284
1777026190544140018,575.901,0,1.5553,1.1200,1.9166,35.759,-44.93,118.76,128.29,0.357
1777026190643122132,576.000,0,1.5402,1.0880,1.8857,35.239,-37.91,119.93,129.55,0.975
1777026190744141406,576.101,0,1.5234,1.0545,1.8528,34.690,-30.59,121.24,130.97,0.099
1777026190846781211,576.204,0,1.5059,1.0174,1.8174,34.043,-22.09,122.66,132.50,2.225
1777026190944113441,576.301,0,1.4921,0.9798,1.7851,33.293,-12.39,123.79,133.73,1.194
1777026191045459954,576.403,0,1.4749,0.9449,1.7516,32.647,-4.17,125.23,135.28,0.650
1777026191142955406,576.500,1,1.4539,0.9139,1.7172,32.152,2.04,127.05,137.24,3.409
1777026191242835332,576.600,1,1.4253,0.8980,1.6846,32.214,1.27,129.60,140.00,1.737
1777026191343970864,576.701,0,1.3853,0.8968,1.6502,32.918,-7.60,133.34,144.04,0.870
1777026191445444099,576.803,0,1.3481,0.8928,1.6169,33.516,-15.26,137.02,148.01,0.630
1777026191543392457,576.901,0,1.3121,0.8900,1.5854,34.149,-23.47,140.78,152.07,1.437
1777026191645205543,577.002,0,1.2717,0.8889,1.5516,34.953,-34.08,145.24,156.90,0.789
1777026191743433233,577.101,0,1.2352,0.8892,1.5219,35.750,-44.81,149.54,161.54,1.765
1777026191843907064,577.201,0,1.1820,0.9072,1.4900,37.507,-69.26,156.27,168.81,1.584
1777026191950966374,577.308,0,1.1316,0.9212,1.4591,39.149,-93.15,163.23,176.33,4.009
1777026192043107750,577.400,0,1.0787,0.9411,1.4315,41.101,-123.06,171.23,184.97,2.934
1777026192142696176,577.500,0,1.0129,0.9729,1.4045,43.845,-168.25,182.35,196.98,3.531
1777026192244155764,577.601,0,0.9558,0.9944,1.3793,46.135,-209.27,193.25,208.76,2.255
1777026192342787934,577.700,0,0.8964,1.0179,1.3563,48.629,-258.02,206.05,222.58,3.932
1777026192444370132,577.802,0,0.8283,1.0468,1.3349,51.648,-323.92,223.01,240.90,1.922
1777026192543081968,577.900,0,0.7609,1.0752,1.3172,54.715,-400.50,242.75,262.23,4.293
1777026192643419707,578.001,0,0.6880,1.0977,1.2955,57.922,-494.06,268.47,290.01,3.627
1777026192743626150,578.101,0,0.6208,1.1153,1.2764,60.898,-597.19,297.53,321.40,4.034
1777026192843896037,578.201,0,0.5598,1.1295,1.2606,63.635,-710.61,329.93,356.40,2.701
1777026192942470504,578.300,0,0.4953,1.1423,1.2451,66.559,-858.78,372.93,402.85,2.613
1777026193043411500,578.401,0,0.4217,1.1527,1.2274,69.904,-1077.80,437.97,473.11,4.054
1777026193142966001,578.500,0,0.3486,1.1596,1.2109,73.271,-1382.47,529.93,572.46,2.254
1777026193244867253,578.602,0,0.2698,1.1612,1.1921,76.920,-1883.84,684.67,739.62,2.894
1777026193342745259,578.700,0,0.2050,1.1611,1.1790,79.988,-2581.82,901.15,973.46,3.059
1777026193444648456,578.802,0,0.1335,1.1579,1.1656,83.424,-4126.44,1383.84,1494.89,3.058
1777026193544967899,578.902,0,0.0645,1.1519,1.1537,86.795,-8837.56,2863.40,3093.18,3.089
1777026193644952491,579.002,0,-0.0015,1.1446,1.1446,90.076,nan,nan,nan,3.184
1777026193742812422,579.100,0,-0.0649,1.1355,1.1373,93.269,nan,nan,nan,3.127
1777026193842836218,579.200,0,-0.1297,1.1238,1.1313,96.584,nan,nan,nan,3.129
1777026193945147228,579.302,0,-0.1997,1.1095,1.1273,100.203,nan,nan,nan,3.215
1777026194043079104,579.400,0,-0.2584,1.0955,1.1256,103.271,nan,nan,nan,2.265
1777026194144357081,579.502,0,-0.3358,1.0725,1.1238,107.385,nan,nan,nan,3.474
1777026194244382154,579.602,0,-0.4144,1.0459,1.1250,111.615,nan,nan,nan,4.397
1777026194345485354,579.703,0,-0.5091,1.0053,1.1268,116.859,nan,nan,nan,2.452
1777026194445539927,579.803,0,-0.5801,0.9683,1.1288,120.925,nan,nan,nan,2.997
1777026194543738265,579.901,0,-0.6472,0.9289,1.1321,124.867,nan,nan,nan,3.207
1777026194643331062,580.000,0,-0.7173,0.8823,1.1371,129.108,nan,nan,nan,3.613
1777026194743054932,580.100,0,-0.7830,0.8328,1.1430,133.234,nan,nan,nan,2.694
1777026194844288427,580.201,0,-0.8517,0.7730,1.1502,137.773,nan,nan,nan,3.571
1777026194943301707,580.300,0,-0.9062,0.7203,1.1575,141.520,nan,nan,nan,2.978
1777026195044889683,580.402,0,-0.9654,0.6559,1.1672,145.808,nan,nan,nan,3.492
1777026195146670103,580.504,0,-1.0190,0.5885,1.1767,149.991,nan,nan,nan,3.171
1777026195344678459,580.702,0,-1.1332,0.4033,1.2028,160.409,nan,nan,nan,15.205
1777026195444284274,580.801,0,-1.1744,0.3142,1.2157,165.023,nan,nan,nan,3.561
1777026195543012981,580.900,0,-1.2135,0.2054,1.2307,170.391,nan,nan,nan,2.638
1777026195643815219,581.001,0,-1.2443,0.0917,1.2477,175.786,nan,nan,nan,2.776
1777026195742807314,581.100,0,-1.2639,-0.0127,1.2640,-179.424,nan,nan,nan,3.383
1777026195842713554,581.200,0,-1.2779,-0.1344,1.2849,-173.997,nan,nan,nan,0.700
1777026195942461943,581.300,0,-1.2772,-0.2495,1.3013,-168.947,nan,nan,nan,1.640
1777026196042027425,581.399,0,-1.2687,-0.3560,1.3177,-164.325,nan,nan,nan,0.291
1777026196142184016,581.499,0,-1.2542,-0.4408,1.3294,-160.637,nan,nan,nan,0.955
1777026196240800260,581.598,0,-1.2252,-0.5435,1.3403,-156.076,nan,nan,nan,0.918
1777026196341006166,581.698,0,-1.1876,-0.6481,1.3530,-151.379,nan,nan,nan,0.860
1777026196442840493,581.800,0,-1.1371,-0.7558,1.3654,-146.390,nan,nan,nan,0.879
1777026196542500623,581.900,0,-1.0790,-0.8542,1.3762,-141.634,nan,nan,nan,0.822
1777026196641871624,581.999,0,-1.0085,-0.9548,1.3888,-136.567,nan,nan,nan,0.237
1777026196742283992,582.099,0,-0.9337,-1.0432,1.4000,-131.832,nan,nan,nan,0.251
1777026196840958329,582.198,0,-0.8519,-1.1257,1.4118,-127.118,nan,nan,nan,3.457
1777026196942626582,582.300,0,-0.7615,-1.2017,1.4226,-122.364,nan,nan,nan,0.500
1777026197042173879,582.399,0,-0.6632,-1.2721,1.4346,-117.533,nan,nan,nan,1.379
1777026197145538960,582.503,0,-0.5597,-1.3328,1.4456,-112.779,nan,nan,nan,2.613
1777026197243600540,582.601,0,-0.4481,-1.3860,1.4566,-107.917,nan,nan,nan,0.867
1777026197343076115,582.700,0,-0.3353,-1.4281,1.4669,-103.214,nan,nan,nan,0.241
1777026197444516035,582.802,0,-0.2127,-1.4609,1.4763,-98.283,nan,nan,nan,1.674
1777026197543218261,582.900,0,-0.0905,-1.4833,1.4861,-93.490,nan,nan,nan,0.124
1777026197642493744,583.000,0,0.0331,-1.4949,1.4952,-88.733,nan,nan,nan,3.193
1777026197742405058,583.100,0,0.1580,-1.4961,1.5044,-83.973,5183.91,1169.30,1263.13,0.603
1777026197843607424,583.201,0,0.2879,-1.4889,1.5165,-79.057,2978.19,641.61,693.10,1.485
1777026197943324016,583.300,0,0.4307,-1.4710,1.5328,-73.682,2077.07,428.90,463.31,0.196
1777026198044467623,583.402,0,0.5578,-1.4389,1.5432,-68.812,1648.16,331.15,357.73,0.621
1777026198142930608,583.500,0,0.6781,-1.3918,1.5482,-64.025,1377.68,272.40,294.26,2.412
1777026198243374588,583.601,0,0.7701,-1.3511,1.5552,-60.319,1224.75,239.86,259.10,0.978
1777026198344892156,583.702,0,0.8494,-1.3173,1.5674,-57.187,1120.29,217.46,234.91,0.426
1777026198445069840,583.802,0,0.9211,-1.2761,1.5738,-54.176,1035.32,200.52,216.61,0.768
1777026198544438712,583.902,0,0.9821,-1.2389,1.5810,-51.594,971.76,188.07,203.16,0.292
1777026198644208063,584.001,0,1.0289,-1.2120,1.5898,-49.671,928.93,179.53,193.93,0.150
1777026198743202751,584.100,0,1.0651,-1.1869,1.5947,-48.096,896.31,173.43,187.34,1.931
1777026198843721026,584.201,0,1.0846,-1.1760,1.5998,-47.315,880.85,170.30,183.97,1.466
1777026198944057154,584.301,0,1.0969,-1.1724,1.6055,-46.907,872.97,168.39,181.91,1.645
1777026199045719500,584.403,0,1.1089,-1.1691,1.6114,-46.512,865.44,166.56,179.93,0.380
1777026199144071967,584.501,0,1.1199,-1.1662,1.6169,-46.161,858.85,164.93,178.17,1.812
1777026199243770152,584.601,0,1.1304,-1.1626,1.6215,-45.805,852.25,163.41,176.52,2.893
1777026199345182740,584.702,0,1.1436,-1.1578,1.6273,-45.354,844.00,161.52,174.48,0.346
1777026199443794577,584.801,0,1.1561,-1.1528,1.6326,-44.918,836.15,159.77,172.59,1.196
1777026199543867224,584.901,0,1.1696,-1.1481,1.6389,-44.471,828.23,157.93,170.60,1.566
1777026199643410076,585.001,0,1.1796,-1.1475,1.6456,-44.211,823.69,156.59,169.16,2.055
1777026199742575115,585.100,0,1.1795,-1.1548,1.6507,-44.395,826.91,156.60,169.17,2.386
1777026199843460667,585.201,0,1.1776,-1.1663,1.6574,-44.723,832.68,156.85,169.43,2.307
1777026199945016939,585.302,0,1.1688,-1.1846,1.6641,-45.383,844.53,158.03,170.71,0.574
1777026200044944587,585.402,0,1.1540,-1.2103,1.6723,-46.363,862.64,160.05,172.90,1.915
1777026200143642201,585.501,0,1.1368,-1.2374,1.6803,-47.428,883.06,162.49,175.52,2.484
1777026200243714256,585.601,0,1.1166,-1.2637,1.6863,-48.536,905.21,165.42,178.69,1.886
1777026200342911831,585.700,0,1.0887,-1.2932,1.6904,-49.907,934.01,169.66,183.28,3.047
1777026200452340190,585.809,0,1.0598,-1.3228,1.6949,-51.300,964.97,174.29,188.28,1.427
1777026200542621997,585.900,0,1.0294,-1.3469,1.6952,-52.611,995.89,179.44,193.84,3.408
1777026200645632209,586.003,0,0.9992,-1.3712,1.6966,-53.917,1028.61,184.85,199.69,0.673
1777026200743516215,586.101,0,0.9688,-1.3922,1.6961,-55.167,1061.86,190.66,205.96,2.555
1777026200845113765,586.202,0,0.9397,-1.4112,1.6954,-56.342,1095.10,196.57,212.34,0.758
1777026200943777676,586.301,0,0.9064,-1.4302,1.6932,-57.634,1134.08,203.77,220.13,2.471
1777026201043005733,586.400,0,0.8732,-1.4475,1.6904,-58.900,1175.10,211.54,228.52,3.222
1777026201143306416,586.500,0,0.8382,-1.4636,1.6867,-60.201,1220.48,220.36,238.05,3.050
1777026201243099546,586.600,0,0.7996,-1.4787,1.6810,-61.597,1273.34,231.00,249.53,4.122
1777026201344438263,586.702,0,0.7595,-1.4920,1.6742,-63.020,1332.39,243.18,262.70,2.461
1777026201443594931,586.801,0,0.7129,-1.5085,1.6685,-64.704,1410.18,259.08,279.87,3.456
1777026201542974358,586.900,0,0.6695,-1.5227,1.6634,-66.266,1491.51,275.89,298.03,4.150
1777026201642790377,587.000,0,0.6250,-1.5346,1.6570,-67.839,1584.27,295.52,319.24,3.897
1777026201743401263,587.101,0,0.5778,-1.5424,1.6471,-69.464,1694.21,319.67,345.32,3.629
1777026201844335833,587.201,0,0.5419,-1.5435,1.6359,-70.656,1786.08,340.87,368.23,3.204
1777026201944288147,587.301,0,0.5131,-1.5418,1.6249,-71.594,1866.39,360.01,388.90,2.443
1777026202043433631,587.401,0,0.4788,-1.5425,1.6151,-72.757,1977.67,385.81,416.77,1.745
1777026202144131257,587.501,0,0.4461,-1.5413,1.6046,-73.857,2097.20,414.04,447.26,1.658
1777026202244750310,587.602,0,0.4107,-1.5407,1.5945,-75.075,2249.41,449.76,485.85,3.214
1777026202342470002,587.700,0,0.3752,-1.5385,1.5836,-76.297,2428.76,492.36,531.87,2.928
1777026202442361798,587.800,0,0.3023,-1.5455,1.5748,-78.932,2947.37,610.96,659.99,3.331
1777026202542098983,587.899,0,0.2201,-1.5509,1.5665,-81.923,3939.86,839.19,906.53,2.405
1777026202641473780,587.999,0,0.1490,-1.5535,1.5606,-84.520,5672.75,1239.39,1338.85,1.257
1777026202740859874,588.098,0,0.0774,-1.5545,1.5565,-87.150,10629.09,2386.33,2577.82,1.142
1777026202840632540,588.198,0,-0.0069,-1.5526,1.5526,-90.255,nan,nan,nan,0.399
1777026202942103146,588.299,0,-0.1083,-1.5465,1.5502,-94.006,nan,nan,nan,1.953
1777026203041085186,588.398,0,-0.2226,-1.5310,1.5471,-98.271,nan,nan,nan,1.251
1777026203144136990,588.501,0,-0.3427,-1.5055,1.5440,-102.823,nan,nan,nan,2.910
1777026203242324884,588.599,0,-0.4606,-1.4699,1.5404,-107.399,nan,nan,nan,1.535
1777026203344915449,588.702,0,-0.5764,-1.4257,1.5378,-112.011,nan,nan,nan,3.685
1777026203441972791,588.799,0,-0.6768,-1.3781,1.5354,-116.155,nan,nan,nan,1.490
1777026203542028104,588.899,0,-0.7862,-1.3190,1.5355,-120.799,nan,nan,nan,1.075
1777026203649551413,589.007,0,-0.9034,-1.2371,1.5318,-126.139,nan,nan,nan,0.862
1777026203741874363,589.099,0,-1.0033,-1.1553,1.5301,-130.972,nan,nan,nan,0.175
1777026203842669896,589.200,0,-1.1032,-1.0577,1.5283,-136.206,nan,nan,nan,1.696
1777026203946469735,589.304,0,-1.2085,-0.9384,1.5301,-142.172,nan,nan,nan,3.488
1777026204042583858,589.400,0,-1.2860,-0.8304,1.5308,-147.150,nan,nan,nan,1.036
1777026204141874952,589.499,0,-1.3628,-0.7082,1.5358,-152.541,nan,nan,nan,0.171
1777026204243194132,589.600,0,-1.4242,-0.5688,1.5336,-158.230,nan,nan,nan,1.344
1777026204342460652,589.700,0,-1.4700,-0.4369,1.5335,-163.447,nan,nan,nan,1.303
1777026204442233337,589.799,0,-1.4971,-0.2949,1.5259,-168.857,nan,nan,nan,0.156
1777026204542188670,589.899,0,-1.5046,-0.1396,1.5111,-174.700,nan,nan,nan,0.731
1777026204646549655,590.004,0,-1.4990,0.0050,1.4990,179.810,nan,nan,nan,5.039
1777026204744641272,590.102,0,-1.4819,0.1246,1.4871,175.192,nan,nan,nan,2.271
1777026204846890449,590.204,0,-1.4599,0.2306,1.4780,171.022,nan,nan,nan,3.268
1777026204945443156,590.303,0,-1.4349,0.3067,1.4673,167.934,nan,nan,nan,3.177
1777026205043224940,590.400,0,-1.4106,0.3704,1.4584,165.287,nan,nan,nan,2.538
1777026205143993882,590.501,0,-1.3925,0.4084,1.4511,163.655,nan,nan,nan,2.326
1777026205244131251,590.601,0,-1.3856,0.4128,1.4458,163.409,nan,nan,nan,1.606
1777026205343069790,590.700,0,-1.3895,0.4073,1.4480,163.664,nan,nan,nan,0.180
1777026205444387100,590.802,0,-1.3928,0.3763,1.4428,164.881,nan,nan,nan,1.926
1777026205545234097,590.902,0,-1.3908,0.3714,1.4395,165.049,nan,nan,nan,2.357
1777026205645241503,591.002,0,-1.3869,0.3713,1.4358,165.012,nan,nan,nan,1.433
1777026205744220191,591.101,0,-1.3692,0.4034,1.4274,163.584,nan,nan,nan,0.734
1777026205843519266,591.201,0,-1.3525,0.4307,1.4194,162.336,nan,nan,nan,0.095
1777026205943548376,591.301,0,-1.3315,0.4407,1.4025,161.687,nan,nan,nan,0.443
1777026206043442728,591.401,0,-1.3061,0.4621,1.3854,160.515,nan,nan,nan,0.043
1777026206146538514,591.504,0,-1.2857,0.4728,1.3699,159.811,nan,nan,nan,3.447
1777026206243517874,591.601,0,-1.2622,0.4812,1.3508,159.129,nan,nan,nan,0.361
1777026206343319855,591.700,0,-1.2345,0.5018,1.3326,157.880,nan,nan,nan,0.721
1777026206445784347,591.803,0,-1.2098,0.5224,1.3177,156.645,nan,nan,nan,2.102
1777026206545759235,591.903,0,-1.1821,0.5431,1.3009,155.325,nan,nan,nan,1.832
1777026206643642945,592.001,0,-1.1480,0.5869,1.2893,152.922,nan,nan,nan,1.554
1777026206744341904,592.102,0,-1.1178,0.6236,1.2800,150.841,nan,nan,nan,0.520
1777026206844350033,592.202,0,-1.0855,0.6538,1.2671,148.939,nan,nan,nan,0.999
1777026206945220974,592.302,0,-1.0447,0.6932,1.2538,146.433,nan,nan,nan,0.858
1777026207044582161,592.402,0,-1.0060,0.7227,1.2387,144.306,nan,nan,nan,0.328
1777026207143999328,592.501,0,-0.9767,0.7442,1.2279,142.693,nan,nan,nan,0.859
1777026207244123864,592.601,0,-0.9372,0.7684,1.2119,140.651,nan,nan,nan,0.550
1777026207345061323,592.702,0,-0.9029,0.7854,1.1967,138.983,nan,nan,nan,0.372
1777026207446351189,592.804,0,-0.8688,0.8007,1.1815,137.337,nan,nan,nan,0.983
1777026207543607974,592.901,0,-0.8336,0.8154,1.1661,135.632,nan,nan,nan,2.062
1777026207643702473,593.001,0,-0.7996,0.8277,1.1508,134.011,nan,nan,nan,2.031
1777026207747990218,593.105,0,-0.7660,0.8379,1.1352,132.433,nan,nan,nan,2.623
1777026207844679246,593.202,0,-0.7394,0.8462,1.1237,131.144,nan,nan,nan,1.376
1777026207944723431,593.302,0,-0.7163,0.8463,1.1088,130.243,nan,nan,nan,2.111
1777026208043694803,593.401,0,-0.7134,0.8362,1.0992,130.469,nan,nan,nan,2.234
1777026208144797558,593.502,0,-0.7263,0.8225,1.0972,131.448,nan,nan,nan,0.245
1777026208243102044,593.600,0,-0.7289,0.8094,1.0892,132.006,nan,nan,nan,2.111
1777026208344101189,593.701,0,-0.7346,0.7985,1.0850,132.616,nan,nan,nan,1.535
1777026208443133302,593.800,0,-0.7432,0.7855,1.0813,133.415,nan,nan,nan,2.005
1777026208544319871,593.901,0,-0.7538,0.7746,1.0809,134.221,nan,nan,nan,1.225
1777026208643589132,594.001,0,-0.7646,0.7651,1.0817,134.979,nan,nan,nan,2.288
1777026208743998463,594.101,0,-0.7792,0.7557,1.0855,135.875,nan,nan,nan,2.725
1777026208844083222,594.201,0,-0.7919,0.7491,1.0901,136.592,nan,nan,nan,1.819
1777026208943940536,594.301,0,-0.7882,0.7610,1.0956,136.007,nan,nan,nan,2.716
1777026209043819980,594.401,0,-0.7789,0.7797,1.1021,134.972,nan,nan,nan,2.432
1777026209145520085,594.503,0,-0.7772,0.7947,1.1115,134.364,nan,nan,nan,0.953
1777026209245131900,594.602,0,-0.7748,0.8066,1.1185,133.846,nan,nan,nan,0.940
1777026209346145804,594.703,0,-0.7714,0.8277,1.1314,132.985,nan,nan,nan,0.314
1777026209443132720,594.800,0,-0.7748,0.8449,1.1463,132.521,nan,nan,nan,4.144
1777026209543498236,594.901,0,-0.7756,0.8665,1.1630,131.833,nan,nan,nan,3.931
1777026209644076585,595.001,0,-0.7752,0.8914,1.1813,131.013,nan,nan,nan,3.006
1777026209744758731,595.102,0,-0.7760,0.9172,1.2014,130.234,nan,nan,nan,4.056
1777026209845367191,595.203,0,-0.7712,0.9493,1.2231,129.087,nan,nan,nan,1.855
1777026209944142175,595.301,0,-0.7677,0.9817,1.2462,128.024,nan,nan,nan,3.530
1777026210043063993,595.400,0,-0.7628,1.0142,1.2690,126.948,nan,nan,nan,3.718
1777026210143501991,595.501,0,-0.7485,1.0534,1.2923,125.397,nan,nan,nan,3.357
1777026210244659394,595.602,0,-0.7277,1.1026,1.3211,123.422,nan,nan,nan,2.621
1777026210343691377,595.701,0,-0.7101,1.1439,1.3464,121.829,nan,nan,nan,4.190
1777026210443649228,595.801,0,-0.6905,1.1895,1.3754,120.136,nan,nan,nan,3.849
1777026210542974174,595.900,0,-0.6620,1.2348,1.4011,118.197,nan,nan,nan,3.268
1777026210645033352,596.002,0,-0.6225,1.2897,1.4320,115.764,nan,nan,nan,2.813
1777026210743003728,596.100,0,-0.5947,1.3358,1.4622,113.999,nan,nan,nan,2.921
1777026210842352452,596.200,0,-0.5574,1.3834,1.4915,111.947,nan,nan,nan,1.051
1777026210943690854,596.301,0,-0.5051,1.4320,1.5185,109.430,nan,nan,nan,2.173
1777026211044424851,596.402,0,-0.4569,1.4801,1.5490,107.154,nan,nan,nan,3.391
1777026211143960370,596.501,0,-0.4124,1.5170,1.5720,105.208,nan,nan,nan,3.650
1777026211244147831,596.601,0,-0.3638,1.5553,1.5972,103.166,nan,nan,nan,3.803
1777026211343245537,596.700,0,-0.3091,1.5891,1.6189,101.009,nan,nan,nan,2.912
1777026211444552958,596.802,0,-0.2523,1.6204,1.6399,98.850,nan,nan,nan,3.875
1777026211549292665,596.906,0,-0.1958,1.6494,1.6610,96.771,nan,nan,nan,0.781
1777026211643575478,597.001,0,-0.1673,1.6696,1.6779,95.721,nan,nan,nan,2.654
1777026211744001198,597.101,0,-0.1360,1.6911,1.6966,94.599,nan,nan,nan,3.661
1777026211842564906,597.200,0,-0.1011,1.7109,1.7139,93.381,nan,nan,nan,0.653
1777026211944004493,597.301,0,-0.0641,1.7285,1.7297,92.125,nan,nan,nan,2.438
1777026212042751403,597.400,0,-0.0212,1.7442,1.7443,90.696,nan,nan,nan,1.038
1777026212146392743,597.504,0,0.0276,1.7587,1.7589,89.102,nan,nan,nan,3.629
1777026212243584344,597.601,0,0.0689,1.7669,1.7682,87.766,-12825.81,2679.38,2894.39,2.108
1777026212344582803,597.702,0,0.1127,1.7738,1.7773,86.366,-7753.11,1639.44,1771.00,3.268
1777026212443140047,597.800,0,0.1487,1.7787,1.7849,85.221,-5812.08,1242.03,1341.70,1.283
1777026212542524511,597.900,0,0.1694,1.7823,1.7903,84.570,-5073.17,1090.29,1177.78,0.746
1777026212644449097,598.002,0,0.1913,1.7841,1.7944,83.880,-4460.77,965.57,1043.05,2.625
1777026212742407528,598.100,0,0.2160,1.7841,1.7971,83.098,-3913.81,855.22,923.85,0.317
1777026212842595175,598.200,0,0.2383,1.7823,1.7982,82.385,-3512.96,775.11,837.31,1.286
1777026212943163784,598.300,0,0.2735,1.7849,1.8058,81.287,-3023.38,675.24,729.43,1.710
1777026213045307572,598.402,0,0.3389,1.7798,1.8118,79.218,-2369.80,544.99,588.72,2.856
1777026213142587877,598.500,0,0.4000,1.7725,1.8170,77.284,-1949.24,461.83,498.89,1.040
1777026213242294025,598.599,0,0.4523,1.7636,1.8207,75.617,-1676.24,408.41,441.19,0.639
1777026213342282413,598.699,0,0.4951,1.7530,1.8216,74.228,-1492.03,373.06,403.00,0.190
1777026213444439461,598.802,0,0.5287,1.7546,1.8325,73.232,-1378.29,349.38,377.42,2.206
1777026213542224023,598.899,0,0.5582,1.7544,1.8411,72.350,-1288.00,330.89,357.44,0.011
1777026213642125189,598.999,0,0.5796,1.7534,1.8467,71.709,-1227.64,318.68,344.26,0.353
1777026213742367946,599.100,0,0.6156,1.7532,1.8582,70.652,-1136.62,300.03,324.10,0.409
1777026213841829892,599.199,0,0.6439,1.7514,1.8660,69.812,-1070.89,286.84,309.86,2.469
1777026213941939298,599.299,0,0.6738,1.7519,1.8770,68.963,-1009.51,274.13,296.13,1.323
1777026214043415885,599.401,0,0.7034,1.7512,1.8872,68.117,-952.87,262.60,283.67,0.568
1777026214143445032,599.501,0,0.7333,1.7521,1.8993,67.289,-901.35,251.89,272.10,0.769
1777026214242533053,599.600,0,0.7631,1.7497,1.9089,66.436,-851.83,242.04,261.46,0.509
1777026214343300846,599.700,0,0.7866,1.7443,1.9134,65.727,-813.22,234.82,253.67,0.346
1777026214444302509,599.801,0,0.8134,1.7405,1.9212,64.951,-773.32,227.08,245.30,1.340
1777026214543687769,599.901,0,0.8409,1.7337,1.9268,64.124,-733.21,219.65,237.27,0.732
1777026214641599904,599.999,0,0.8608,1.7274,1.9300,63.512,-705.07,214.57,231.79,1.816
1777026214742059643,600.099,0,0.8809,1.7186,1.9312,62.861,-676.41,209.67,226.50,3.024
1777026214841816291,600.199,0,0.8977,1.7088,1.9302,62.284,-652.06,205.75,222.26,2.283
1777026214942729343,600.300,0,0.9124,1.6977,1.9274,61.746,-630.17,202.45,218.69,1.142
1777026215042472528,600.400,0,0.9263,1.6840,1.9220,61.186,-608.20,199.39,215.40,2.121
1777026215143821745,600.501,0,0.9438,1.6660,1.9148,60.467,-581.09,195.70,211.40,0.373
1777026215243741171,600.601,0,0.9625,1.6458,1.9066,59.679,-552.73,191.90,207.30,0.105
1777026215342922283,600.700,0,0.9805,1.6250,1.8979,58.893,-525.76,188.38,203.49,1.012
1777026215446868344,600.804,0,0.9970,1.6036,1.8882,58.129,-500.67,185.26,200.13,2.789
1777026215542141358,600.899,0,1.0136,1.5819,1.8788,57.351,-476.21,182.23,196.85,2.448
1777026215643688519,601.001,0,1.0279,1.5602,1.8684,56.622,-454.23,179.69,194.11,1.148
1777026215742598763,601.100,0,1.0187,1.5520,1.8565,56.720,-457.14,181.32,195.87,2.530
1777026215843306315,601.200,0,0.9728,1.5665,1.8440,58.160,-501.68,189.88,205.11,1.605
1777026215943847035,601.301,0,0.9046,1.5924,1.8314,60.401,-578.68,204.20,220.58,1.518
1777026216042540131,601.400,0,0.8394,1.6116,1.8171,62.488,-660.57,220.05,237.71,2.190
1777026216142856833,601.500,0,0.7680,1.6315,1.8032,64.791,-765.34,240.49,259.79,2.116
1777026216245004677,601.602,0,0.6968,1.6463,1.7877,67.059,-887.64,265.08,286.35,0.141
1777026216344150327,601.701,0,0.6263,1.6577,1.7720,69.303,-1033.49,294.93,318.59,1.080
1777026216444826676,601.802,0,0.5171,1.6762,1.7541,72.855,-1338.64,357.21,385.88,0.622
1777026216544175270,601.901,0,0.4260,1.6807,1.7338,75.777,-1699.63,433.58,468.37,1.274
1777026216645030340,602.002,0,0.3734,1.6738,1.7149,77.424,-1975.39,494.67,534.36,1.464
1777026216745436635,602.103,0,0.3068,1.6663,1.6943,79.567,-2461.87,601.99,650.30,1.165
1777026216845124542,602.202,0,0.1807,1.6641,1.6738,83.803,-4400.91,1022.29,1104.33,0.548
1777026216945922650,602.303,0,-0.0554,1.6524,1.6533,91.922,nan,nan,nan,0.090
1777026217047373719,602.405,0,-0.3405,1.5986,1.6345,102.026,nan,nan,nan,1.077
1777026217143705933,602.501,0,-0.5912,1.5045,1.6165,111.453,nan,nan,nan,2.098
1777026217244853132,602.602,0,-0.8227,1.3726,1.6003,120.937,nan,nan,nan,1.523
1777026217343576710,602.701,0,-1.0231,1.2095,1.5842,130.226,nan,nan,nan,2.436
1777026217444224077,602.801,0,-1.1628,1.0597,1.5732,137.657,nan,nan,nan,2.314
1777026217546077033,602.903,0,-1.2583,0.9557,1.5801,142.782,nan,nan,nan,0.984
1777026217644655315,603.002,0,-1.3221,0.8942,1.5961,145.928,nan,nan,nan,1.514
1777026217744844443,603.102,0,-1.3697,0.8664,1.6207,147.683,nan,nan,nan,2.064
1777026217844834202,603.202,0,-1.4001,0.8605,1.6434,148.426,nan,nan,nan,2.189
1777026217951951715,603.309,0,-1.4265,0.8657,1.6686,148.747,nan,nan,nan,3.053
1777026218042678577,603.400,0,-1.4488,0.8665,1.6882,149.119,nan,nan,nan,3.987
1777026218142813187,603.500,0,-1.4782,0.8627,1.7115,149.732,nan,nan,nan,3.717
1777026218242904075,603.600,0,-1.5073,0.8607,1.7358,150.274,nan,nan,nan,4.252
1777026218343535368,603.701,0,-1.5395,0.8564,1.7616,150.912,nan,nan,nan,3.573
1777026218445282473,603.802,0,-1.5683,0.8544,1.7859,151.418,nan,nan,nan,2.823
1777026218543669200,603.901,0,-1.5969,0.8520,1.8100,151.917,nan,nan,nan,4.349
1777026218642190722,603.999,0,-1.6254,0.8480,1.8333,152.449,nan,nan,nan,2.783
1777026218746460022,604.104,0,-1.6551,0.8476,1.8595,152.883,nan,nan,nan,2.203
1777026218844332825,604.201,0,-1.6817,0.8482,1.8835,153.236,nan,nan,nan,4.367
1777026218945798560,604.303,0,-1.7094,0.8475,1.9080,153.629,nan,nan,nan,2.409
1777026219042882661,604.400,0,-1.7210,0.8698,1.9283,153.187,nan,nan,nan,0.783
1777026219145278041,604.502,0,-1.7197,0.9226,1.9516,151.786,nan,nan,nan,3.122
1777026219245100689,604.602,0,-1.7070,0.9865,1.9716,149.978,nan,nan,nan,3.586
1777026219344191117,604.701,0,-1.6929,1.0481,1.9911,148.237,nan,nan,nan,4.266
1777026219442977102,604.800,0,-1.6793,1.1015,2.0083,146.739,nan,nan,nan,2.546
1777026219545285705,604.902,0,-1.6467,1.1853,2.0289,144.252,nan,nan,nan,3.877
1777026219642633675,605.000,0,-1.6148,1.2537,2.0443,142.175,nan,nan,nan,2.691
1777026219741950066,605.099,0,-1.5811,1.3184,2.0587,140.177,nan,nan,nan,1.684
1777026219842770340,605.200,0,-1.5464,1.3880,2.0780,138.090,nan,nan,nan,2.559
1777026219944365056,605.302,0,-1.5036,1.4580,2.0944,135.883,nan,nan,nan,3.657
1777026220042946616,605.400,0,-1.4592,1.5231,2.1093,133.773,nan,nan,nan,2.426
1777026220141622249,605.499,0,-1.4125,1.5865,2.1242,131.680,nan,nan,nan,0.294
1777026220242883059,605.600,0,-1.3648,1.6463,2.1385,129.658,nan,nan,nan,2.561
1777026220342146060,605.699,0,-1.3120,1.7062,2.1523,127.560,nan,nan,nan,0.960
1777026220441253155,605.798,0,-1.2533,1.7640,2.1638,125.393,nan,nan,nan,0.260
1777026220541021914,605.898,0,-1.1954,1.8182,2.1760,123.323,nan,nan,nan,0.067
1777026220641218246,605.998,0,-1.1381,1.8670,2.1866,121.365,nan,nan,nan,0.443
1777026220740093489,606.097,0,-1.0731,1.9165,2.1965,119.247,nan,nan,nan,2.735
1777026220843751681,606.201,0,-1.0031,1.9638,2.2051,117.058,nan,nan,nan,1.020
1777026220941267169,606.298,0,-0.9383,2.0048,2.2135,115.082,nan,nan,nan,0.266
1777026221040256727,606.397,0,-0.8697,2.0435,2.2208,113.054,nan,nan,nan,1.050
1777026221141043594,606.498,0,-0.7972,2.0797,2.2273,110.974,nan,nan,nan,1.854
1777026221241034871,606.598,0,-0.7242,2.1123,2.2330,108.925,nan,nan,nan,0.960
1777026221341262518,606.698,0,-0.6565,2.1392,2.2377,107.060,nan,nan,nan,0.809
1777026221441053721,606.798,0,-0.5845,2.1632,2.2407,105.119,nan,nan,nan,0.808
1777026221540509815,606.898,0,-0.5082,2.1856,2.2440,103.090,nan,nan,nan,1.689
1777026221639642187,606.997,0,-0.4290,2.2044,2.2457,101.013,nan,nan,nan,2.133
1777026221742421548,607.100,0,-0.3582,2.2182,2.2469,99.172,nan,nan,nan,0.581
1777026221838057894,607.195,0,-0.2847,2.2294,2.2475,97.276,nan,nan,nan,4.168
1777026221933642907,607.291,0,-0.2044,2.2383,2.2476,95.217,nan,nan,nan,0.150
1777026222032651336,607.390,0,-0.1238,2.2428,2.2462,93.160,nan,nan,nan,1.111
1777026222138399335,607.496,0,-0.0318,2.2434,2.2436,90.813,nan,nan,nan,4.302
1777026222240093422,607.597,0,0.0673,2.2391,2.2401,88.279,-16753.49,2745.76,2966.10,3.622
1777026222339890236,607.697,0,0.1557,2.2309,2.2363,86.008,-7026.83,1186.31,1281.51,3.740
1777026222442786578,607.800,0,0.2436,2.2177,2.2310,83.731,-4346.11,758.20,819.04,0.167
1777026222541965987,607.899,0,0.3334,2.2001,2.2253,81.383,-3061.16,553.99,598.45,0.848
1777026222640851471,607.998,0,0.4227,2.1771,2.2178,79.011,-2317.77,436.93,471.99,2.074
1777026222740769582,608.098,0,0.5145,2.1487,2.2094,76.533,-1817.99,358.98,387.78,2.922
1777026222842510391,608.200,0,0.6020,2.1176,2.2015,74.131,-1480.35,306.84,331.47,2.125
1777026222942119984,608.299,0,0.6869,2.0810,2.1915,71.733,-1229.87,268.90,290.48,1.634
1777026223045001881,608.402,0,0.7769,2.0384,2.1814,69.137,-1021.69,237.76,256.84,0.642
1777026223142791295,608.500,0,0.8585,1.9919,2.1690,66.685,-865.93,215.15,232.42,0.839
1777026223240784689,608.598,0,0.9408,1.9413,2.1572,64.143,-734.09,196.32,212.08,2.710
1777026223344319010,608.701,0,1.0146,1.8915,2.1464,61.792,-632.01,182.06,196.67,0.045
1777026223445283099,608.802,0,1.0860,1.8350,2.1323,59.383,-542.43,170.09,183.73,0.559
1777026223542753217,608.900,0,1.1579,1.7719,2.1167,56.837,-460.61,159.52,172.32,1.425
1777026223642615847,609.000,0,1.2274,1.7056,2.1013,54.261,-388.45,150.49,162.57,1.073
1777026223742250032,609.099,0,1.2897,1.6389,2.0855,51.799,-327.44,143.22,154.71,2.517
1777026223844527209,609.202,0,1.3516,1.5667,2.0691,49.214,-270.15,136.66,147.62,0.391
1777026223942679863,609.300,0,1.4058,1.4967,2.0534,46.795,-221.73,131.39,141.94,3.139
1777026224043320174,609.400,0,1.4575,1.4211,2.0357,44.277,-175.74,126.73,136.90,1.151
1777026224143848616,609.501,0,1.5089,1.3375,2.0164,41.555,-130.26,122.41,132.23,1.057
1777026224242955785,609.600,0,1.5569,1.2501,1.9967,38.763,-87.43,118.64,128.16,2.188
1777026224344425057,609.702,0,1.5986,1.1622,1.9764,36.017,-48.45,115.54,124.82,0.586
1777026224444530741,609.802,0,1.6396,1.0642,1.9547,32.986,-8.47,112.65,121.69,0.228
1777026224542745154,609.900,1,1.6709,0.9715,1.9328,30.174,26.24,110.54,119.41,2.322
1777026224642429913,610.000,1,1.6974,0.8777,1.9109,27.342,59.26,108.82,117.55,2.989
1777026224742569579,610.100,1,1.7182,0.7832,1.8883,24.505,90.67,107.50,116.13,2.735
1777026224851544920,610.209,1,1.7294,0.7002,1.8658,22.042,116.81,106.80,115.37,2.618
1777026224942318707,610.299,1,1.7379,0.6569,1.8579,20.706,130.61,106.28,114.81,2.976
1777026225042659539,610.400,1,1.7400,0.6422,1.8547,20.259,135.17,106.15,114.67,3.559
1777026225141534097,610.499,1,1.7406,0.6467,1.8568,20.382,133.92,106.12,114.64,3.795
1777026225243394683,610.601,1,1.7404,0.6475,1.8570,20.407,133.66,106.13,114.64,2.516
1777026225342740462,610.700,1,1.7407,0.6484,1.8575,20.430,133.43,106.11,114.63,3.603
1777026225442166074,610.799,1,1.7404,0.6492,1.8575,20.456,133.16,106.13,114.65,3.464
1777026225545603785,610.903,1,1.7403,0.6505,1.8579,20.497,132.75,106.14,114.65,0.721
1777026225644262362,611.001,1,1.7396,0.6511,1.8575,20.521,132.50,106.18,114.70,2.019
1777026225741558463,611.099,1,1.7392,0.6520,1.8574,20.552,132.19,106.21,114.73,3.594
1777026225842623810,611.200,1,1.7375,0.6529,1.8561,20.594,131.76,106.30,114.84,4.719
1777026225941840608,611.299,1,1.7360,0.6534,1.8549,20.627,131.42,106.40,114.94,2.912
1777026226043140344,611.400,1,1.7349,0.6532,1.8538,20.632,131.37,106.46,115.01,3.649
1777026226142825215,611.500,1,1.7337,0.6539,1.8529,20.664,131.04,106.54,115.09,4.103
1777026226242118772,611.599,1,1.7334,0.6549,1.8530,20.698,130.69,106.56,115.11,3.682
1777026226342422381,611.700,1,1.7331,0.6555,1.8530,20.718,130.48,106.58,115.13,4.078
1777026226441334606,611.798,1,1.7329,0.6570,1.8533,20.764,130.02,106.59,115.14,2.439
1777026226544488854,611.902,1,1.7335,0.6591,1.8545,20.817,129.47,106.55,115.11,2.727
1777026226641742899,611.999,1,1.7328,0.6607,1.8545,20.872,128.91,106.60,115.15,2.769
1777026226742043397,612.099,1,1.7331,0.6622,1.8553,20.910,128.52,106.57,115.13,2.677
1777026226841730657,612.199,1,1.7331,0.6637,1.8558,20.955,128.06,106.58,115.13,2.372
1777026226941583397,612.299,1,1.7328,0.6659,1.8564,21.020,127.39,106.59,115.15,0.772
1777026227042895077,612.400,1,1.7324,0.6668,1.8563,21.051,127.07,106.62,115.18,3.574
1777026227141770450,612.499,1,1.7317,0.6674,1.8558,21.076,126.81,106.66,115.22,2.436
1777026227243412574,612.601,1,1.7303,0.6695,1.8553,21.152,126.04,106.75,115.31,3.242
1777026227341397932,612.699,1,1.7288,0.6725,1.8549,21.256,124.96,106.85,115.42,0.994
1777026227444181311,612.801,1,1.7262,0.6737,1.8530,21.319,124.31,107.00,115.59,4.685
1777026227542099520,612.899,1,1.7268,0.6769,1.8547,21.404,123.43,106.96,115.55,1.928
1777026227644316809,613.001,1,1.7226,0.6822,1.8528,21.606,121.35,107.22,115.83,3.748
1777026227742812665,613.100,1,1.7162,0.6933,1.8509,21.998,117.27,107.63,116.26,2.685
1777026227844156511,613.201,1,1.7076,0.7101,1.8494,22.580,111.18,108.17,116.85,3.866
1777026227942212961,613.299,1,1.6957,0.7294,1.8460,23.274,103.85,108.92,117.67,2.039
1777026228041635073,613.399,1,1.6799,0.7547,1.8417,24.190,94.07,109.95,118.77,0.455
1777026228141957053,613.499,1,1.6627,0.7817,1.8373,25.182,83.31,111.09,120.01,1.770
1777026228242182866,613.599,1,1.6464,0.8052,1.8328,26.063,73.60,112.19,121.19,1.706
1777026228343404750,613.701,1,1.6300,0.8326,1.8303,27.059,62.46,113.32,122.41,2.590
1777026228442049402,613.799,1,1.6141,0.8603,1.8291,28.058,51.07,114.43,123.61,1.709
1777026228542959676,613.900,1,1.5979,0.8869,1.8275,29.031,39.78,115.60,124.87,2.594
1777026228642005660,613.999,1,1.5821,0.9128,1.8265,29.983,28.52,116.75,126.12,1.548
1777026228742362324,614.100,1,1.5660,0.9376,1.8252,30.911,17.35,117.95,127.41,0.937
1777026228842437046,614.200,1,1.5492,0.9647,1.8250,31.912,5.04,119.23,128.80,1.607
1777026228943320838,614.300,0,1.5321,0.9923,1.8253,32.931,-7.77,120.56,130.24,2.505
1777026229042083564,614.399,0,1.5114,1.0135,1.8198,33.843,-19.48,122.21,132.01,1.048
1777026229141448713,614.499,0,1.4938,1.0392,1.8197,34.825,-32.39,123.65,133.58,0.243
1777026229241446379,614.599,0,1.4735,1.0632,1.8171,35.813,-45.67,125.35,135.41,0.475
1777026229341548544,614.699,0,1.4533,1.0883,1.8156,36.827,-59.66,127.10,137.30,0.564
1777026229442009542,614.799,0,1.4333,1.1130,1.8147,37.829,-73.85,128.86,139.21,2.310
1777026229542741243,614.900,0,1.4123,1.1384,1.8140,38.870,-89.01,130.78,141.28,0.815
1777026229641682134,614.999,0,1.3918,1.1662,1.8158,39.959,-105.35,132.71,143.36,0.552
1777026229742019447,615.099,0,1.3711,1.1920,1.8168,41.002,-121.50,134.71,145.52,0.244
1777026229842025057,615.199,0,1.3493,1.2187,1.8182,42.088,-138.87,136.89,147.88,0.212
1777026229943037553,615.300,0,1.3280,1.2467,1.8215,43.191,-157.11,139.08,150.25,0.987
1777026230044211345,615.401,0,1.3080,1.2702,1.8233,44.158,-173.67,141.21,152.54,1.631
1777026230141993537,615.499,0,1.2863,1.2951,1.8253,45.196,-192.06,143.60,155.12,0.117
1777026230243292198,615.600,0,1.2640,1.3201,1.8276,46.243,-211.28,146.13,157.86,0.738
1777026230342481941,615.700,0,1.2447,1.3410,1.8296,47.133,-228.23,148.40,160.31,1.394
1777026230441751331,615.799,0,1.2338,1.3495,1.8285,47.566,-236.68,149.71,161.73,1.398
1777026230547128369,615.904,0,1.2297,1.3526,1.8281,47.725,-239.82,150.20,162.26,4.224
1777026230642664864,616.000,0,1.2296,1.3492,1.8254,47.657,-238.47,150.22,162.28,0.685
1777026230741918384,616.099,0,1.2266,1.3486,1.8230,47.712,-239.55,150.59,162.67,1.233
1777026230841458570,616.199,0,1.2222,1.3493,1.8206,47.830,-241.89,151.12,163.25,1.246
1777026230941931160,616.299,0,1.2195,1.3491,1.8186,47.890,-243.09,151.47,163.62,0.983
1777026231043751468,616.401,0,1.2198,1.3498,1.8193,47.895,-243.19,151.43,163.58,0.108
1777026231142132843,616.499,0,1.2191,1.3504,1.8192,47.926,-243.80,151.52,163.67,1.732
1777026231241907454,616.599,0,1.2190,1.3504,1.8192,47.929,-243.86,151.53,163.69,1.150
1777026231343034338,616.700,0,1.2189,1.3504,1.8192,47.929,-243.87,151.53,163.69,0.734
1777026231442902245,616.800,0,1.2190,1.3504,1.8192,47.927,-243.82,151.52,163.68,0.966
1777026231544235981,616.901,0,1.2190,1.3504,1.8192,47.927,-243.83,151.52,163.68,0.883
1777026231644075610,617.001,0,1.2190,1.3504,1.8192,47.927,-243.83,151.53,163.69,0.640
1777026231742912391,617.100,0,1.2189,1.3505,1.8192,47.932,-243.92,151.54,163.70,1.049
1777026231846691823,617.204,0,1.2188,1.3506,1.8192,47.936,-244.01,151.55,163.71,2.327
1777026231942006300,617.299,0,1.2189,1.3505,1.8192,47.931,-243.91,151.54,163.70,2.799
1777026232042053576,617.399,0,1.2188,1.3506,1.8192,47.935,-243.98,151.55,163.71,3.004
1777026232142323908,617.499,0,1.2187,1.3507,1.8192,47.939,-244.07,151.56,163.72,1.778
1777026232244204475,617.601,0,1.2189,1.3505,1.8192,47.933,-243.95,151.54,163.70,0.232
1777026232342617387,617.700,0,1.2188,1.3505,1.8192,47.934,-243.96,151.54,163.71,2.088
1777026232442888089,617.800,0,1.2189,1.3505,1.8192,47.933,-243.95,151.54,163.70,2.206
1777026232542137609,617.899,0,1.2190,1.3504,1.8192,47.928,-243.84,151.53,163.69,2.945
1777026232641874387,617.999,0,1.2188,1.3506,1.8192,47.936,-244.00,151.55,163.71,2.945
1777026232742162626,618.099,0,1.2189,1.3505,1.8192,47.931,-243.90,151.53,163.69,2.977
1777026232842562939,618.200,0,1.2188,1.3506,1.8192,47.934,-243.97,151.54,163.70,2.436
1777026232946794980,618.304,0,1.2188,1.3506,1.8192,47.937,-244.02,151.55,163.71,1.717
1777026233042411363,618.400,0,1.2188,1.3506,1.8192,47.937,-244.02,151.55,163.71,3.428
1777026233143519989,618.501,0,1.2188,1.3506,1.8192,47.936,-244.01,151.55,163.71,1.878
1777026233242244640,618.599,0,1.2188,1.3506,1.8192,47.937,-244.03,151.55,163.71,3.586
1777026233343580728,618.701,0,1.2189,1.3505,1.8192,47.931,-243.90,151.53,163.69,2.376
1777026233442152083,618.799,0,1.2188,1.3506,1.8192,47.936,-244.01,151.55,163.71,3.961
1777026233542132786,618.899,0,1.2189,1.3505,1.8192,47.934,-243.96,151.54,163.70,4.031
1777026233643270208,619.000,0,1.2189,1.3505,1.8192,47.933,-243.95,151.54,163.70,2.607
1777026233742907986,619.100,0,1.2188,1.3506,1.8192,47.937,-244.03,151.55,163.71,3.143
1777026233843335410,619.200,0,1.2188,1.3506,1.8192,47.935,-243.98,151.54,163.71,4.518
1777026233946636380,619.304,0,1.2189,1.3505,1.8192,47.934,-243.96,151.54,163.70,0.118
1777026234042067653,619.399,0,1.2188,1.3506,1.8192,47.937,-244.02,151.55,163.71,4.020
1777026234141623061,619.499,0,1.2188,1.3506,1.8192,47.936,-244.01,151.55,163.71,3.109
1777026234242446909,619.600,0,1.2187,1.3507,1.8192,47.941,-244.10,151.56,163.73,3.568
1777026234341749614,619.699,0,1.2187,1.3507,1.8192,47.941,-244.10,151.56,163.73,2.919
1777026234442311852,619.799,0,1.2184,1.3509,1.8192,47.951,-244.31,151.59,163.76,3.492
1777026234542308018,619.899,0,1.2187,1.3506,1.8192,47.938,-244.04,151.56,163.72,3.255
1777026234642555128,620.000,0,1.2189,1.3505,1.8192,47.932,-243.92,151.54,163.70,4.250
1777026234741747333,620.099,0,1.2189,1.3505,1.8192,47.933,-243.94,151.54,163.70,0.944
1777026234842727070,620.200,0,1.2190,1.3504,1.8192,47.927,-243.83,151.52,163.68,2.945
1777026234942465533,620.300,0,1.2189,1.3505,1.8192,47.932,-243.93,151.54,163.70,3.298
1777026235042319810,620.399,0,1.2189,1.3505,1.8192,47.934,-243.96,151.54,163.70,2.336
1777026235143023659,620.500,0,1.2188,1.3506,1.8192,47.936,-244.00,151.55,163.71,3.922
1777026235242290235,620.599,0,1.2188,1.3506,1.8192,47.935,-243.99,151.55,163.71,2.445
1777026235341875346,620.699,0,1.2187,1.3507,1.8192,47.940,-244.08,151.56,163.72,2.242
1777026235442316029,620.799,0,1.2189,1.3505,1.8192,47.933,-243.94,151.54,163.70,6.344
1777026235544112541,620.901,0,1.2191,1.3503,1.8192,47.922,-243.72,151.51,163.67,3.917
1777026235643323525,621.000,0,1.2188,1.3506,1.8192,47.935,-243.99,151.55,163.71,3.810
1777026235741464030,621.099,0,1.2190,1.3504,1.8192,47.928,-243.86,151.53,163.69,0.884
1777026235841689121,621.199,0,1.2188,1.3506,1.8192,47.935,-243.98,151.55,163.71,2.141
1777026235942079730,621.299,0,1.2188,1.3506,1.8192,47.935,-243.99,151.55,163.71,0.884
1777026236044222463,621.401,0,1.2189,1.3505,1.8192,47.934,-243.97,151.54,163.70,2.362
1777026236141696266,621.499,0,1.2190,1.3505,1.8192,47.929,-243.87,151.53,163.69,2.156
1777026236242661411,621.600,0,1.2188,1.3505,1.8192,47.934,-243.96,151.54,163.70,2.224
1777026236341882820,621.699,0,1.2189,1.3506,1.8192,47.934,-243.97,151.54,163.70,1.315
1777026236443291277,621.800,0,1.2189,1.3505,1.8192,47.933,-243.95,151.54,163.70,3.313
1777026236542023077,621.899,0,1.2187,1.3507,1.8192,47.940,-244.08,151.56,163.72,0.943
1777026236641635522,621.999,0,1.2188,1.3506,1.8192,47.938,-244.04,151.55,163.71,0.926
1777026236742707629,622.100,0,1.2188,1.3506,1.8192,47.935,-243.98,151.55,163.71,1.987
1777026236842805257,622.200,0,1.2189,1.3505,1.8192,47.934,-243.97,151.54,163.70,1.858
1777026236942955052,622.300,0,1.2188,1.3506,1.8192,47.935,-243.99,151.55,163.71,1.887
1777026237043641401,622.401,0,1.2188,1.3506,1.8192,47.935,-243.99,151.55,163.71,2.886
1777026237143190291,622.500,0,1.2190,1.3504,1.8192,47.927,-243.83,151.52,163.68,2.223
1777026237243112623,622.600,0,1.2189,1.3505,1.8192,47.931,-243.91,151.53,163.69,1.921
1777026237342613865,622.700,0,1.2189,1.3505,1.8192,47.933,-243.95,151.54,163.70,1.278
1777026237442609938,622.800,0,1.2189,1.3505,1.8192,47.932,-243.93,151.54,163.70,1.314
1777026237543236695,622.900,0,1.2188,1.3506,1.8192,47.936,-244.01,151.55,163.71,1.411
1777026237642338160,622.999,0,1.2188,1.3506,1.8192,47.935,-243.99,151.55,163.71,0.302
1777026237741855901,623.099,0,1.2184,1.3509,1.8192,47.951,-244.30,151.60,163.76,0.117
1777026237843052156,623.200,0,1.2189,1.3505,1.8192,47.932,-243.92,151.54,163.70,1.057
1777026237943526172,623.301,0,1.2188,1.3506,1.8192,47.937,-244.02,151.55,163.71,0.594
1777026238042030472,623.399,0,1.2188,1.3506,1.8192,47.935,-243.99,151.55,163.71,0.049
1777026238142832802,623.500,0,1.2188,1.3506,1.8192,47.936,-244.00,151.55,163.71,0.922
1777026238241895045,623.599,0,1.2188,1.3506,1.8192,47.936,-244.01,151.55,163.71,4.274
1777026238343623446,623.701,0,1.2188,1.3506,1.8192,47.934,-243.97,151.54,163.70,1.531
1777026238443912482,623.801,0,1.2189,1.3505,1.8192,47.933,-243.95,151.54,163.70,0.568
1777026238542096672,623.899,0,1.2189,1.3505,1.8192,47.931,-243.91,151.54,163.70,0.461
1777026238641955875,623.999,0,1.2190,1.3505,1.8192,47.930,-243.88,151.53,163.69,0.867
1777026238741910096,624.099,0,1.2189,1.3505,1.8192,47.932,-243.92,151.54,163.70,0.875
1777026238842022466,624.199,0,1.2190,1.3504,1.8192,47.929,-243.87,151.53,163.69,1.057
1777026238942572130,624.300,0,1.2188,1.3506,1.8192,47.936,-244.00,151.55,163.71,0.821
1777026239042064779,624.399,0,1.2188,1.3506,1.8192,47.935,-243.99,151.55,163.71,0.649
1777026239146998929,624.504,0,1.2188,1.3506,1.8192,47.936,-244.01,151.55,163.71,3.854
1777026239242869515,624.600,0,1.2189,1.3505,1.8192,47.931,-243.90,151.53,163.69,1.044
1777026239343008884,624.700,0,1.2188,1.3506,1.8192,47.935,-243.99,151.55,163.71,0.305
1777026239442385960,624.800,0,1.2188,1.3506,1.8192,47.935,-243.99,151.55,163.71,0.611
1777026239543393048,624.901,0,1.2188,1.3506,1.8192,47.935,-243.99,151.55,163.71,0.548
1777026239645758114,625.003,0,1.2186,1.3507,1.8192,47.943,-244.14,151.57,163.73,2.022
