stamp_ns,time_s_from_start,visible,rel_x_m,rel_y_m,range_m,bearing_deg,u_px,bbox_w_px,bbox_h_px,sync_dt_ms
1777025614480902671,0.000,1,2.5238,0.2880,2.5402,6.510,260.38,73.65,79.56,0.825
1777025614582932560,0.102,1,2.5238,0.2880,2.5402,6.510,260.38,73.65,79.56,1.030
1777025614684259884,0.203,1,2.5238,0.2879,2.5402,6.508,260.40,73.65,79.56,2.544
1777025614783340551,0.302,1,2.5238,0.2879,2.5402,6.508,260.40,73.65,79.56,2.012
1777025614880762313,0.400,1,2.5238,0.2880,2.5402,6.510,260.38,73.65,79.56,0.860
1777025614980371696,0.499,1,2.5238,0.2881,2.5402,6.513,260.35,73.65,79.56,1.495
1777025615082513398,0.602,1,2.5238,0.2879,2.5402,6.508,260.40,73.65,79.56,0.323
1777025615183021825,0.702,1,2.5238,0.2880,2.5402,6.510,260.38,73.65,79.56,0.087
1777025615283522141,0.803,1,2.5238,0.2879,2.5402,6.508,260.39,73.65,79.56,1.790
1777025615382700418,0.902,1,2.5238,0.2877,2.5402,6.504,260.44,73.65,79.56,0.189
1777025615480790135,1.000,1,2.5238,0.2876,2.5402,6.502,260.45,73.65,79.56,1.980
1777025615580911474,1.100,1,2.5238,0.2877,2.5402,6.504,260.44,73.65,79.56,1.523
1777025615680651336,1.200,1,2.5238,0.2881,2.5402,6.511,260.37,73.65,79.56,2.121
1777025615782595041,1.302,1,2.5238,0.2879,2.5402,6.508,260.40,73.65,79.56,0.538
1777025615882750047,1.402,1,2.5238,0.2880,2.5402,6.509,260.38,73.65,79.56,2.443
1777025615983165790,1.502,1,2.5238,0.2879,2.5402,6.508,260.39,73.65,79.56,0.452
1777025616082833690,1.602,1,2.5238,0.2879,2.5402,6.508,260.40,73.65,79.56,1.467
1777025616182662755,1.702,1,2.5238,0.2878,2.5402,6.507,260.41,73.65,79.56,0.900
1777025616283147053,1.802,1,2.5238,0.2878,2.5402,6.507,260.41,73.65,79.56,0.274
1777025616385524549,1.905,1,2.5238,0.2877,2.5402,6.504,260.43,73.65,79.56,2.420
1777025616484852583,2.004,1,2.5238,0.2878,2.5402,6.506,260.42,73.65,79.56,1.223
1777025616583987527,2.103,1,2.5238,0.2878,2.5402,6.506,260.42,73.65,79.56,0.553
1777025616682302722,2.201,1,2.5246,0.2819,2.5403,6.372,261.64,73.63,79.54,1.557
1777025616781268724,2.300,1,2.5240,0.2841,2.5399,6.422,261.19,73.65,79.56,2.543
1777025616883476352,2.403,1,2.5245,0.2820,2.5402,6.375,261.61,73.63,79.54,0.042
1777025616981384978,2.500,1,2.5246,0.2819,2.5402,6.371,261.65,73.63,79.54,2.061
1777025617080081890,2.599,1,2.5246,0.2816,2.5403,6.364,261.71,73.63,79.54,4.382
1777025617180685797,2.700,1,2.5245,0.2820,2.5402,6.374,261.62,73.63,79.54,4.887
1777025617280842414,2.800,1,2.5246,0.2819,2.5402,6.371,261.65,73.63,79.54,3.484
1777025617380569740,2.900,1,2.5246,0.2817,2.5402,6.367,261.68,73.63,79.54,3.803
1777025617482220745,3.001,1,2.5245,0.2819,2.5402,6.373,261.63,73.63,79.54,2.335
1777025617580780381,3.100,1,2.5246,0.2820,2.5402,6.373,261.63,73.63,79.54,4.825
1777025617680160007,3.199,1,2.5246,0.2818,2.5403,6.368,261.67,73.63,79.54,3.942
1777025617782324802,3.301,1,2.5246,0.2817,2.5402,6.366,261.69,73.63,79.54,3.621
1777025617880760052,3.400,1,2.5245,0.2820,2.5402,6.374,261.62,73.63,79.54,3.836
1777025617983928501,3.503,1,2.5245,0.2819,2.5402,6.371,261.64,73.63,79.54,1.439
1777025618080347386,3.599,1,2.5246,0.2817,2.5402,6.368,261.68,73.63,79.54,3.708
1777025618183278635,3.702,1,2.5245,0.2820,2.5402,6.374,261.62,73.63,79.54,1.428
1777025618282589447,3.802,1,2.5246,0.2818,2.5403,6.369,261.66,73.63,79.54,2.520
1777025618383109151,3.902,1,2.5245,0.2819,2.5402,6.372,261.64,73.63,79.54,2.432
1777025618480126566,3.999,1,2.5245,0.2821,2.5402,6.376,261.60,73.63,79.54,3.296
1777025618582813299,4.102,1,2.5240,0.2842,2.5399,6.425,261.16,73.65,79.56,2.323
1777025618682940620,4.202,1,2.5245,0.2824,2.5403,6.382,261.55,73.63,79.54,2.636
1777025618783794135,4.303,1,2.5245,0.2822,2.5402,6.377,261.59,73.63,79.54,1.259
1777025618882759155,4.402,1,2.5246,0.2820,2.5403,6.374,261.62,73.63,79.54,3.110
1777025618983826223,4.503,1,2.5243,0.2834,2.5402,6.406,261.33,73.64,79.55,1.792
1777025619082136104,4.601,1,2.5200,0.2833,2.5359,6.414,261.25,73.76,79.68,3.186
1777025619182552550,4.702,1,2.5045,0.2887,2.5211,6.575,259.79,74.22,80.17,4.659
1777025619283312900,4.802,1,2.4791,0.2872,2.4957,6.609,259.48,74.98,81.00,5.545
1777025619384982035,4.904,1,2.4475,0.3281,2.4694,7.636,250.08,75.95,82.04,1.375
1777025619481853544,5.001,1,2.4354,0.3015,2.4540,7.057,255.38,76.32,82.45,3.869
1777025619579896002,5.099,1,2.4126,0.3022,2.4314,7.140,254.62,77.05,83.23,1.773
1777025619683730924,5.203,1,2.3921,0.2992,2.4108,7.130,254.72,77.71,83.94,4.129
1777025619782949312,5.302,1,2.3721,0.3009,2.3911,7.228,253.81,78.36,84.65,4.308
1777025619882621601,5.402,1,2.3532,0.2989,2.3722,7.240,253.71,78.99,85.33,3.970
1777025619980956499,5.500,1,2.3320,0.3020,2.3515,7.380,252.43,79.71,86.11,2.572
1777025620080373144,5.599,1,2.3119,0.3045,2.3319,7.504,251.29,80.40,86.85,1.891
1777025620182366570,5.701,1,2.2918,0.3058,2.3121,7.600,250.41,81.11,87.62,3.610
1777025620284458552,5.804,1,2.2692,0.3099,2.2903,7.777,248.78,81.92,88.49,3.980
1777025620380364703,5.899,1,2.2513,0.3064,2.2720,7.750,249.03,82.57,89.19,1.824
1777025620486794815,6.006,1,2.2297,0.3071,2.2507,7.841,248.19,83.37,90.06,0.953
1777025620584812791,6.104,1,2.2097,0.3059,2.2308,7.882,247.82,84.12,90.87,2.719
1777025620683639295,6.203,1,2.1911,0.3066,2.2124,7.966,247.05,84.84,91.64,4.188
1777025620781710104,6.301,1,2.1708,0.3040,2.1920,7.971,247.00,85.63,92.50,1.921
1777025620881987071,6.401,1,2.1515,0.3034,2.1727,8.027,246.49,86.40,93.33,2.734
1777025620983926091,6.503,1,2.1304,0.3011,2.1516,8.045,246.32,87.25,94.25,4.459
1777025621082687799,6.602,1,2.1106,0.2996,2.1318,8.079,246.00,88.07,95.14,3.414
1777025621186011820,6.705,1,2.0872,0.3156,2.1109,8.599,241.22,89.06,96.20,3.462
1777025621283696208,6.803,1,2.0692,0.3346,2.0961,9.185,235.81,89.83,97.04,2.706
1777025621382720135,6.902,1,2.0472,0.3834,2.0828,10.606,222.61,90.80,98.08,2.580
1777025621483815018,7.003,1,2.0222,0.4142,2.0642,11.574,213.55,91.92,99.30,3.490
1777025621583238292,7.102,1,1.9990,0.4288,2.0445,12.108,208.53,92.99,100.45,3.295
1777025621681952019,7.201,1,1.9749,0.4568,2.0271,13.022,199.88,94.12,101.68,1.959
1777025621781460792,7.301,1,1.9514,0.4863,2.0111,13.995,190.61,95.26,102.90,0.951
1777025621881351671,7.400,1,1.9265,0.5073,1.9922,14.751,183.35,96.49,104.23,1.883
1777025621983080119,7.502,1,1.9007,0.5354,1.9747,15.733,173.84,97.80,105.65,2.888
1777025622083746581,7.603,1,1.8710,0.5820,1.9595,17.279,158.69,99.35,107.32,3.023
1777025622181986851,7.701,1,1.8418,0.6282,1.9460,18.834,143.18,100.93,109.02,0.860
1777025622283134826,7.802,1,1.8076,0.6900,1.9348,20.894,122.19,102.83,111.09,2.345
1777025622382767449,7.902,1,1.7748,0.7464,1.9254,22.810,102.14,104.74,113.14,0.303
1777025622480928146,8.000,1,1.7399,0.7964,1.9135,24.596,82.94,106.84,115.41,0.397
1777025622582827889,8.102,1,1.7045,0.8458,1.9028,26.393,63.06,109.06,117.81,1.477
1777025622680878661,8.200,1,1.6681,0.8987,1.8948,28.315,41.10,111.44,120.38,1.023
1777025622784839823,8.304,1,1.6260,0.9520,1.8842,30.348,16.99,114.32,123.49,3.394
1777025622884254208,8.403,0,1.5958,0.9871,1.8764,31.738,-0.08,116.48,125.83,2.869
1777025622982891862,8.502,0,1.5553,1.0333,1.8673,33.600,-23.76,119.52,129.11,0.073
1777025623082967553,8.602,0,1.5111,1.0853,1.8605,35.688,-51.57,123.01,132.89,1.780
1777025623183162465,8.702,0,1.4660,1.1337,1.8533,37.715,-79.99,126.79,136.97,0.874
1777025623280296712,8.799,0,1.4244,1.1758,1.8470,39.538,-106.91,130.50,140.97,3.054
1777025623383730084,8.903,0,1.3754,1.2255,1.8421,41.703,-140.79,135.15,146.00,2.029
1777025623481958262,9.001,0,1.3278,1.2720,1.8387,43.771,-175.36,140.00,151.23,0.678
1777025623583372122,9.102,0,1.2726,1.3235,1.8360,46.123,-217.68,146.07,157.79,1.024
1777025623681767464,9.201,0,1.2184,1.3697,1.8332,48.344,-261.12,152.56,164.80,0.449
1777025623782137226,9.301,0,1.1618,1.4166,1.8321,50.645,-310.31,160.00,172.84,0.343
1777025623881398502,9.400,0,1.1197,1.4567,1.8373,52.451,-352.42,166.01,179.33,1.342
1777025623982821102,9.502,0,1.0544,1.5043,1.8371,54.973,-417.36,176.29,190.44,0.122
1777025624082985756,9.602,0,1.0063,1.5374,1.8375,56.793,-469.55,184.72,199.54,0.713
1777025624180137465,9.699,0,0.9970,1.5574,1.8492,57.374,-487.28,186.44,201.40,3.381
1777025624282645090,9.802,0,0.9910,1.5745,1.8604,57.813,-501.06,187.57,202.62,0.142
1777025624382560579,9.902,0,0.9825,1.5921,1.8708,58.320,-517.38,189.19,204.38,2.438
1777025624481599117,10.001,0,0.9740,1.6106,1.8822,58.836,-534.51,190.84,206.16,1.738
1777025624580615563,10.100,0,0.9660,1.6284,1.8933,59.322,-551.08,192.42,207.87,2.846
1777025624681612706,10.201,0,0.9595,1.6413,1.9012,59.690,-563.97,193.73,209.28,1.900
1777025624781962838,10.301,0,0.9564,1.6456,1.9033,59.835,-569.11,194.36,209.95,1.789
1777025624883344810,10.402,0,0.9568,1.6442,1.9024,59.804,-568.02,194.27,209.86,0.314
1777025624982628197,10.502,0,0.9481,1.6475,1.9009,60.081,-577.97,196.06,211.79,0.913
1777025625081196018,10.600,0,0.9502,1.6462,1.9007,60.006,-575.26,195.63,211.33,2.620
1777025625184217451,10.703,0,0.9524,1.6446,1.9005,59.923,-572.28,195.17,210.83,0.710
1777025625283215489,10.802,0,0.9508,1.6455,1.9005,59.981,-574.34,195.51,211.20,1.044
1777025625381758366,10.901,0,0.9428,1.6529,1.9029,60.302,-586.01,197.17,212.99,2.240
1777025625482922544,11.002,0,0.9285,1.6653,1.9066,60.858,-606.78,200.20,216.27,1.327
1777025625581092926,11.100,0,0.9194,1.6732,1.9092,61.211,-620.37,202.17,218.40,3.090
1777025625681814591,11.201,0,0.9070,1.6820,1.9110,61.665,-638.26,204.94,221.39,2.946
1777025625780788889,11.300,0,0.8922,1.6924,1.9132,62.202,-660.11,208.34,225.05,3.994
1777025625882798372,11.402,0,0.8738,1.7047,1.9157,62.861,-688.05,212.73,229.80,1.425
1777025625982960266,11.502,0,0.8584,1.7146,1.9175,63.406,-712.09,216.55,233.93,1.552
1777025626083103660,11.602,0,0.8505,1.7187,1.9176,63.670,-724.08,218.55,236.09,1.643
1777025626181470799,11.701,0,0.8504,1.7119,1.9115,63.583,-720.11,218.58,236.12,4.532
1777025626287636766,11.807,0,0.8282,1.7115,1.9013,64.176,-747.69,224.44,242.45,2.425
1777025626385815611,11.905,0,0.8147,1.7104,1.8946,64.532,-764.78,228.17,246.48,0.798
1777025626481567653,12.001,0,0.8160,1.7022,1.8877,64.390,-757.89,227.81,246.09,3.525
1777025626583500877,12.103,0,0.8115,1.6955,1.8797,64.424,-759.57,229.07,247.46,2.086
1777025626682526063,12.202,0,0.8159,1.6867,1.8737,64.187,-748.17,227.83,246.12,2.628
1777025626783736815,12.303,0,0.8280,1.6778,1.8710,63.735,-727.06,224.51,242.53,2.005
1777025626880729100,12.400,0,0.8271,1.6791,1.8717,63.776,-728.93,224.74,242.78,3.382
1777025626980912142,12.500,0,0.8249,1.6803,1.8719,63.852,-732.46,225.34,243.42,3.265
1777025627083146140,12.602,0,0.8220,1.6816,1.8718,63.948,-736.95,226.12,244.27,1.743
1777025627182000755,12.701,0,0.8159,1.6852,1.8723,64.165,-747.16,227.83,246.11,3.969
1777025627282675439,12.802,0,0.7950,1.6940,1.8712,64.857,-780.83,233.80,252.56,3.282
1777025627382601521,12.902,0,0.7382,1.7107,1.8632,66.659,-877.25,251.80,272.01,3.895
1777025627481184750,13.000,0,0.7006,1.7135,1.8512,67.762,-943.55,265.32,286.61,2.868
1777025627583792687,13.103,0,0.6661,1.7176,1.8422,68.804,-1012.19,279.07,301.47,2.412
1777025627680546624,13.200,0,0.6303,1.7252,1.8368,69.929,-1093.92,294.89,318.56,2.774
1777025627781756246,13.301,0,0.5886,1.7319,1.8292,71.230,-1200.04,315.81,341.15,3.714
1777025627882775111,13.402,0,0.5515,1.7390,1.8243,72.404,-1308.86,337.06,364.11,4.053
1777025627983304797,13.502,0,0.5052,1.7464,1.8180,73.866,-1465.65,367.95,397.47,4.212
1777025628083202213,13.602,0,0.4835,1.7540,1.8194,74.588,-1553.70,384.43,415.28,3.316
1777025628183575123,13.703,0,0.4727,1.7560,1.8185,74.934,-1598.89,393.25,424.80,3.220
1777025628281515045,13.801,0,0.4480,1.7607,1.8168,75.724,-1710.01,414.93,448.22,3.208
1777025628382110712,13.901,0,0.4288,1.7645,1.8159,76.341,-1805.37,433.47,468.26,3.239
1777025628482058294,14.001,0,0.4114,1.7667,1.8140,76.891,-1898.06,451.82,488.08,1.330
1777025628582559350,14.102,0,0.3742,1.7737,1.8127,78.088,-2128.43,496.81,536.67,3.349
1777025628680837490,14.200,0,0.2901,1.7857,1.8091,80.772,-2858.73,640.69,692.11,1.921
1777025628782543495,14.302,0,0.1902,1.7953,1.8053,83.952,-4553.72,977.18,1055.60,3.086
1777025628882249191,14.401,0,0.1001,1.7991,1.8019,86.815,-8958.71,1856.52,2005.50,3.227
1777025628980848531,14.500,0,0.0317,1.7996,1.7998,88.990,nan,nan,nan,1.082
1777025629080618541,14.600,0,0.0213,1.7971,1.7972,89.321,nan,nan,nan,1.164
1777025629180640418,14.700,0,-0.0004,1.7946,1.7946,90.013,nan,nan,nan,0.476
1777025629281175400,14.800,0,-0.0197,1.7921,1.7922,90.631,nan,nan,nan,1.547
1777025629381043132,14.900,0,-0.0399,1.7899,1.7904,91.276,nan,nan,nan,1.060
1777025629483808456,15.003,0,-0.0614,1.7876,1.7886,91.968,nan,nan,nan,3.847
1777025629582312149,15.101,0,-0.0806,1.7853,1.7871,92.583,nan,nan,nan,2.532
1777025629680928433,15.200,0,-0.1018,1.7830,1.7859,93.266,nan,nan,nan,0.516
1777025629783484649,15.303,0,-0.1230,1.7806,1.7848,93.952,nan,nan,nan,2.365
1777025629881496959,15.401,0,-0.1503,1.7780,1.7843,94.831,nan,nan,nan,1.535
1777025629980685161,15.500,0,-0.1790,1.7771,1.7861,95.753,nan,nan,nan,0.368
1777025630084173495,15.603,0,-0.2277,1.7753,1.7898,97.310,nan,nan,nan,3.181
1777025630181330557,15.700,0,-0.2929,1.7742,1.7983,99.373,nan,nan,nan,0.440
1777025630282835916,15.802,0,-0.3464,1.7652,1.7988,101.104,nan,nan,nan,2.729
1777025630382699425,15.902,0,-0.3792,1.7611,1.8015,102.151,nan,nan,nan,1.472
1777025630480405998,16.000,0,-0.4070,1.7594,1.8059,103.024,nan,nan,nan,0.395
1777025630583039009,16.102,0,-0.4510,1.7545,1.8116,104.416,nan,nan,nan,2.029
1777025630682502301,16.202,0,-0.5097,1.7451,1.8180,106.282,nan,nan,nan,0.866
1777025630783493703,16.303,0,-0.5659,1.7362,1.8261,108.053,nan,nan,nan,1.433
1777025630880770430,16.400,0,-0.6340,1.7214,1.8344,110.219,nan,nan,nan,0.821
1777025630982267696,16.501,0,-0.6933,1.7087,1.8439,112.084,nan,nan,nan,0.162
1777025631081412733,16.601,0,-0.7683,1.6853,1.8522,114.508,nan,nan,nan,0.211
1777025631180899339,16.700,0,-0.8433,1.6610,1.8628,116.918,nan,nan,nan,1.484
1777025631282456123,16.802,0,-0.8888,1.6446,1.8694,118.389,nan,nan,nan,0.989
1777025631382805460,16.902,0,-0.9038,1.6370,1.8699,118.903,nan,nan,nan,0.970
1777025631483031853,17.002,0,-0.9208,1.6298,1.8719,119.465,nan,nan,nan,0.831
1777025631581683729,17.101,0,-0.9345,1.6227,1.8726,119.937,nan,nan,nan,1.059
1777025631682707520,17.202,0,-0.9487,1.6155,1.8735,120.423,nan,nan,nan,0.398
1777025631783464592,17.303,0,-0.9614,1.6084,1.8738,120.868,nan,nan,nan,0.729
1777025631880869539,17.400,0,-0.9757,1.6001,1.8741,121.374,nan,nan,nan,1.788
1777025631981816386,17.501,0,-0.9886,1.5917,1.8737,121.844,nan,nan,nan,0.718
1777025632079645088,17.599,0,-1.0041,1.5815,1.8733,122.410,nan,nan,nan,3.221
1777025632181457146,17.701,0,-1.0228,1.5686,1.8726,123.105,nan,nan,nan,1.011
1777025632281508616,17.801,0,-1.0381,1.5577,1.8719,123.679,nan,nan,nan,2.356
1777025632380603672,17.900,0,-1.0523,1.5467,1.8707,124.229,nan,nan,nan,2.352
1777025632482582654,18.002,0,-1.0691,1.5337,1.8695,124.879,nan,nan,nan,0.334
1777025632582735882,18.102,0,-1.0827,1.5221,1.8679,125.423,nan,nan,nan,0.516
1777025632682904443,18.202,0,-1.0971,1.5094,1.8660,126.010,nan,nan,nan,0.566
1777025632782672990,18.302,0,-1.1213,1.4958,1.8694,126.857,nan,nan,nan,0.635
1777025632880548265,18.400,0,-1.1543,1.4820,1.8785,127.916,nan,nan,nan,3.406
1777025632980971341,18.500,0,-1.2004,1.4652,1.8941,129.327,nan,nan,nan,2.422
1777025633083297430,18.602,0,-1.2428,1.4406,1.9026,130.785,nan,nan,nan,0.216
1777025633182870720,18.702,0,-1.2701,1.4296,1.9123,131.618,nan,nan,nan,0.649
1777025633284345302,18.803,0,-1.3034,1.4142,1.9232,132.666,nan,nan,nan,0.754
1777025633381876229,18.901,0,-1.3339,1.4013,1.9347,133.588,nan,nan,nan,1.685
1777025633481792571,19.001,0,-1.3639,1.3876,1.9457,134.505,nan,nan,nan,1.945
1777025633583188079,19.102,0,-1.3960,1.3718,1.9572,135.501,nan,nan,nan,1.303
1777025633683823041,19.203,0,-1.4511,1.3275,1.9668,137.547,nan,nan,nan,0.381
1777025633784891887,19.304,0,-1.5092,1.2754,1.9759,139.800,nan,nan,nan,1.109
1777025633882642812,19.402,0,-1.5686,1.2199,1.9871,142.128,nan,nan,nan,1.863
1777025633981875236,19.501,0,-1.6221,1.1649,1.9970,144.317,nan,nan,nan,2.226
1777025634080909311,19.600,0,-1.6699,1.1163,2.0086,146.237,nan,nan,nan,3.152
1777025634180670803,19.700,0,-1.7153,1.0645,2.0188,148.178,nan,nan,nan,4.201
1777025634280122947,19.799,0,-1.7555,1.0158,2.0282,149.945,nan,nan,nan,3.953
1777025634383564318,19.903,0,-1.8035,0.9522,2.0394,152.168,nan,nan,nan,1.646
1777025634484941086,20.004,0,-1.8464,0.8801,2.0454,154.514,nan,nan,nan,0.420
1777025634581883613,20.101,0,-1.8872,0.8147,2.0556,156.651,nan,nan,nan,2.880
1777025634682982218,20.202,0,-1.9254,0.7445,2.0643,158.861,nan,nan,nan,3.099
1777025634781774500,20.301,0,-1.9586,0.6740,2.0713,161.011,nan,nan,nan,4.147
1777025634882548460,20.402,0,-1.9888,0.5950,2.0759,163.344,nan,nan,nan,4.127
1777025634983463938,20.503,0,-2.0121,0.5218,2.0787,165.461,nan,nan,nan,2.280
1777025635079390718,20.598,0,-2.0339,0.4504,2.0832,167.513,nan,nan,nan,2.104
1777025635183613784,20.703,0,-2.0552,0.3677,2.0879,169.856,nan,nan,nan,1.916
1777025635285204604,20.804,0,-2.0774,0.2711,2.0950,172.564,nan,nan,nan,0.619
1777025635382381351,20.901,0,-2.1201,0.1297,2.1240,176.499,nan,nan,nan,3.860
1777025635483072387,21.002,0,-2.1487,-0.0034,2.1487,-179.909,nan,nan,nan,2.631
1777025635579952637,21.099,0,-2.1648,-0.1355,2.1690,-176.418,nan,nan,nan,2.558
1777025635680963965,21.200,0,-2.1762,-0.2721,2.1932,-172.874,nan,nan,nan,2.977
1777025635780437497,21.300,0,-2.1766,-0.4226,2.2172,-169.013,nan,nan,nan,2.749
1777025635879524294,21.399,0,-2.1685,-0.5655,2.2410,-165.385,nan,nan,nan,0.769
1777025635982188471,21.501,0,-2.1513,-0.7048,2.2638,-161.861,nan,nan,nan,4.301
1777025636081451543,21.601,0,-2.1275,-0.8409,2.2876,-158.434,nan,nan,nan,3.621
1777025636181910675,21.701,0,-2.1024,-0.9578,2.3103,-155.507,nan,nan,nan,3.614
1777025636278566687,21.798,0,-2.0869,-1.0449,2.3339,-153.403,nan,nan,nan,0.116
1777025636379417572,21.899,0,-2.0597,-1.1355,2.3520,-151.133,nan,nan,nan,0.517
1777025636479481338,21.999,0,-2.0128,-1.2303,2.3590,-148.564,nan,nan,nan,0.589
1777025636582223107,22.101,0,-1.9504,-1.3293,2.3604,-145.724,nan,nan,nan,3.623
1777025636679040358,22.198,0,-1.9017,-1.4203,2.3735,-143.245,nan,nan,nan,0.397
1777025636780456829,22.300,0,-1.8496,-1.4997,2.3812,-140.963,nan,nan,nan,1.665
1777025636878614989,22.398,0,-1.7801,-1.5855,2.3838,-138.309,nan,nan,nan,0.049
1777025636979106065,22.498,0,-1.7106,-1.6672,2.3886,-135.735,nan,nan,nan,0.994
1777025637079597955,22.599,0,-1.6451,-1.7382,2.3933,-133.424,nan,nan,nan,0.310
1777025637179883032,22.699,0,-1.5653,-1.8119,2.3945,-130.824,nan,nan,nan,0.376
1777025637282439193,22.802,0,-1.4852,-1.8809,2.3965,-128.295,nan,nan,nan,3.418
1777025637381332622,22.900,0,-1.4044,-1.9429,2.3973,-125.861,nan,nan,nan,1.706
1777025637479854722,22.999,0,-1.3203,-2.0017,2.3979,-123.408,nan,nan,nan,0.582
1777025637580485128,23.100,0,-1.2348,-2.0550,2.3974,-121.000,nan,nan,nan,0.258
1777025637683050844,23.202,0,-1.1438,-2.1041,2.3949,-118.529,nan,nan,nan,3.448
1777025637781489112,23.301,0,-1.0665,-2.1401,2.3911,-116.489,nan,nan,nan,1.821
1777025637883099951,23.402,0,-1.0353,-2.1371,2.3747,-115.847,nan,nan,nan,3.340
1777025637981444905,23.501,0,-1.0213,-2.1265,2.3590,-115.653,nan,nan,nan,1.627
1777025638080147503,23.599,0,-1.0003,-2.1235,2.3473,-115.223,nan,nan,nan,0.234
1777025638185189539,23.704,0,-0.9816,-2.1148,2.3315,-114.898,nan,nan,nan,3.849
1777025638281304003,23.800,0,-0.9650,-2.1091,2.3194,-114.586,nan,nan,nan,0.827
1777025638383778886,23.903,0,-0.9473,-2.1033,2.3068,-114.247,nan,nan,nan,1.348
1777025638483129772,24.002,0,-0.9304,-2.0988,2.2958,-113.907,nan,nan,nan,2.323
1777025638580975825,24.100,0,-0.9150,-2.0941,2.2852,-113.602,nan,nan,nan,0.349
1777025638682032912,24.201,0,-0.8976,-2.0899,2.2745,-113.244,nan,nan,nan,1.330
1777025638781811829,24.301,0,-0.8795,-2.0864,2.2642,-112.858,nan,nan,nan,1.102
1777025638882833750,24.402,0,-0.8616,-2.0833,2.2544,-112.470,nan,nan,nan,1.262
1777025638982527057,24.502,0,-0.8460,-2.0800,2.2454,-112.133,nan,nan,nan,0.288
1777025639082724007,24.602,0,-0.8282,-2.0781,2.2371,-111.729,nan,nan,nan,1.089
1777025639180094510,24.699,0,-0.7864,-2.0874,2.2306,-110.643,nan,nan,nan,0.797
1777025639286118442,24.805,0,-0.7239,-2.1081,2.2289,-108.953,nan,nan,nan,4.062
1777025639383235133,24.902,0,-0.6533,-2.1331,2.2309,-107.028,nan,nan,nan,1.684
1777025639483614043,25.003,0,-0.5623,-2.1606,2.2326,-104.588,nan,nan,nan,1.712
1777025639582565490,25.102,0,-0.4630,-2.1845,2.2331,-101.967,nan,nan,nan,0.133
1777025639681152792,25.200,0,-0.3999,-2.1977,2.2338,-100.312,nan,nan,nan,1.587
1777025639782354859,25.301,0,-0.3563,-2.2032,2.2319,-99.186,nan,nan,nan,0.407
1777025639881845928,25.401,0,-0.3044,-2.2093,2.2302,-97.845,nan,nan,nan,1.382
1777025639980513396,25.500,0,-0.1631,-2.2220,2.2280,-94.198,nan,nan,nan,1.495
1777025640079790283,25.599,0,-0.0310,-2.2246,2.2248,-90.797,nan,nan,nan,2.021
1777025640180408431,25.700,0,0.0829,-2.2211,2.2227,-87.864,14160.43,2243.37,2423.39,2.483
1777025640281908679,25.801,0,0.2134,-2.2111,2.2214,-84.487,5668.86,870.98,940.87,0.767
1777025640382134924,25.901,0,0.3375,-2.1947,2.2205,-81.257,3676.73,550.72,594.91,0.712
1777025640483681412,26.003,0,0.4592,-2.1723,2.2203,-78.063,2761.72,404.76,437.24,1.114
1777025640580795307,26.100,0,0.5819,-2.1438,2.2214,-74.814,2221.66,319.45,345.09,1.341
1777025640681241124,26.200,0,0.7047,-2.1085,2.2231,-71.519,1864.16,263.77,284.93,1.626
1777025640781907919,26.301,0,0.8219,-2.0683,2.2256,-68.329,1618.70,226.17,244.32,0.465
1777025640882473364,26.402,0,0.9431,-2.0197,2.2290,-64.969,1425.06,197.10,212.92,2.010
1777025640980771337,26.500,0,1.0517,-1.9695,2.2327,-61.898,1286.26,176.75,190.93,1.997
1777025641080600143,26.600,0,1.1612,-1.9133,2.2381,-58.746,1170.06,160.08,172.92,2.375
1777025641179667717,26.699,0,1.2701,-1.8497,2.2438,-55.525,1071.28,146.35,158.10,3.454
1777025641284397406,26.803,0,1.3730,-1.7820,2.2496,-52.386,989.46,135.39,146.25,0.689
1777025641385520196,26.905,0,1.4793,-1.7041,2.2566,-49.039,914.11,125.66,135.74,2.015
1777025641481071333,27.000,0,1.5722,-1.6293,2.2642,-46.023,854.41,118.23,127.72,4.774
1777025641582770652,27.102,0,1.6692,-1.5411,2.2719,-42.715,796.02,111.36,120.29,1.076
1777025641684139253,27.203,0,1.7602,-1.4504,2.2807,-39.488,744.77,105.61,114.08,0.158
1777025641786557193,27.306,0,1.8445,-1.3577,2.2903,-36.357,699.38,100.78,108.87,1.532
1777025641882625935,27.402,0,1.9227,-1.2649,2.3015,-33.340,659.00,96.68,104.44,1.064
1777025641982457445,27.502,1,1.9959,-1.1670,2.3120,-30.315,621.21,93.13,100.61,1.359
1777025642083693418,27.603,1,2.0654,-1.0644,2.3235,-27.263,585.39,90.00,97.22,1.551
1777025642180266579,27.699,1,2.1274,-0.9586,2.3334,-24.257,551.98,87.38,94.39,4.522
1777025642283183865,27.802,1,2.1931,-0.8353,2.3468,-20.852,515.98,84.76,91.56,2.358
1777025642383729347,27.903,1,2.2432,-0.7322,2.3596,-18.077,487.84,82.87,89.52,0.230
1777025642480559764,28.000,1,2.2898,-0.6205,2.3724,-15.162,459.22,81.18,87.69,2.434
1777025642582705893,28.102,1,2.3359,-0.4918,2.3871,-11.890,428.02,79.58,85.96,2.371
1777025642680485965,28.200,1,2.3661,-0.3766,2.3959,-9.044,401.49,78.56,84.87,3.742
1777025642784527996,28.304,1,2.3916,-0.2548,2.4051,-6.080,374.30,77.72,83.96,0.737
1777025642880688755,28.400,1,2.4090,-0.1397,2.4131,-3.319,349.25,77.16,83.35,3.504
1777025642982353482,28.501,1,2.4243,-0.0071,2.4243,-0.167,320.80,76.67,82.83,3.267
1777025643083706547,28.603,1,2.4318,0.1156,2.4346,2.721,294.76,76.44,82.57,2.575
1777025643180973570,28.700,1,2.4390,0.2332,2.4501,5.462,269.93,76.21,82.33,3.066
1777025643282660260,28.802,1,2.4391,0.3758,2.4678,8.759,239.74,76.21,82.33,3.516
1777025643382998948,28.902,1,2.4330,0.4920,2.4823,11.432,214.89,76.40,82.53,3.141
1777025643481485363,29.001,1,2.4204,0.6156,2.4974,14.269,187.98,76.80,82.96,3.714
1777025643581027080,29.100,1,2.4247,0.6491,2.5101,14.986,181.09,76.66,82.81,3.370
1777025643683297022,29.202,1,2.4304,0.6371,2.5125,14.689,183.95,76.48,82.62,3.497
1777025643783987428,29.303,1,2.4328,0.6325,2.5137,14.574,185.05,76.41,82.54,2.483
1777025643881082971,29.400,1,2.4357,0.6346,2.5170,14.604,184.76,76.32,82.44,3.558
1777025643982657792,29.502,1,2.4400,0.6323,2.5206,14.527,185.51,76.18,82.29,3.104
1777025644082830335,29.602,1,2.4416,0.6345,2.5227,14.568,185.11,76.13,82.24,3.653
1777025644184645504,29.704,1,2.4410,0.6366,2.5227,14.617,184.64,76.15,82.26,1.724
1777025644285282522,29.804,1,2.4361,0.6398,2.5187,14.715,183.70,76.30,82.43,0.617
1777025644382495398,29.902,1,2.4245,0.6398,2.5075,14.783,183.04,76.67,82.82,3.961
1777025644484424418,30.004,1,2.3957,0.6415,2.4801,14.990,181.04,77.59,83.82,2.543
1777025644585239748,30.104,1,2.3554,0.6419,2.4413,15.243,178.59,78.92,85.25,1.553
1777025644682815527,30.202,1,2.3210,0.6784,2.4181,16.293,168.38,80.09,86.52,3.453
1777025644780897392,30.300,1,2.3119,0.6491,2.4013,15.682,174.34,80.40,86.86,2.062
1777025644886611235,30.406,1,2.2856,0.6443,2.3747,15.743,173.74,81.33,87.85,0.972
1777025644981800969,30.501,1,2.2699,0.6366,2.3574,15.666,174.50,81.89,88.46,3.230
1777025645083346809,30.602,1,2.2490,0.6257,2.3344,15.547,175.65,82.65,89.28,3.605
1777025645182013833,30.701,1,2.2339,0.6152,2.3170,15.398,177.09,83.21,89.89,3.252
1777025645280430101,30.800,1,2.2173,0.6024,2.2976,15.199,179.02,83.83,90.56,1.677
1777025645382574840,30.902,1,2.1993,0.5888,2.2768,14.988,181.06,84.52,91.30,3.993
1777025645481753728,31.001,1,2.1792,0.5800,2.2550,14.904,181.87,85.30,92.15,2.809
1777025645582790427,31.102,1,2.1636,0.5606,2.2350,14.527,185.50,85.91,92.81,3.475
1777025645683593627,31.203,1,2.1440,0.5481,2.2129,14.341,187.29,86.70,93.66,4.092
1777025645782288836,31.301,1,2.1255,0.5347,2.1917,14.121,189.40,87.45,94.47,2.579
1777025645883198462,31.402,1,2.1053,0.5164,2.1677,13.783,192.64,88.29,95.38,3.642
1777025645984008774,31.503,1,2.0951,0.4938,2.1525,13.261,197.61,88.73,95.84,3.941
1777025646083968726,31.603,1,2.1096,0.4854,2.1647,12.957,200.50,88.11,95.18,4.277
1777025646183665663,31.703,1,2.1177,0.4618,2.1675,12.303,206.69,87.77,94.82,3.969
1777025646285356409,31.804,1,2.1167,0.4343,2.1608,11.596,213.35,87.82,94.87,4.402
1777025646383740918,31.903,1,2.1241,0.4123,2.1638,10.984,219.08,87.51,94.53,3.698
1777025646484829578,32.004,1,2.1316,0.3784,2.1649,10.066,227.64,87.21,94.20,4.555
1777025646582803629,32.102,1,2.1334,0.3470,2.1614,9.238,235.32,87.13,94.12,2.489
1777025646684068250,32.203,1,2.1261,0.3096,2.1485,8.286,244.10,87.43,94.45,3.759
1777025646781825323,32.301,1,2.1324,0.2883,2.1518,7.700,249.49,87.17,94.17,1.474
1777025646882818855,32.402,1,2.1416,0.2569,2.1570,6.842,257.35,86.80,93.76,1.321
1777025646982603939,32.502,1,2.1460,0.2143,2.1566,5.702,267.75,86.62,93.57,2.066
1777025647083180161,32.602,1,2.1500,0.1309,2.1540,3.484,287.86,86.46,93.39,1.908
1777025647184209304,32.703,1,2.1410,0.0014,2.1410,0.037,318.97,86.82,93.79,3.459
1777025647281473864,32.801,1,2.1154,-0.1968,2.1246,-5.314,367.33,87.87,94.92,0.548
1777025647384344724,32.903,1,2.0691,-0.4096,2.1092,-11.197,421.51,89.84,97.05,3.129
1777025647483120858,33.002,1,2.0041,-0.6178,2.0972,-17.132,478.46,92.75,100.19,1.367
1777025647581871825,33.101,1,1.9198,-0.8140,2.0852,-22.978,538.24,96.83,104.60,0.135
1777025647683025966,33.202,1,1.8206,-0.9954,2.0749,-28.667,601.60,102.10,110.29,1.605
1777025647783917185,33.303,0,1.7248,-1.1289,2.0614,-33.205,657.25,107.77,116.42,2.156
1777025647883709028,33.403,0,1.6468,-1.2293,2.0551,-36.741,704.74,112.87,121.93,2.077
1777025647980954218,33.500,0,1.6007,-1.2941,2.0584,-38.955,736.75,116.12,125.44,1.033
1777025648081285240,33.600,0,1.5769,-1.3322,2.0643,-40.192,755.51,117.88,127.34,1.342
1777025648181207655,33.700,0,1.5468,-1.3681,2.0650,-41.491,775.97,120.17,129.81,0.718
1777025648282792347,33.802,0,1.5173,-1.3884,2.0566,-42.459,791.77,122.51,132.34,0.318
1777025648382349915,33.901,0,1.4756,-1.4032,2.0363,-43.558,810.29,125.97,136.08,0.280
1777025648482640289,34.002,0,1.4224,-1.4382,2.0228,-45.316,841.38,130.68,141.17,0.102
1777025648581023724,34.100,0,1.4002,-1.4464,2.0131,-45.930,852.69,132.76,143.41,1.444
1777025648683321536,34.202,0,1.3709,-1.4579,2.0012,-46.762,868.42,135.60,146.48,0.693
1777025648780618836,34.300,0,1.3399,-1.4746,1.9924,-47.742,887.58,138.73,149.87,1.934
1777025648882292397,34.401,0,1.3119,-1.4882,1.9839,-48.601,905.00,141.69,153.06,1.288
1777025648981255454,34.500,0,1.2811,-1.5048,1.9763,-49.592,925.82,145.10,156.74,2.928
1777025649080079421,34.599,0,1.2561,-1.5183,1.9705,-50.400,943.44,147.99,159.86,1.443
1777025649183460608,34.703,0,1.2235,-1.5378,1.9651,-51.496,968.33,151.93,164.13,1.795
1777025649281438270,34.801,0,1.1947,-1.5532,1.9595,-52.435,990.63,155.60,168.08,2.947
1777025649380341588,34.899,0,1.1670,-1.5705,1.9566,-53.386,1014.21,159.29,172.07,4.137
1777025649480526352,35.000,0,1.1428,-1.5858,1.9547,-54.222,1035.80,162.65,175.70,3.283
1777025649581974211,35.101,0,1.1137,-1.6082,1.9561,-55.297,1064.92,166.91,180.31,1.783
1777025649682009570,35.201,0,1.0822,-1.6298,1.9564,-56.416,1096.94,171.77,185.55,1.848
1777025649780743778,35.300,0,1.0533,-1.6497,1.9573,-57.443,1128.03,176.48,190.64,2.898
1777025649880828285,35.400,0,1.0259,-1.6704,1.9603,-58.443,1160.01,181.18,195.72,2.414
1777025649984303026,35.503,0,0.9978,-1.6917,1.9640,-59.465,1194.66,186.28,201.23,1.560
1777025650081872083,35.601,0,0.9592,-1.7170,1.9668,-60.809,1243.54,193.79,209.34,1.750
1777025650180270184,35.699,0,0.9162,-1.7477,1.9733,-62.335,1304.23,202.89,219.17,3.534
1777025650281192384,35.800,0,0.8711,-1.7762,1.9784,-63.875,1372.14,213.38,230.51,2.915
1777025650384968658,35.904,0,0.8224,-1.8077,1.9860,-65.537,1454.24,226.02,244.16,0.563
1777025650482204034,36.001,0,0.7573,-1.8438,1.9932,-67.669,1576.34,245.44,265.14,2.880
1777025650584268182,36.103,0,0.6179,-1.9089,2.0065,-72.064,1914.51,300.83,324.97,2.567
1777025650682602525,36.202,0,0.4322,-1.9753,2.0220,-77.660,2679.45,430.14,464.65,1.932
1777025650782542663,36.302,0,0.1917,-2.0315,2.0406,-84.608,5790.09,969.45,1047.24,2.874
1777025650881096762,36.400,0,-0.0347,-2.0587,2.0589,-90.966,nan,nan,nan,4.187
1777025650982039517,36.501,0,-0.2896,-2.0600,2.0803,-98.002,nan,nan,nan,3.075
1777025651083836261,36.603,0,-0.5369,-2.0338,2.1035,-104.787,nan,nan,nan,2.310
1777025651182387342,36.701,0,-0.7471,-1.9922,2.1277,-110.557,nan,nan,nan,4.193
1777025651282021335,36.801,0,-0.8730,-1.9713,2.1559,-113.887,nan,nan,nan,2.860
1777025651382654483,36.902,0,-0.9368,-1.9776,2.1882,-115.346,nan,nan,nan,2.038
1777025651482679971,37.002,0,-0.9723,-1.9952,2.2195,-115.981,nan,nan,nan,2.403
1777025651582029987,37.101,0,-1.0173,-2.0078,2.2508,-116.872,nan,nan,nan,3.278
1777025651682717523,37.202,0,-1.0544,-2.0223,2.2807,-117.536,nan,nan,nan,4.231
1777025651782911953,37.302,0,-1.0965,-2.0342,2.3109,-118.327,nan,nan,nan,2.750
1777025651885140637,37.404,0,-1.1254,-2.0532,2.3414,-118.729,nan,nan,nan,1.431
1777025651981331988,37.500,0,-1.0813,-2.1050,2.3665,-117.188,nan,nan,nan,4.008
1777025652082537202,37.602,0,-1.0075,-2.1707,2.3931,-114.897,nan,nan,nan,3.350
1777025652181332614,37.700,0,-0.9473,-2.2256,2.4189,-113.057,nan,nan,nan,3.807
1777025652282396071,37.801,0,-0.8568,-2.2894,2.4444,-110.519,nan,nan,nan,3.593
1777025652383752042,37.903,0,-0.7523,-2.3471,2.4647,-107.771,nan,nan,nan,2.657
1777025652480962844,38.000,0,-0.6512,-2.3969,2.4838,-105.200,nan,nan,nan,3.258
1777025652581396068,38.100,0,-0.5518,-2.4406,2.5022,-102.741,nan,nan,nan,1.200
1777025652682179010,38.201,0,-0.5089,-2.4653,2.5173,-101.663,nan,nan,nan,3.786
1777025652781820207,38.301,0,-0.5244,-2.4735,2.5285,-101.969,nan,nan,nan,3.484
1777025652884324331,38.403,0,-0.5303,-2.4841,2.5400,-102.051,nan,nan,nan,2.410
1777025652982361122,38.501,0,-0.5415,-2.4932,2.5513,-102.253,nan,nan,nan,4.041
1777025653083455875,38.603,0,-0.5546,-2.5015,2.5622,-102.501,nan,nan,nan,3.120
1777025653183011481,38.702,0,-0.5671,-2.5087,2.5720,-102.737,nan,nan,nan,4.250
1777025653283256096,38.802,0,-0.5466,-2.5220,2.5805,-102.229,nan,nan,nan,3.959
1777025653383349028,38.902,0,-0.4550,-2.5529,2.5931,-100.105,nan,nan,nan,3.276
1777025653483129186,39.002,0,-0.3902,-2.5740,2.6034,-98.619,nan,nan,nan,2.599
1777025653580312766,39.099,0,-0.2752,-2.5980,2.6126,-96.046,nan,nan,nan,1.366
1777025653681459722,39.201,0,0.0464,-2.6175,2.6179,-88.984,nan,nan,nan,2.125
1777025653783037006,39.302,0,0.5182,-2.5705,2.6222,-78.603,2880.82,358.74,387.52,3.792
1777025653884808250,39.404,0,1.0417,-2.4100,2.6255,-66.625,1513.92,178.45,192.77,2.281
1777025653982435843,39.502,0,1.4264,-2.2048,2.6259,-57.099,1117.42,130.32,140.78,2.976
1777025654082549034,39.602,0,1.8039,-1.9135,2.6297,-46.689,867.02,103.05,111.32,1.632
1777025654189781914,39.709,0,2.1499,-1.5159,2.6306,-35.189,683.39,86.46,93.40,1.937
1777025654282510142,39.802,1,2.3252,-1.2317,2.6313,-27.912,592.83,79.94,86.36,2.708
1777025654383791892,39.903,1,2.4013,-1.0680,2.6281,-23.978,548.96,77.41,83.62,3.416
1777025654484043026,40.003,1,2.4289,-0.9936,2.6243,-22.248,530.52,76.53,82.67,4.129
1777025654582506182,40.102,1,2.4128,-1.0317,2.6241,-23.152,540.09,77.04,83.22,2.776
1777025654684166261,40.203,1,2.4111,-1.0527,2.6309,-23.587,544.75,77.10,83.28,4.153
1777025654782994654,40.302,1,2.4064,-1.0759,2.6360,-24.090,550.16,77.25,83.44,2.856
1777025654884318941,40.403,1,2.4022,-1.0977,2.6411,-24.558,555.24,77.38,83.59,4.174
1777025654982551804,40.502,1,2.3943,-1.1183,2.6426,-25.035,560.46,77.64,83.87,1.861
1777025655081812691,40.601,1,2.3854,-1.1394,2.6436,-25.532,565.93,77.93,84.18,1.344
1777025655183824765,40.703,1,2.3755,-1.1592,2.6432,-26.012,571.27,78.25,84.53,2.600
1777025655283649590,40.803,1,2.3630,-1.1777,2.6403,-26.491,576.64,78.66,84.98,3.056
1777025655381761306,40.901,1,2.3496,-1.1959,2.6364,-26.976,582.12,79.11,85.46,0.777
1777025655481791776,41.001,1,2.3340,-1.2144,2.6310,-27.488,587.96,79.64,86.03,1.096
1777025655581572415,41.101,1,2.3167,-1.2328,2.6242,-28.019,594.06,80.24,86.68,0.839
1777025655683169643,41.202,1,2.3739,-1.0948,2.6142,-24.758,557.43,78.30,84.59,1.691
1777025655783270779,41.302,1,2.4928,-0.7437,2.6014,-16.611,473.34,74.57,80.55,2.200
1777025655884044277,41.403,1,2.5710,-0.2623,2.5843,-5.825,371.98,72.30,78.10,2.205
1777025655984565963,41.504,1,2.5586,0.2149,2.5676,4.802,275.92,72.65,78.48,3.427
1777025656083047619,41.602,1,2.5040,0.4953,2.5525,11.189,217.16,74.23,80.19,1.742
1777025656186419825,41.706,1,2.4767,0.5575,2.5387,12.687,203.06,75.05,81.08,4.308
1777025656285165459,41.804,1,2.4511,0.6365,2.5324,14.557,185.22,75.84,81.92,3.187
1777025656387131497,41.906,1,2.4077,0.7520,2.5224,17.346,158.02,77.21,83.40,3.972
1777025656485865668,42.005,1,2.3662,0.8462,2.5129,19.679,134.64,78.56,84.86,3.537
1777025656586120247,42.105,1,2.3204,0.9422,2.5044,22.100,109.63,80.11,86.54,3.559
1777025656687185407,42.206,1,2.2669,1.0382,2.4934,24.606,82.84,82.00,88.58,3.478
1777025656785140662,42.304,1,2.2167,1.1141,2.4810,26.683,59.79,83.85,90.58,3.066
1777025656887256051,42.406,1,2.1595,1.1910,2.4661,28.878,34.53,86.08,92.99,3.181
1777025656985844131,42.505,1,2.1087,1.2621,2.4576,30.902,10.25,88.15,95.22,3.219
1777025657086139172,42.605,0,2.0506,1.3362,2.4476,33.088,-17.15,90.65,97.92,3.279
1777025657186836670,42.706,0,1.9870,1.4087,2.4357,35.336,-46.78,93.55,101.06,4.397
1777025657286883196,42.806,0,1.9180,1.4842,2.4252,37.733,-80.25,96.92,104.69,3.683
1777025657382900586,42.902,0,1.8539,1.5502,2.4166,39.902,-112.46,100.27,108.31,0.866
1777025657480517753,43.000,0,1.7845,1.6154,2.4071,42.151,-148.09,104.16,112.52,3.058
1777025657582759640,43.102,0,1.7138,1.6778,2.3983,44.391,-186.18,108.46,117.17,0.907
1777025657681996508,43.201,0,1.6476,1.7311,2.3898,46.415,-223.19,112.82,121.87,1.696
1777025657783532904,43.303,0,1.5775,1.7847,2.3820,48.527,-264.87,117.83,127.29,0.442
1777025657882895715,43.402,0,1.4954,1.8442,2.3743,50.961,-317.45,124.30,134.28,4.077
1777025657981852717,43.501,0,1.2848,1.9876,2.3667,57.122,-479.53,144.68,156.29,1.590
1777025658083309021,43.602,0,0.8950,2.1852,2.3614,67.728,-941.45,207.70,224.37,0.539
1777025658183418675,43.703,0,0.4816,2.3070,2.3567,78.208,-2154.11,385.97,416.94,0.701
1777025658283030095,43.802,0,0.0588,2.3534,2.3542,88.568,-20333.97,3159.29,3412.81,0.854
1777025658381032035,43.900,0,-0.3416,2.3296,2.3545,98.342,nan,nan,nan,2.552
1777025658481118078,44.000,0,-0.7734,2.2204,2.3512,109.203,nan,nan,nan,3.184
1777025658579909286,44.099,0,-1.1255,2.0664,2.3530,118.577,nan,nan,nan,3.847
1777025658680774578,44.200,0,-1.5122,1.8071,2.3564,129.923,nan,nan,nan,3.469
1777025658782848393,44.302,0,-1.8093,1.5158,2.3604,140.044,nan,nan,nan,1.420
1777025658883284265,44.402,0,-2.0517,1.1753,2.3645,150.195,nan,nan,nan,1.635
1777025658981715996,44.501,0,-2.2263,0.8089,2.3687,160.031,nan,nan,nan,3.425
1777025659088696027,44.608,0,-2.3372,0.4087,2.3726,170.080,nan,nan,nan,4.020
1777025659184053278,44.703,0,-2.3772,0.0076,2.3772,179.817,nan,nan,nan,2.628
1777025659284178913,44.803,0,-2.3467,-0.4005,2.3807,-170.316,nan,nan,nan,1.181
1777025659382505015,44.902,0,-2.2465,-0.7967,2.3836,-160.473,nan,nan,nan,2.850
1777025659485999442,45.005,0,-2.0747,-1.1811,2.3874,-150.348,nan,nan,nan,1.434
1777025659583126541,45.102,0,-1.8467,-1.5177,2.3904,-140.585,nan,nan,nan,2.238
1777025659681031519,45.200,0,-1.5905,-1.7853,2.3911,-131.698,nan,nan,nan,4.268
1777025659782632488,45.302,0,-1.2148,-2.0592,2.3909,-120.538,nan,nan,nan,3.609
1777025659882331332,45.401,0,-0.8471,-2.2367,2.3917,-110.742,nan,nan,nan,4.031
1777025659980461270,45.500,0,-0.4793,-2.3426,2.3912,-101.562,nan,nan,nan,3.627
1777025660082453753,45.602,0,-0.0271,-2.3881,2.3883,-90.651,nan,nan,nan,3.897
1777025660183122955,45.702,0,0.3780,-2.3559,2.3861,-80.884,3537.11,491.70,531.16,2.457
1777025660282868947,45.802,0,0.6227,-2.3012,2.3839,-74.859,2227.49,298.52,322.48,3.147
1777025660383331338,45.902,0,0.6624,-2.2898,2.3837,-73.865,2104.16,280.62,303.13,3.272
1777025660484049373,46.003,0,0.6233,-2.3028,2.3857,-74.854,2226.88,298.21,322.14,4.686
1777025660582632306,46.102,0,0.5968,-2.3126,2.3884,-75.531,2320.29,311.49,336.49,3.636
1777025660682961346,46.202,0,0.5681,-2.3230,2.3914,-76.257,2430.53,327.19,353.44,3.251
1777025660783491532,46.303,0,0.5394,-2.3334,2.3949,-76.984,2552.94,344.61,372.26,2.975
1777025660883247283,46.402,0,0.5120,-2.3435,2.3987,-77.676,2682.72,363.07,392.20,3.335
1777025660983753580,46.503,0,0.4979,-2.3482,2.4004,-78.029,2754.55,373.34,403.30,3.186
1777025661083427869,46.603,0,0.4932,-2.3499,2.4011,-78.147,2779.48,376.90,407.14,4.496
1777025661183035289,46.702,0,0.4943,-2.3495,2.4010,-78.118,2773.37,376.02,406.19,3.605
1777025661280934767,46.800,0,0.4945,-2.3495,2.4009,-78.114,2772.52,375.90,406.06,2.645
1777025661382463329,46.902,0,0.4887,-2.3515,2.4018,-78.259,2803.73,380.35,410.87,3.905
1777025661482990978,47.002,0,0.4744,-2.3567,2.4040,-78.618,2884.17,391.79,423.23,4.097
1777025661582248458,47.101,0,0.4481,-2.3663,2.4083,-79.277,3046.09,414.85,448.14,3.624
1777025661681745175,47.201,0,0.4105,-2.3805,2.4157,-80.217,3313.78,452.84,489.18,2.778
1777025661782635838,47.302,0,0.3779,-2.3926,2.4223,-81.025,3588.66,491.92,531.39,3.161
1777025661883020822,47.402,0,0.3581,-2.3997,2.4263,-81.513,3779.50,519.09,560.75,3.792
1777025661981545088,47.501,0,0.3491,-2.4032,2.4285,-81.734,3873.51,532.41,575.14,1.866
1777025662082737840,47.602,0,0.3484,-2.4035,2.4287,-81.751,3881.07,533.48,576.29,3.655
1777025662182063041,47.701,0,0.3499,-2.4030,2.4284,-81.715,3865.01,531.19,573.82,2.698
1777025662283058184,47.802,0,0.3490,-2.4033,2.4285,-81.737,3874.62,532.57,575.31,3.577
1777025662386976050,47.906,0,0.3492,-2.4032,2.4285,-81.731,3872.35,532.24,574.95,5.669
1777025662486773393,48.006,0,0.3492,-2.4032,2.4284,-81.733,3872.87,532.33,575.04,1.641
1777025662583416702,48.103,0,0.3497,-2.4032,2.4285,-81.721,3867.93,531.59,574.25,2.478
1777025662683179212,48.202,0,0.3494,-2.4032,2.4285,-81.728,3871.04,532.05,574.75,3.190
1777025662782697781,48.302,0,0.3497,-2.4031,2.4284,-81.721,3867.65,531.56,574.22,2.036
1777025662884583339,48.404,0,0.3496,-2.4032,2.4285,-81.722,3868.37,531.66,574.33,4.065
1777025662982364300,48.501,0,0.3496,-2.4031,2.4284,-81.723,3868.81,531.74,574.41,2.042
1777025663082453269,48.602,0,0.3495,-2.4031,2.4284,-81.725,3869.51,531.84,574.51,1.339
1777025663183045102,48.702,0,0.3494,-2.4032,2.4285,-81.728,3870.99,532.04,574.74,0.728
1777025663283134590,48.802,0,0.3494,-2.4032,2.4285,-81.728,3870.75,532.01,574.70,2.544
1777025663382825564,48.902,0,0.3493,-2.4032,2.4284,-81.731,3872.25,532.24,574.95,2.020
1777025663482934162,49.002,0,0.3497,-2.4031,2.4284,-81.721,3867.85,531.59,574.25,2.477
1777025663583178500,49.102,0,0.3492,-2.4033,2.4285,-81.732,3872.76,532.29,575.00,2.815
1777025663685466479,49.205,0,0.3494,-2.4032,2.4285,-81.729,3871.12,532.06,574.76,3.629
1777025663783353550,49.302,0,0.3493,-2.4032,2.4285,-81.730,3871.83,532.16,574.87,2.437
1777025663882474920,49.402,0,0.3496,-2.4031,2.4284,-81.722,3868.17,531.63,574.30,1.591
1777025663983208325,49.502,0,0.3495,-2.4032,2.4285,-81.724,3869.25,531.79,574.46,2.246
1777025664082549489,49.602,0,0.3497,-2.4031,2.4285,-81.721,3867.87,531.59,574.25,0.564
1777025664181999337,49.701,0,0.3496,-2.4032,2.4285,-81.722,3868.39,531.67,574.33,0.699
1777025664282933888,49.802,0,0.3497,-2.4032,2.4285,-81.722,3868.09,531.62,574.28,1.558
1777025664383621572,49.903,0,0.3496,-2.4031,2.4284,-81.723,3868.74,531.72,574.39,2.335
1777025664483191473,50.002,0,0.3495,-2.4032,2.4284,-81.725,3869.54,531.84,574.51,1.592
1777025664583050871,50.102,0,0.3482,-2.4035,2.4285,-81.757,3883.64,533.88,576.72,1.612
1777025664682549681,50.202,0,0.3498,-2.4031,2.4284,-81.718,3866.65,531.41,574.06,0.666
1777025664784650773,50.304,0,0.3497,-2.4032,2.4285,-81.722,3868.12,531.63,574.29,2.166
1777025664881897759,50.401,0,0.3495,-2.4031,2.4284,-81.725,3869.53,531.84,574.52,0.109
1777025664984991598,50.504,0,0.3497,-2.4031,2.4284,-81.721,3867.89,531.60,574.25,2.555
1777025665082408583,50.602,0,0.3495,-2.4032,2.4285,-81.724,3869.23,531.79,574.46,0.116
1777025665182932639,50.702,0,0.3497,-2.4031,2.4284,-81.721,3867.82,531.58,574.24,0.402
1777025665282772519,50.802,0,0.3483,-2.4034,2.4285,-81.755,3882.78,533.76,576.59,0.392
1777025665381923296,50.901,0,0.3497,-2.4031,2.4284,-81.721,3867.73,531.58,574.23,0.814
1777025665482827366,51.002,0,0.3495,-2.4032,2.4284,-81.725,3869.39,531.81,574.49,0.065
1777025665581499834,51.101,0,0.3494,-2.4032,2.4284,-81.727,3870.57,531.99,574.68,1.149
1777025665683177784,51.202,0,0.3494,-2.4032,2.4285,-81.728,3871.07,532.05,574.75,0.520
1777025665783509268,51.303,0,0.3497,-2.4032,2.4285,-81.720,3867.54,531.53,574.19,0.534
1777025665883591200,51.403,0,0.3495,-2.4031,2.4284,-81.724,3869.29,531.80,574.48,0.644
1777025665983310934,51.502,0,0.3494,-2.4032,2.4285,-81.728,3870.72,532.00,574.70,0.437
1777025666081556889,51.601,0,0.3483,-2.4034,2.4285,-81.754,3882.20,533.68,576.51,1.780
1777025666181305899,51.700,0,0.3498,-2.4031,2.4284,-81.718,3866.61,531.41,574.06,3.203
1777025666282245376,51.801,0,0.3494,-2.4032,2.4285,-81.729,3871.24,532.08,574.77,1.451
1777025666380884697,51.900,0,0.3496,-2.4031,2.4284,-81.722,3868.40,531.67,574.33,2.326
1777025666484205107,52.003,0,0.3496,-2.4031,2.4284,-81.723,3868.73,531.72,574.39,1.047
1777025666582522876,52.102,0,0.3482,-2.4034,2.4285,-81.755,3882.80,533.77,576.60,1.110
1777025666681247603,52.200,0,0.3495,-2.4032,2.4284,-81.726,3869.79,531.87,574.55,3.276
1777025666784122241,52.303,0,0.3497,-2.4031,2.4284,-81.722,3868.07,531.62,574.28,0.252
1777025666882422140,52.402,0,0.3498,-2.4031,2.4284,-81.717,3866.24,531.35,573.99,1.327
1777025666982894401,52.502,0,0.3491,-2.4032,2.4285,-81.735,3873.71,532.44,575.17,1.257
1777025667080292348,52.599,0,0.3494,-2.4032,2.4285,-81.727,3870.43,531.95,574.64,4.437
1777025667181929465,52.701,0,0.3495,-2.4032,2.4285,-81.725,3869.40,531.81,574.49,3.217
1777025667286383453,52.805,0,0.3494,-2.4032,2.4285,-81.727,3870.59,531.98,574.67,2.115
1777025667383378906,52.902,0,0.3486,-2.4034,2.4285,-81.748,3879.37,533.26,576.05,1.562
1777025667482497072,53.002,0,0.3496,-2.4031,2.4284,-81.723,3868.55,531.69,574.36,1.990
1777025667583134479,53.102,0,0.3494,-2.4032,2.4285,-81.729,3871.28,532.08,574.78,1.976
1777025667682606585,53.202,0,0.3495,-2.4032,2.4284,-81.726,3869.91,531.89,574.57,3.097
1777025667783149030,53.302,0,0.3496,-2.4031,2.4284,-81.722,3868.34,531.66,574.33,2.286
1777025667884156914,53.403,0,0.3498,-2.4031,2.4284,-81.718,3866.41,531.38,574.02,1.553
1777025667982772254,53.502,0,0.3499,-2.4031,2.4284,-81.715,3865.01,531.18,573.80,2.461
1777025668083551399,53.603,0,0.3497,-2.4032,2.4285,-81.721,3867.79,531.58,574.23,2.319
1777025668183094320,53.702,0,0.3485,-2.4034,2.4285,-81.749,3879.89,533.34,576.14,4.489
1777025668281898323,53.801,0,0.3499,-2.4031,2.4285,-81.717,3865.97,531.31,573.94,3.624
1777025668383081390,53.902,0,0.3495,-2.4032,2.4285,-81.724,3869.28,531.79,574.47,3.057
1777025668481604268,54.001,0,0.3494,-2.4032,2.4285,-81.729,3871.18,532.06,574.76,3.765
1777025668581506999,54.101,0,0.3446,-2.4051,2.4297,-81.847,3923.48,539.47,582.77,4.014
1777025668682273367,54.201,0,0.3307,-2.4106,2.4332,-82.189,4083.55,562.15,607.26,3.786
1777025668783898409,54.303,0,0.3226,-2.4138,2.4352,-82.388,4182.79,576.22,622.46,6.679
1777025668883494273,54.403,0,0.3117,-2.4197,2.4397,-82.659,4327.18,596.28,644.13,2.784
1777025668982162760,54.501,0,0.2913,-2.4292,2.4466,-83.163,4625.64,638.19,689.40,4.367
1777025669081339259,54.600,0,0.2854,-2.4331,2.4498,-83.310,4721.67,651.37,703.65,3.267
1777025669181572931,54.701,0,0.2852,-2.4321,2.4488,-83.311,4722.35,651.73,704.03,3.659
1777025669282530018,54.802,0,0.2862,-2.4320,2.4488,-83.289,4707.78,649.60,701.73,4.643
1777025669384410947,54.904,0,0.2863,-2.4320,2.4488,-83.286,4705.64,649.30,701.40,3.760
1777025669483811406,55.003,0,0.2863,-2.4321,2.4489,-83.285,4704.80,649.15,701.24,2.824
1777025669583272605,55.102,0,0.2862,-2.4321,2.4489,-83.288,4706.88,649.44,701.56,3.273
1777025669681381284,55.200,0,0.2862,-2.4320,2.4488,-83.288,4706.76,649.45,701.57,2.043
1777025669782900662,55.302,0,0.2852,-2.4327,2.4493,-83.314,4723.95,651.83,704.13,3.070
1777025669883282720,55.402,0,0.2770,-2.4361,2.4518,-83.512,4859.65,670.97,724.82,3.107
1777025669982091001,55.501,0,0.2699,-2.4401,2.4549,-83.688,4987.58,688.74,744.01,3.222
1777025670084458627,55.604,0,0.2633,-2.4432,2.4574,-83.849,5110.88,706.01,762.67,3.005
1777025670182677379,55.702,0,0.2558,-2.4469,2.4602,-84.031,5257.49,726.55,784.85,3.974
1777025670282964679,55.802,0,0.2471,-2.4513,2.4637,-84.244,5441.44,752.24,812.61,3.818
1777025670383799972,55.903,0,0.2352,-2.4576,2.4688,-84.532,5713.78,790.21,853.63,4.042
1777025670481247048,56.000,0,0.2182,-2.4657,2.4754,-84.942,6152.91,851.72,920.07,2.156
1777025670581725328,56.101,0,0.2038,-2.4728,2.4811,-85.288,6583.96,912.05,985.24,2.447
1777025670682964801,56.202,0,0.1883,-2.4798,2.4870,-85.658,7119.61,987.20,1066.42,3.257
1777025670781511437,56.301,0,0.1746,-2.4873,2.4934,-85.985,7675.15,1064.64,1150.08,1.924
1777025670882882317,56.402,0,0.1601,-2.4940,2.4991,-86.327,8362.69,1161.03,1254.20,3.180
1777025670987546414,56.507,0,0.1447,-2.5021,2.5063,-86.691,9249.27,1284.85,1387.95,0.930
1777025671083108088,56.602,0,0.1290,-2.5092,2.5125,-87.057,10363.83,1441.10,1556.75,2.776
1777025671181673946,56.701,0,0.1165,-2.5159,2.5186,-87.348,11466.68,1595.05,1723.05,0.729
1777025671282555035,56.802,0,0.1011,-2.5237,2.5257,-87.706,13211.04,1839.01,1986.59,1.791
1777025671383710139,56.903,0,0.0861,-2.5308,2.5323,-88.051,15493.01,2158.41,2331.62,3.378
1777025671483058692,57.002,0,0.0708,-2.5384,2.5394,-88.402,18827.43,2624.84,2835.48,2.464
1777025671582897534,57.102,0,0.0523,-2.5471,2.5476,-88.823,25454.67,3552.55,3837.63,1.441
1777025671684924294,57.204,0,0.0333,-2.5565,2.5567,-89.253,nan,nan,nan,4.212
1777025671781245181,57.300,0,0.0157,-2.5648,2.5648,-89.649,nan,nan,nan,0.531
1777025671884915938,57.404,0,-0.0026,-2.5737,2.5737,-90.059,nan,nan,nan,3.801
1777025671984108141,57.503,0,-0.0213,-2.5822,2.5823,-90.473,nan,nan,nan,3.406
1777025672084232554,57.603,0,-0.0393,-2.5914,2.5917,-90.868,nan,nan,nan,3.702
1777025672182975281,57.702,0,-0.0563,-2.5991,2.5997,-91.240,nan,nan,nan,1.803
1777025672282695810,57.802,0,-0.0709,-2.6065,2.6075,-91.559,nan,nan,nan,1.852
1777025672383111590,57.902,0,-0.0854,-2.6135,2.6149,-91.871,nan,nan,nan,2.056
1777025672483377872,58.002,0,-0.0970,-2.6194,2.6212,-92.121,nan,nan,nan,1.650
1777025672583044217,58.102,0,-0.1081,-2.6242,2.6265,-92.359,nan,nan,nan,2.015
1777025672683011613,58.202,0,-0.1176,-2.6295,2.6322,-92.560,nan,nan,nan,1.842
1777025672783085546,58.302,0,-0.1178,-2.6295,2.6321,-92.565,nan,nan,nan,1.618
1777025672883204274,58.402,0,-0.1171,-2.6292,2.6318,-92.550,nan,nan,nan,1.664
1777025672983578702,58.503,0,-0.1171,-2.6294,2.6320,-92.550,nan,nan,nan,0.782
1777025673083334917,58.602,0,-0.1196,-2.6299,2.6326,-92.603,nan,nan,nan,0.380
1777025673184314652,58.703,0,-0.1224,-2.6316,2.6344,-92.662,nan,nan,nan,2.569
1777025673282191094,58.801,0,-0.1240,-2.6326,2.6356,-92.698,nan,nan,nan,0.214
1777025673384428314,58.904,0,-0.1246,-2.6332,2.6361,-92.710,nan,nan,nan,2.269
1777025673482765397,59.002,0,-0.1262,-2.6338,2.6368,-92.742,nan,nan,nan,1.758
1777025673583027142,59.102,0,-0.1296,-2.6344,2.6376,-92.816,nan,nan,nan,1.268
1777025673683409497,59.203,0,-0.1303,-2.6354,2.6386,-92.831,nan,nan,nan,0.577
1777025673782697642,59.302,0,-0.1330,-2.6359,2.6393,-92.889,nan,nan,nan,0.190
1777025673883314235,59.402,0,-0.1362,-2.6367,2.6402,-92.957,nan,nan,nan,0.120
1777025673984776372,59.504,0,-0.1454,-2.6389,2.6429,-93.154,nan,nan,nan,1.940
1777025674082759664,59.602,0,-0.1576,-2.6400,2.6447,-93.416,nan,nan,nan,0.772
1777025674183225165,59.702,0,-0.1686,-2.6401,2.6455,-93.655,nan,nan,nan,0.433
1777025674284596396,59.804,0,-0.1699,-2.6398,2.6453,-93.681,nan,nan,nan,0.954
1777025674382761630,59.902,0,-0.1766,-2.6387,2.6446,-93.829,nan,nan,nan,1.062
1777025674484480134,60.004,0,-0.1927,-2.6358,2.6428,-94.182,nan,nan,nan,0.034
1777025674581800009,60.101,0,-0.1987,-2.6333,2.6407,-94.316,nan,nan,nan,2.180
1777025674684126524,60.203,0,-0.2120,-2.6271,2.6357,-94.614,nan,nan,nan,0.367
1777025674783385096,60.302,0,-0.2251,-2.6180,2.6277,-94.913,nan,nan,nan,1.022
1777025674882609798,60.402,0,-0.2349,-2.6085,2.6191,-95.146,nan,nan,nan,1.872
1777025674985517565,60.505,0,-0.2428,-2.5981,2.6094,-95.338,nan,nan,nan,1.663
1777025675082624128,60.602,0,-0.2457,-2.5913,2.6030,-95.416,nan,nan,nan,0.322
1777025675182870947,60.702,0,-0.2516,-2.5834,2.5956,-95.563,nan,nan,nan,2.446
1777025675282865806,60.802,0,-0.2612,-2.5706,2.5838,-95.802,nan,nan,nan,2.191
1777025675384313943,60.903,0,-0.2716,-2.5519,2.5663,-96.075,nan,nan,nan,0.110
1777025675482596694,61.002,0,-0.2805,-2.5360,2.5515,-96.311,nan,nan,nan,2.267
1777025675582728867,61.102,0,-0.2898,-2.5199,2.5365,-96.561,nan,nan,nan,3.536
1777025675682065401,61.201,0,-0.2990,-2.5038,2.5216,-96.810,nan,nan,nan,3.124
1777025675783159543,61.302,0,-0.3063,-2.4859,2.5047,-97.024,nan,nan,nan,2.344
1777025675882915997,61.402,0,-0.3138,-2.4695,2.4893,-97.241,nan,nan,nan,2.847
1777025675983738494,61.503,0,-0.3208,-2.4517,2.4726,-97.456,nan,nan,nan,1.624
1777025676086109676,61.605,0,-0.3264,-2.4384,2.4602,-97.625,nan,nan,nan,0.301
1777025676182546080,61.702,0,-0.3314,-2.4228,2.4454,-97.789,nan,nan,nan,4.518
1777025676281774208,61.801,0,-0.3366,-2.4066,2.4300,-97.962,nan,nan,nan,4.009
1777025676383596507,61.903,0,-0.3416,-2.3897,2.4140,-98.135,nan,nan,nan,1.838
1777025676482446584,62.002,0,-0.3451,-2.3736,2.3985,-98.271,nan,nan,nan,4.481
1777025676581579306,62.101,0,-0.3499,-2.3569,2.3828,-98.445,nan,nan,nan,3.643
1777025676682741132,62.202,0,-0.3517,-2.3426,2.3688,-98.537,nan,nan,nan,2.410
1777025676783472723,62.303,0,-0.3555,-2.3229,2.3499,-98.701,nan,nan,nan,1.488
1777025676883063272,62.402,0,-0.3561,-2.3045,2.3319,-98.783,nan,nan,nan,2.861
1777025676984313338,62.503,0,-0.3580,-2.2838,2.3117,-98.909,nan,nan,nan,3.266
1777025677082954233,62.602,0,-0.3594,-2.2634,2.2918,-99.021,nan,nan,nan,3.055
1777025677182430302,62.702,0,-0.3597,-2.2452,2.2738,-99.101,nan,nan,nan,4.246
1777025677283174745,62.802,0,-0.3601,-2.2234,2.2523,-99.199,nan,nan,nan,2.655
1777025677384897712,62.904,0,-0.3610,-2.2033,2.2326,-99.305,nan,nan,nan,2.395
1777025677483119779,63.002,0,-0.3599,-2.1832,2.2127,-99.362,nan,nan,nan,3.223
1777025677582867456,63.102,0,-0.3601,-2.1644,2.1942,-99.447,nan,nan,nan,4.442
1777025677683055720,63.202,0,-0.3591,-2.1434,2.1733,-99.512,nan,nan,nan,3.515
1777025677785280774,63.304,0,-0.3589,-2.1229,2.1531,-99.595,nan,nan,nan,1.733
1777025677884278127,63.403,0,-0.3588,-2.1027,2.1331,-99.685,nan,nan,nan,3.056
1777025677982853430,63.502,0,-0.3580,-2.0817,2.1123,-99.759,nan,nan,nan,3.737
1777025678086742166,63.606,0,-0.3573,-2.0468,2.0778,-99.902,nan,nan,nan,0.093
1777025678181442555,63.701,0,-0.3566,-2.0152,2.0465,-100.035,nan,nan,nan,2.638
1777025678282858748,63.802,0,-0.3567,-1.9865,2.0183,-100.178,nan,nan,nan,3.612
1777025678384954451,63.904,0,-0.3554,-1.9687,2.0005,-100.234,nan,nan,nan,2.995
1777025678483051371,64.002,0,-0.3549,-1.9476,1.9796,-100.326,nan,nan,nan,2.949
1777025678583309412,64.102,0,-0.3543,-1.9262,1.9585,-100.423,nan,nan,nan,2.207
1777025678683093589,64.202,0,-0.3533,-1.8958,1.9284,-100.556,nan,nan,nan,3.615
1777025678782934376,64.302,0,-0.3531,-1.8605,1.8937,-100.747,nan,nan,nan,3.873
1777025678884287126,64.403,0,-0.3525,-1.8267,1.8603,-100.922,nan,nan,nan,3.863
1777025678983504736,64.503,0,-0.3510,-1.8066,1.8404,-100.996,nan,nan,nan,4.006
1777025679084309751,64.603,0,-0.3507,-1.7915,1.8256,-101.076,nan,nan,nan,3.820
1777025679182714112,64.702,0,-0.3499,-1.7710,1.8052,-101.178,nan,nan,nan,3.077
1777025679283276483,64.802,0,-0.3498,-1.7496,1.7842,-101.306,nan,nan,nan,3.626
1777025679383336860,64.902,0,-0.3482,-1.7299,1.7645,-101.379,nan,nan,nan,3.593
1777025679482746078,65.002,0,-0.3460,-1.7099,1.7446,-101.440,nan,nan,nan,2.377
1777025679583092100,65.102,0,-0.3454,-1.6896,1.7246,-101.555,nan,nan,nan,2.771
1777025679681461220,65.201,0,-0.3442,-1.6696,1.7047,-101.649,nan,nan,nan,0.254
1777025679782506344,65.302,0,-0.3428,-1.6494,1.6846,-101.742,nan,nan,nan,1.530
1777025679882651275,65.402,0,-0.3408,-1.6311,1.6664,-101.801,nan,nan,nan,1.713
1777025679983858360,65.503,0,-0.3397,-1.6118,1.6472,-101.900,nan,nan,nan,2.844
1777025680083480243,65.603,0,-0.3365,-1.5910,1.6262,-101.942,nan,nan,nan,2.531
1777025680182527521,65.702,0,-0.3307,-1.5619,1.5965,-101.956,nan,nan,nan,0.034
1777025680283924103,65.803,0,-0.3250,-1.5339,1.5680,-101.961,nan,nan,nan,2.007
1777025680382311687,65.901,0,-0.3194,-1.5078,1.5412,-101.961,nan,nan,nan,1.302
1777025680483012815,66.002,0,-0.3106,-1.4822,1.5144,-101.837,nan,nan,nan,0.978
1777025680583063155,66.102,0,-0.3015,-1.4567,1.4876,-101.692,nan,nan,nan,1.991
1777025680683573008,66.203,0,-0.2915,-1.4314,1.4608,-101.511,nan,nan,nan,2.340
1777025680781889258,66.301,0,-0.2813,-1.4057,1.4336,-101.316,nan,nan,nan,0.412
1777025680885035467,66.404,0,-0.2691,-1.3801,1.4061,-101.032,nan,nan,nan,3.963
1777025680982384230,66.501,0,-0.2568,-1.3557,1.3798,-100.725,nan,nan,nan,0.980
1777025681082560512,66.602,0,-0.2438,-1.3316,1.3537,-100.377,nan,nan,nan,0.763
1777025681183058828,66.702,0,-0.2302,-1.3073,1.3275,-99.986,nan,nan,nan,1.215
1777025681284003639,66.803,0,-0.2155,-1.2852,1.3032,-99.518,nan,nan,nan,2.022
1777025681382891623,66.902,0,-0.2004,-1.2616,1.2774,-99.025,nan,nan,nan,1.080
1777025681483202645,67.002,0,-0.1909,-1.2489,1.2634,-98.693,nan,nan,nan,1.150
1777025681583749534,67.103,0,-0.1753,-1.2275,1.2400,-98.125,nan,nan,nan,0.861
1777025681686059735,67.205,0,-0.1511,-1.1979,1.2074,-97.189,nan,nan,nan,3.780
1777025681783590236,67.303,0,-0.1316,-1.1776,1.1849,-96.377,nan,nan,nan,0.336
1777025681883955887,67.403,0,-0.1107,-1.1598,1.1651,-95.455,nan,nan,nan,1.269
1777025681982919796,67.502,0,-0.1038,-1.1449,1.1496,-95.179,nan,nan,nan,0.208
1777025682083352872,67.602,0,-0.0903,-1.1318,1.1354,-94.561,nan,nan,nan,0.801
1777025682182816145,67.702,0,-0.0776,-1.1159,1.1186,-93.978,nan,nan,nan,0.175
1777025682282478231,67.802,0,-0.0650,-1.1012,1.1031,-93.380,nan,nan,nan,0.089
1777025682382646570,67.902,0,-0.0522,-1.0859,1.0872,-92.753,nan,nan,nan,1.076
1777025682483204959,68.002,0,-0.0394,-1.0704,1.0711,-92.108,nan,nan,nan,0.695
1777025682583078505,68.102,0,-0.0261,-1.0550,1.0554,-91.415,nan,nan,nan,0.391
1777025682683050883,68.202,0,-0.0091,-1.0354,1.0354,-90.501,nan,nan,nan,0.342
1777025682783445682,68.303,0,0.0040,-1.0208,1.0208,-89.773,nan,nan,nan,0.155
1777025682883092323,68.402,0,0.0162,-1.0063,1.0064,-89.075,nan,nan,nan,0.311
1777025682982679965,68.502,0,0.0295,-0.9920,0.9924,-88.296,nan,nan,nan,1.414
1777025683082414809,68.602,0,0.0437,-0.9774,0.9784,-87.443,nan,nan,nan,0.916
1777025683181830842,68.701,0,0.0609,-0.9618,0.9637,-86.377,8474.10,3052.39,3297.33,1.963
1777025683282779930,68.802,0,0.0697,-0.9463,0.9489,-85.789,7332.93,2668.12,2882.23,1.179
1777025683383368615,68.902,0,0.0839,-0.9330,0.9368,-84.859,6058.66,2214.57,2392.28,0.557
1777025683483432752,69.003,0,0.0978,-0.9196,0.9248,-83.929,5174.11,1900.58,2053.09,1.446
1777025683583812995,69.103,0,0.1112,-0.9066,0.9134,-83.008,4529.53,1671.84,1806.00,1.354
1777025683682977772,69.202,0,0.1251,-0.8936,0.9023,-82.033,4008.63,1486.28,1605.55,1.485
1777025683781475076,69.301,0,0.1389,-0.8815,0.8924,-81.046,3596.54,1338.40,1445.80,2.862
1777025683883282968,69.402,0,0.1522,-0.8705,0.8837,-80.080,3271.84,1221.05,1319.04,1.730
1777025683982501800,69.502,0,0.1664,-0.8591,0.8751,-79.041,2985.90,1117.41,1207.08,2.913
1777025684082275014,69.601,0,0.1813,-0.8485,0.8676,-77.939,2735.82,1025.32,1107.60,2.508
1777025684183542079,69.703,0,0.1965,-0.8373,0.8600,-76.792,2519.35,945.95,1021.86,1.117
1777025684282686097,69.802,0,0.2203,-0.8235,0.8525,-75.020,2249.06,843.60,911.30,2.909
1777025684382789159,69.902,0,0.2424,-0.8115,0.8469,-73.370,2048.00,766.88,828.42,2.435
1777025684484513348,70.004,0,0.2649,-0.8018,0.8444,-71.715,1881.99,701.63,757.93,0.297
1777025684582651212,70.102,0,0.2866,-0.7935,0.8437,-70.142,1748.96,648.61,700.66,2.524
1777025684682781366,70.202,0,0.3100,-0.7864,0.8453,-68.487,1629.21,599.66,647.78,2.314
1777025684782890076,70.302,0,0.3333,-0.7809,0.8491,-66.888,1529.14,557.72,602.47,2.871
1777025684881621118,70.401,0,0.3534,-0.7770,0.8536,-65.539,1454.35,525.92,568.12,4.093
1777025684980975226,70.500,0,0.3759,-0.7742,0.8606,-64.099,1382.61,494.44,534.12,3.918
1777025685083710550,70.603,0,0.3999,-0.7738,0.8710,-62.670,1318.43,464.83,502.13,1.801
1777025685182590127,70.702,0,0.4236,-0.7748,0.8830,-61.334,1263.74,438.82,474.03,2.894
1777025685282769447,70.802,0,0.4455,-0.7776,0.8962,-60.190,1220.53,417.23,450.71,3.597
1777025685382866676,70.902,0,0.4678,-0.7828,0.9119,-59.140,1183.43,397.38,429.27,3.159
1777025685485165450,71.004,0,0.4894,-0.7886,0.9281,-58.179,1151.39,379.84,410.32,1.744
1777025685580872437,71.100,0,0.5095,-0.7958,0.9449,-57.372,1125.81,364.84,394.12,3.512
1777025685682375407,71.201,0,0.5323,-0.8050,0.9651,-56.525,1100.14,349.19,377.21,3.957
1777025685782718559,71.302,0,0.5522,-0.8152,0.9846,-55.888,1081.58,336.63,363.65,4.895
1777025685883752201,71.403,0,0.5724,-0.8281,1.0067,-55.345,1066.25,324.73,350.79,2.904
1777025685981999527,71.501,0,0.5900,-0.8397,1.0263,-54.907,1054.17,315.06,340.34,2.896
1777025686083702587,71.603,0,0.6097,-0.8559,1.0508,-54.537,1044.18,304.90,329.37,3.718
1777025686184340105,71.703,0,0.6256,-0.8719,1.0731,-54.338,1038.87,297.12,320.96,2.479
1777025686281364112,71.800,0,0.6402,-0.8873,1.0941,-54.187,1034.89,290.34,313.64,3.026
1777025686387194843,71.906,0,0.6563,-0.9074,1.1199,-54.121,1033.15,283.21,305.94,0.056
1777025686487565753,72.007,0,0.6695,-0.9265,1.1430,-54.149,1033.88,277.66,299.94,0.773
1777025686583237907,72.102,0,0.6813,-0.9457,1.1656,-54.229,1035.99,272.83,294.72,4.124
1777025686682047411,72.201,0,0.6919,-0.9670,1.1890,-54.416,1040.96,268.66,290.22,2.972
1777025686782688910,72.302,0,0.7015,-0.9892,1.2127,-54.655,1047.34,264.97,286.23,3.633
1777025686881677449,72.401,0,0.7088,-1.0120,1.2355,-54.993,1056.52,262.26,283.31,1.688
1777025686984519180,72.504,0,0.7161,-1.0370,1.2602,-55.372,1067.00,259.58,280.41,3.039
1777025687082748635,72.602,0,0.7206,-1.0599,1.2817,-55.789,1078.78,257.96,278.66,3.083
1777025687181311642,72.700,0,0.7248,-1.0859,1.3055,-56.277,1092.86,256.46,277.04,1.876
1777025687282437802,72.802,0,0.7283,-1.1140,1.3310,-56.823,1109.06,255.22,275.70,2.960
1777025687382744620,72.902,0,0.7309,-1.1421,1.3559,-57.383,1126.16,254.33,274.74,3.245
1777025687483330268,73.002,0,0.7337,-1.1740,1.3844,-57.998,1145.56,253.36,273.69,3.607
1777025687582413268,73.102,0,0.7361,-1.2049,1.4120,-58.577,1164.46,252.52,272.78,2.371
1777025687683942683,73.203,0,0.7402,-1.2350,1.4399,-59.064,1180.81,251.12,271.27,3.644
1777025687783185199,73.302,0,0.7423,-1.2643,1.4661,-59.582,1198.74,250.42,270.52,2.956
1777025687882736323,73.402,0,0.7465,-1.2928,1.4929,-59.997,1213.53,249.01,268.99,2.669
1777025687983465803,73.503,0,0.7478,-1.3094,1.5079,-60.269,1223.41,248.56,268.51,3.306
1777025688083845528,73.603,0,0.7493,-1.3286,1.5253,-60.576,1234.75,248.06,267.97,3.313
1777025688182646513,73.702,0,0.7513,-1.3508,1.5457,-60.919,1247.72,247.43,267.29,1.816
1777025688284420609,73.804,0,0.7533,-1.3713,1.5646,-61.218,1259.21,246.76,266.56,3.888
1777025688381040455,73.900,0,0.7563,-1.3908,1.5831,-61.463,1268.82,245.79,265.51,0.326
1777025688481824675,74.001,0,0.7588,-1.4107,1.6019,-61.724,1279.21,244.96,264.61,1.225
1777025688584525575,74.104,0,0.7619,-1.4297,1.6200,-61.945,1288.15,243.96,263.54,3.309
1777025688681434454,74.201,0,0.7657,-1.4454,1.6357,-62.089,1294.05,242.77,262.25,0.018
1777025688784718365,74.304,0,0.7685,-1.4613,1.6510,-62.260,1301.12,241.88,261.29,3.890
1777025688882832007,74.402,0,0.7712,-1.4708,1.6607,-62.328,1303.98,241.02,260.36,1.184
1777025688982900143,74.502,0,0.7756,-1.4829,1.6735,-62.388,1306.47,239.65,258.88,1.125
1777025689083277090,74.602,0,0.7812,-1.4976,1.6891,-62.453,1309.21,237.95,257.05,1.377
1777025689181491008,74.701,0,0.7844,-1.5079,1.6997,-62.518,1311.95,236.98,256.00,0.498
1777025689285928701,74.805,0,0.7894,-1.5170,1.7100,-62.510,1311.60,235.49,254.39,4.707
1777025689380591034,74.900,0,0.7950,-1.5299,1.7242,-62.541,1312.94,233.81,252.57,1.011
1777025689482522480,75.002,0,0.8009,-1.5403,1.7361,-62.529,1312.39,232.11,250.73,0.509
1777025689584405909,75.104,0,0.8052,-1.5449,1.7421,-62.473,1310.03,230.87,249.39,9.945
1777025689681244807,75.200,0,0.8116,-1.5554,1.7544,-62.445,1308.86,229.04,247.42,0.819
1777025689783049329,75.302,0,0.8204,-1.5663,1.7681,-62.354,1305.06,226.57,244.75,1.053
1777025689882793580,75.402,0,0.8251,-1.5721,1.7755,-62.309,1303.16,225.29,243.37,0.102
1777025689982714644,75.502,0,0.8348,-1.5767,1.7841,-62.101,1294.55,222.67,240.54,0.633
1777025690084942605,75.604,0,0.8442,-1.5851,1.7958,-61.961,1288.80,220.19,237.86,2.246
1777025690188149109,75.707,0,0.8485,-1.5923,1.8042,-61.948,1288.27,219.08,236.66,3.692
1777025690285997403,75.805,0,0.8556,-1.5961,1.8109,-61.806,1282.53,217.26,234.70,3.453
1777025690387206784,75.906,0,0.8632,-1.6023,1.8201,-61.687,1277.74,215.33,232.61,4.716
1777025690487554750,76.007,0,0.8718,-1.6073,1.8285,-61.526,1271.31,213.23,230.34,4.285
1777025690583275811,76.102,0,0.8786,-1.6106,1.8347,-61.387,1265.82,211.56,228.54,0.502
1777025690681588895,76.201,0,0.8874,-1.6147,1.8425,-61.209,1258.87,209.48,226.29,1.852
1777025690781933435,76.301,0,0.8965,-1.6187,1.8504,-61.020,1251.58,207.34,223.97,1.269
1777025690884001824,76.403,0,0.9056,-1.6231,1.8586,-60.842,1244.77,205.27,221.74,0.668
1777025690983257359,76.502,0,0.9121,-1.6248,1.8634,-60.691,1239.09,203.79,220.14,0.129
1777025691082721836,76.602,0,0.9202,-1.6278,1.8699,-60.520,1232.67,202.00,218.21,0.550
1777025691182366051,76.701,0,0.9306,-1.6304,1.8773,-60.282,1223.88,199.74,215.77,0.967
1777025691283374028,76.802,0,0.9444,-1.6325,1.8860,-59.951,1211.88,196.83,212.63,0.425
1777025691382607656,76.902,0,0.9536,-1.6335,1.8915,-59.726,1203.84,194.94,210.58,1.088
1777025691482463554,77.002,0,0.9681,-1.6359,1.9009,-59.385,1191.86,192.02,207.42,1.840
1777025691584314149,77.103,0,0.9918,-1.6353,1.9126,-58.762,1170.61,187.41,202.45,0.738
1777025691682386440,77.201,0,1.0125,-1.6323,1.9208,-58.189,1151.73,183.59,198.33,1.630
1777025691782401428,77.301,0,1.0299,-1.6322,1.9300,-57.748,1137.61,180.49,194.97,1.986
1777025691882832708,77.402,0,1.0528,-1.6263,1.9373,-57.082,1116.88,176.56,190.73,1.816
1777025691981258142,77.500,0,1.0775,-1.6188,1.9446,-56.351,1095.03,172.52,186.36,2.930
1777025692084481387,77.604,0,1.0999,-1.6120,1.9515,-55.695,1076.08,169.00,182.57,1.111
1777025692184469672,77.704,0,1.1256,-1.6018,1.9578,-54.904,1054.09,165.14,178.39,0.884
1777025692283363045,77.802,0,1.1479,-1.5919,1.9626,-54.205,1035.36,161.93,174.93,2.007
1777025692384377466,77.903,0,1.1688,-1.5806,1.9658,-53.518,1017.56,159.04,171.80,0.218
1777025692482283444,78.001,0,1.1903,-1.5691,1.9694,-52.817,999.97,156.17,168.70,2.910
1777025692582731742,78.102,0,1.2126,-1.5547,1.9717,-52.049,981.35,153.30,165.60,2.170
1777025692681338619,78.200,0,1.2324,-1.5413,1.9734,-51.353,965.03,150.83,162.93,4.536
1777025692782229356,78.301,0,1.2599,-1.5224,1.9761,-50.389,943.21,147.54,159.38,3.132
1777025692883788232,78.403,0,1.2849,-1.5043,1.9783,-49.498,923.82,144.67,156.28,1.918
1777025692981787024,78.501,0,1.3086,-1.4867,1.9806,-48.644,905.89,142.05,153.44,3.657
1777025693085123471,78.604,0,1.3330,-1.4687,1.9834,-47.772,888.19,139.45,150.64,0.192
1777025693180546332,78.700,0,1.3552,-1.4531,1.9870,-46.996,872.93,137.16,148.17,1.781
1777025693282691738,78.802,0,1.3824,-1.4332,1.9912,-46.035,854.64,134.47,145.26,3.216
1777025693383698992,78.903,0,1.4068,-1.4157,1.9958,-45.179,838.89,132.13,142.73,2.027
1777025693499548727,79.019,0,1.4361,-1.3944,2.0017,-44.155,820.64,129.43,139.82,3.112
1777025693583205198,79.102,0,1.4564,-1.3802,2.0065,-43.461,808.62,127.63,137.88,2.764
1777025693684533652,79.204,0,1.4789,-1.3642,2.0120,-42.689,795.59,125.69,135.77,1.572
1777025693782230910,79.301,0,1.5002,-1.3510,2.0189,-42.004,784.28,123.90,133.85,3.558
1777025693884070191,79.403,0,1.5225,-1.3382,2.0271,-41.314,773.14,122.09,131.89,3.291
1777025693983355578,79.502,0,1.5429,-1.3288,2.0362,-40.738,764.02,120.48,130.15,4.202
1777025694084523015,79.604,0,1.5646,-1.3199,2.0470,-40.151,754.89,118.80,128.34,1.611
1777025694184343321,79.703,0,1.5882,-1.3115,2.0597,-39.548,745.67,117.04,126.43,4.188
1777025694283027511,79.802,0,1.6105,-1.3064,2.0737,-39.049,738.17,115.42,124.69,3.710
1777025694384918606,79.904,0,1.6336,-1.3022,2.0891,-38.558,730.88,113.79,122.92,1.579
1777025694482082112,80.001,0,1.6555,-1.2976,2.1034,-38.089,724.01,112.28,121.29,4.027
1777025694582606557,80.102,0,1.6781,-1.2970,2.1209,-37.700,718.38,110.77,119.66,4.271
1777025694681094583,80.200,0,1.7012,-1.2965,2.1389,-37.310,712.79,109.27,118.03,8.143
1777025694783498134,80.303,0,1.7260,-1.2981,2.1597,-36.947,707.64,107.70,116.34,3.908
1777025694885068270,80.404,0,1.7466,-1.3006,2.1777,-36.674,703.81,106.43,114.97,2.580
1777025694983961551,80.503,0,1.7658,-1.3048,2.1955,-36.462,700.84,105.27,113.72,2.966
1777025695085895645,80.605,0,1.7886,-1.3129,2.2188,-36.281,698.33,103.93,112.27,1.852
1777025695182507676,80.702,0,1.8047,-1.3188,2.2352,-36.157,696.62,103.00,111.26,3.390
1777025695282560812,80.802,0,1.8216,-1.3281,2.2543,-36.095,695.75,102.04,110.23,3.047
1777025695382746891,80.902,0,1.8331,-1.3371,2.2690,-36.107,695.93,101.40,109.54,3.405
1777025695486766497,81.006,0,1.8468,-1.3513,2.2884,-36.193,697.12,100.65,108.73,1.209
1777025695594988160,81.114,0,1.8594,-1.3699,2.3095,-36.380,699.70,99.97,107.99,1.581
1777025695691621006,81.211,0,1.8683,-1.3910,2.3292,-36.669,703.74,99.50,107.48,4.083
1777025695782772976,81.302,0,1.8750,-1.4107,2.3464,-36.957,707.78,99.14,107.10,2.830
1777025695883445605,81.403,0,1.8789,-1.4331,2.3631,-37.334,713.13,98.93,106.87,2.956
1777025695988700824,81.508,0,1.8779,-1.4590,2.3781,-37.843,720.44,98.98,106.93,0.257
1777025696081165703,81.600,0,1.8738,-1.4804,2.3880,-38.310,727.23,99.20,107.16,1.150
1777025696185886577,81.705,0,1.8662,-1.5033,2.3964,-38.852,735.22,99.60,107.60,2.345
1777025696283903610,81.803,0,1.8561,-1.5213,2.3999,-39.338,742.49,100.15,108.18,3.543
1777025696381490740,81.901,0,1.8475,-1.5342,2.4014,-39.706,748.07,100.61,108.69,1.251
1777025696486731663,82.006,0,1.8311,-1.5559,2.4028,-40.355,758.04,101.52,109.66,3.322
1777025696582205079,82.101,0,1.8172,-1.5699,2.4014,-40.823,765.36,102.29,110.50,2.143
1777025696684155265,82.203,0,1.8052,-1.5824,2.4006,-41.238,771.93,102.97,111.24,2.930
1777025696782602922,82.302,0,1.7907,-1.5988,2.4006,-41.759,780.31,103.81,112.14,0.151
1777025696882385691,82.401,0,1.7754,-1.6132,2.3989,-42.259,788.46,104.70,113.10,1.535
1777025696986859383,82.506,0,1.7536,-1.6310,2.3949,-42.926,799.55,106.00,114.51,2.100
1777025697087331292,82.606,0,1.7693,-1.5967,2.3833,-42.066,785.29,105.06,113.49,2.717
1777025697183215721,82.702,0,1.8350,-1.4966,2.3680,-39.201,740.43,101.30,109.43,2.056
1777025697282713976,82.802,0,1.9145,-1.3701,2.3543,-35.590,688.82,97.09,104.88,1.174
1777025697383642175,82.903,0,1.9562,-1.2732,2.3341,-33.058,655.36,95.02,102.65,2.021
1777025697487779686,83.007,1,1.9625,-1.2175,2.3095,-31.814,639.62,94.72,102.32,3.457
1777025697582158227,83.101,1,1.9804,-1.1513,2.2907,-30.173,619.49,93.86,101.40,0.178
1777025697690847773,83.210,1,2.0414,-0.9960,2.2714,-26.008,571.22,91.06,98.36,0.518
1777025697782717512,83.302,1,2.1033,-0.8104,2.2541,-21.071,518.24,88.38,95.47,0.651
1777025697883082719,83.402,1,2.1564,-0.5959,2.2372,-15.448,462.00,86.20,93.12,0.969
1777025697983795143,83.503,1,2.1931,-0.3340,2.2184,-8.658,397.93,84.76,91.56,1.520
1777025698084308496,83.603,1,2.1968,-0.2292,2.2087,-5.957,373.18,84.62,91.41,1.813
1777025698182251955,83.701,1,2.2012,-0.2257,2.2127,-5.855,372.25,84.45,91.22,0.505
1777025698283361170,83.802,1,2.2015,-0.1558,2.2070,-4.047,355.84,84.44,91.21,6.444
1777025698383383696,83.902,1,2.1966,-0.0018,2.1966,-0.046,319.72,84.62,91.42,1.031
1777025698483412555,84.003,1,2.1752,0.2037,2.1847,5.351,270.93,85.46,92.31,0.696
1777025698589017140,84.108,1,2.1084,0.5062,2.1683,13.502,195.32,88.16,95.24,1.727
1777025698683061148,84.202,1,2.0016,0.7935,2.1531,21.624,114.61,92.87,100.32,0.852
1777025698783377485,84.302,0,1.8082,1.1369,2.1359,32.160,-5.36,102.80,111.05,0.627
1777025698884269981,84.403,0,1.6062,1.3919,2.1254,40.912,-128.16,115.73,125.02,1.378
1777025698983763976,84.503,0,1.6214,1.3784,2.1281,40.369,-119.66,114.65,123.85,0.475
1777025699086694521,84.606,0,1.6315,1.3699,2.1304,40.020,-114.27,113.94,123.08,3.348
1777025699183652936,84.703,0,1.5883,1.4156,2.1276,41.708,-140.88,117.03,126.42,0.560
1777025699282759770,84.802,0,1.4886,1.5142,2.1234,45.489,-205.93,124.87,134.89,0.340
1777025699382669074,84.902,0,1.3406,1.6411,2.1191,50.755,-312.79,138.66,149.78,0.441
1777025699484405819,85.004,0,1.1319,1.7863,2.1147,57.640,-495.57,164.22,177.40,0.893
1777025699584536714,85.104,0,1.0322,1.8440,2.1132,60.761,-603.12,180.09,194.54,1.421
1777025699682492432,85.202,0,1.0445,1.8402,2.1159,60.421,-590.41,177.97,192.25,1.479
1777025699787593487,85.307,0,0.9542,1.8897,2.1169,63.207,-703.20,194.80,210.43,4.162
1777025699883317992,85.402,0,0.8052,1.9579,2.1170,67.646,-936.30,230.86,249.39,0.750
1777025699979258032,85.498,0,0.5946,2.0320,2.1172,73.689,-1445.22,312.61,337.70,2.396
1777025700083043621,85.602,0,0.2790,2.1011,2.1196,82.436,-3569.12,666.22,719.68,1.532
1777025700180423735,85.700,0,-0.0777,2.1231,2.1246,92.097,nan,nan,nan,3.866
1777025700280396724,85.799,0,-0.4358,2.0873,2.1323,101.793,nan,nan,nan,2.450
1777025700380347566,85.899,0,-0.8255,1.9800,2.1452,112.632,nan,nan,nan,4.112
1777025700478967257,85.998,0,-1.1887,1.8058,2.1620,123.356,nan,nan,nan,2.576
1777025700580849074,86.100,0,-1.5368,1.5506,2.1831,134.743,nan,nan,nan,4.402
1777025700681477925,86.201,0,-1.8085,1.2611,2.2048,145.112,nan,nan,nan,3.092
1777025700781880909,86.301,0,-2.0241,0.9320,2.2284,155.276,nan,nan,nan,3.079
1777025700883082679,86.402,0,-2.1810,0.5685,2.2539,165.391,nan,nan,nan,2.756
1777025700983299239,86.502,0,-2.2729,0.1702,2.2793,175.716,nan,nan,nan,6.233
1777025701084467899,86.604,0,-2.2930,-0.2316,2.3047,-174.232,nan,nan,nan,0.752
1777025701182604022,86.702,0,-2.2505,-0.5968,2.3283,-165.147,nan,nan,nan,5.103
1777025701283050153,86.802,0,-2.1266,-1.0081,2.3534,-154.636,nan,nan,nan,2.554
1777025701381805806,86.901,0,-1.9582,-1.3426,2.3742,-145.565,nan,nan,nan,3.876
1777025701483982860,87.003,0,-2.0613,-1.2011,2.3857,-149.770,nan,nan,nan,1.389
1777025701582672421,87.102,0,-2.2464,-0.8277,2.3941,-159.774,nan,nan,nan,3.226
1777025701682914536,87.202,0,-2.3680,-0.3595,2.3951,-171.369,nan,nan,nan,2.744
1777025701783343964,87.302,0,-2.3954,0.0896,2.3971,177.857,nan,nan,nan,1.893
1777025701882266781,87.401,0,-2.3383,0.5382,2.3994,167.038,nan,nan,nan,3.558
1777025701984616167,87.504,0,-2.2117,0.9283,2.3986,157.232,nan,nan,nan,1.241
1777025702082584088,87.602,0,-2.2211,0.9225,2.4051,157.445,nan,nan,nan,4.653
1777025702182548781,87.702,0,-2.3140,0.7079,2.4198,162.991,nan,nan,nan,3.838
1777025702283671589,87.803,0,-2.3459,0.6738,2.4408,163.975,nan,nan,nan,2.083
1777025702382359039,87.901,0,-2.3667,0.6544,2.4555,164.543,nan,nan,nan,3.423
1777025702481151228,88.000,0,-2.3936,0.6294,2.4749,165.267,nan,nan,nan,3.528
1777025702583448225,88.103,0,-2.4253,0.5703,2.4914,166.768,nan,nan,nan,4.382
1777025702682069509,88.201,0,-2.4531,0.5151,2.5066,168.142,nan,nan,nan,3.641
1777025702782687712,88.302,0,-2.4855,0.4254,2.5217,170.288,nan,nan,nan,4.104
1777025702883226620,88.402,0,-2.5157,0.3074,2.5344,173.034,nan,nan,nan,3.990
1777025702985111011,88.504,0,-2.5470,0.1680,2.5525,176.227,nan,nan,nan,2.142
1777025703081334399,88.600,0,-2.5631,0.0424,2.5634,179.052,nan,nan,nan,2.215
1777025703185007713,88.704,0,-2.5732,-0.1251,2.5762,-177.217,nan,nan,nan,1.717
1777025703283138021,88.802,0,-2.5720,-0.2753,2.5867,-173.891,nan,nan,nan,3.944
1777025703383048752,88.902,0,-2.5599,-0.4215,2.5944,-170.649,nan,nan,nan,3.021
1777025703481331855,89.000,0,-2.5386,-0.5645,2.6006,-167.463,nan,nan,nan,2.205
1777025703584131864,89.103,0,-2.5062,-0.7230,2.6084,-163.909,nan,nan,nan,3.689
1777025703681419627,89.201,0,-2.4713,-0.8513,2.6138,-160.992,nan,nan,nan,1.618
1777025703782415808,89.302,0,-2.4200,-1.0041,2.6200,-157.466,nan,nan,nan,3.200
1777025703881466586,89.401,0,-2.3625,-1.1446,2.6252,-154.150,nan,nan,nan,1.823
1777025703983463846,89.503,0,-2.2971,-1.2799,2.6296,-150.875,nan,nan,nan,3.697
1777025704080466428,89.600,0,-2.2220,-1.4128,2.6331,-147.551,nan,nan,nan,0.576
1777025704182532224,89.702,0,-2.1423,-1.5360,2.6361,-144.361,nan,nan,nan,2.171
1777025704283857993,89.803,0,-2.0525,-1.6577,2.6383,-141.075,nan,nan,nan,3.864
1777025704382324945,89.901,0,-1.9438,-1.7862,2.6398,-137.419,nan,nan,nan,1.987
1777025704482174640,90.001,0,-1.8459,-1.8878,2.6403,-134.357,nan,nan,nan,2.087
1777025704581785078,90.101,0,-1.7303,-1.9939,2.6400,-130.952,nan,nan,nan,1.736
1777025704685711443,90.205,0,-1.5991,-2.0997,2.6393,-127.293,nan,nan,nan,4.570
1777025704784399819,90.303,0,-1.4881,-2.1764,2.6365,-124.361,nan,nan,nan,0.917
1777025704881599491,90.401,0,-1.3632,-2.2507,2.6313,-121.203,nan,nan,nan,1.604
1777025704983454994,90.503,0,-1.2269,-2.3220,2.6262,-117.852,nan,nan,nan,2.537
1777025705082831268,90.602,0,-1.0873,-2.3816,2.6181,-114.539,nan,nan,nan,1.947
1777025705181669734,90.701,0,-0.9505,-2.4266,2.6062,-111.391,nan,nan,nan,0.636
1777025705281291950,90.800,0,-0.8175,-2.4647,2.5968,-108.350,nan,nan,nan,0.455
1777025705380433913,90.900,0,-0.6840,-2.4948,2.5869,-105.333,nan,nan,nan,0.890
1777025705481700885,91.001,0,-0.5392,-2.5178,2.5749,-102.087,nan,nan,nan,0.119
1777025705583017358,91.102,0,-0.3974,-2.5316,2.5626,-98.921,nan,nan,nan,1.912
1777025705684047704,91.203,0,-0.2597,-2.5372,2.5504,-95.843,nan,nan,nan,2.840
1777025705782981558,91.302,0,-0.1192,-2.5345,2.5373,-92.693,nan,nan,nan,1.604
1777025705882498516,91.402,0,0.0073,-2.5243,2.5244,-89.834,nan,nan,nan,0.241
1777025705983628898,91.503,0,0.1510,-2.5056,2.5101,-86.552,8889.00,1231.30,1330.11,1.972
1777025706082598344,91.602,0,0.2832,-2.4797,2.4958,-83.484,4839.88,656.30,708.96,0.665
1777025706184258127,91.703,0,0.4142,-2.4460,2.4808,-80.390,3368.82,448.82,484.84,1.995
1777025706283194129,91.802,0,0.5533,-2.4024,2.4653,-77.030,2561.25,335.95,362.91,1.111
1777025706385093298,91.904,0,0.6801,-2.3522,2.4486,-73.874,2105.13,273.32,295.25,1.809
1777025706482295025,92.001,0,0.7925,-2.2999,2.4326,-70.987,1817.74,234.55,253.37,0.056
1777025706584771631,92.104,0,0.9160,-2.2345,2.4149,-67.709,1578.87,202.93,219.22,1.603
1777025706682810645,92.202,0,1.0307,-2.1648,2.3977,-64.541,1403.84,180.35,194.82,1.286
1777025706786382367,92.305,0,1.1403,-2.0888,2.3798,-61.369,1265.14,163.01,176.10,4.102
1777025706882723772,92.402,0,1.2410,-2.0074,2.3600,-58.275,1154.52,149.79,161.80,0.216
1777025706984632533,92.504,0,1.2739,-1.9681,2.3444,-57.087,1117.05,145.92,157.63,1.326
1777025707083646904,92.603,0,1.2401,-1.9692,2.3271,-57.799,1139.21,149.89,161.92,1.318
1777025707183602134,92.703,0,1.2089,-1.9607,2.3034,-58.345,1156.80,153.77,166.11,0.823
1777025707282814652,92.802,0,1.1834,-1.9543,2.2846,-58.804,1172.01,157.08,169.69,0.176
1777025707382509829,92.902,0,1.1594,-1.9463,2.2655,-59.218,1186.09,160.33,173.19,2.368
1777025707482649594,93.002,0,1.1339,-1.9369,2.2444,-59.655,1201.32,163.93,177.09,1.087
1777025707584712576,93.104,0,1.1069,-1.9270,2.2223,-60.127,1218.22,167.93,181.41,1.461
1777025707686279582,93.205,0,1.0589,-1.9226,2.1949,-61.157,1256.86,175.55,189.64,2.509
1777025707784533944,93.304,0,1.0042,-1.9120,2.1596,-62.290,1302.39,185.11,199.96,1.707
1777025707883834664,93.403,0,0.9795,-1.8885,2.1274,-62.585,1314.78,189.77,205.00,0.586
1777025707984139297,93.503,0,0.9183,-1.8864,2.0980,-64.043,1379.98,202.42,218.66,0.694
1777025708081383839,93.600,0,0.8709,-1.8766,2.0688,-65.105,1431.90,213.44,230.57,2.077
1777025708182312316,93.701,0,0.8305,-1.8682,2.0444,-66.033,1480.83,223.83,241.79,1.415
1777025708284592166,93.804,0,0.7944,-1.8596,2.0222,-66.870,1528.08,234.01,252.78,0.504
1777025708388429403,93.908,0,0.7469,-1.8489,1.9941,-68.004,1597.54,248.88,268.86,4.001
1777025708482576650,94.002,0,0.6970,-1.8404,1.9680,-69.258,1682.74,266.70,288.10,1.539
1777025708581802945,94.101,0,0.6615,-1.8358,1.9513,-70.183,1752.17,280.99,303.54,3.229
1777025708684091812,94.203,0,0.6264,-1.8389,1.9426,-71.189,1835.08,296.75,320.56,2.468
1777025708783057203,94.302,0,0.5885,-1.8412,1.9330,-72.274,1934.65,315.84,341.18,1.680
1777025708883171116,94.402,0,0.5544,-1.8430,1.9246,-73.257,2035.72,335.27,362.18,1.423
1777025708983428491,94.503,0,0.5255,-1.8433,1.9168,-74.087,2130.44,353.72,382.10,1.081
1777025709082551324,94.602,0,0.4816,-1.8449,1.9068,-75.370,2297.40,385.98,416.96,2.594
1777025709180816112,94.700,0,0.4581,-1.8464,1.9024,-76.066,2400.42,405.76,438.32,3.963
1777025709280984173,94.800,0,0.4333,-1.8462,1.8964,-76.792,2519.31,428.99,463.42,3.755
1777025709383483705,94.903,0,0.4042,-1.8463,1.8901,-77.650,2677.66,459.84,496.74,1.830
1777025709481779381,95.001,0,0.3785,-1.8497,1.8880,-78.436,2842.86,491.15,530.57,3.368
1777025709582364641,95.101,0,0.3450,-1.8510,1.8828,-79.441,3089.38,538.76,581.99,3.149
1777025709680788853,95.200,0,0.3058,-1.8511,1.8762,-80.619,3444.80,607.83,656.60,3.294
1777025709781594017,95.301,0,0.2798,-1.8518,1.8728,-81.407,3736.38,664.29,717.60,4.155
1777025709881695875,95.401,0,0.2423,-1.8505,1.8663,-82.540,4262.53,767.14,828.70,3.693
1777025709980362862,95.499,0,0.2210,-1.8540,1.8671,-83.202,4650.73,841.05,908.54,3.022
1777025710080416165,95.600,0,0.1899,-1.8548,1.8645,-84.154,5362.44,978.81,1057.36,2.974
1777025710182253871,95.701,0,0.1580,-1.8561,1.8628,-85.135,6385.85,1176.62,1271.04,3.978
1777025710282490283,95.802,0,0.1253,-1.8577,1.8620,-86.143,7977.27,1483.99,1603.07,3.546
1777025710384985518,95.904,0,0.0866,-1.8598,1.8618,-87.333,11402.87,2145.49,2317.66,1.396
1777025710484409922,96.004,0,0.0568,-1.8605,1.8613,-88.252,17243.02,3274.72,3537.50,1.402
1777025710580709568,96.100,0,0.0288,-1.8614,1.8616,-89.114,nan,nan,nan,2.495
1777025710684363400,96.203,0,-0.0016,-1.8624,1.8624,-90.048,nan,nan,nan,1.926
1777025710782198971,96.301,0,-0.0283,-1.8637,1.8639,-90.870,nan,nan,nan,3.979
1777025710882383180,96.401,0,-0.0634,-1.8648,1.8659,-91.948,nan,nan,nan,3.872
1777025710980759171,96.500,0,-0.0925,-1.8658,1.8681,-92.839,nan,nan,nan,2.490
1777025711083563606,96.603,0,-0.1278,-1.8668,1.8711,-93.917,nan,nan,nan,3.849
1777025711181904615,96.701,0,-0.1350,-1.8726,1.8774,-94.123,nan,nan,nan,3.526
1777025711281050985,96.800,0,-0.1017,-1.8765,1.8793,-93.103,nan,nan,nan,3.119
1777025711384755150,96.904,0,-0.0607,-1.8768,1.8778,-91.852,nan,nan,nan,2.601
1777025711481327589,97.000,0,-0.0304,-1.8714,1.8716,-90.930,nan,nan,nan,2.648
1777025711582301288,97.101,0,0.0586,-1.8593,1.8602,-88.196,16713.23,3174.26,3428.99,3.376
1777025711683266746,97.202,0,0.1898,-1.8362,1.8460,-84.098,5314.27,979.28,1057.86,4.361
1777025711783763877,97.303,0,0.3040,-1.8072,1.8326,-80.453,3389.23,611.53,660.60,4.660
1777025711882254496,97.401,0,0.3969,-1.7796,1.8233,-77.427,2634.50,468.35,505.93,3.286
1777025711981787990,97.501,0,0.4964,-1.7424,1.8117,-74.098,2131.67,374.47,404.52,2.228
1777025712083270331,97.602,0,0.5579,-1.7123,1.8009,-71.954,1904.14,333.20,359.94,3.960
1777025712180201266,97.699,0,0.5643,-1.6986,1.7899,-71.622,1873.53,329.40,355.83,0.987
1777025712284552830,97.804,0,0.5915,-1.6785,1.7797,-70.587,1784.45,314.24,339.46,2.997
1777025712381197360,97.900,0,0.6019,-1.6659,1.7713,-70.134,1748.36,308.81,333.59,1.054
1777025712480677671,98.000,0,0.6246,-1.6474,1.7618,-69.236,1681.18,297.61,321.49,1.209
1777025712580736659,98.100,0,0.6359,-1.6333,1.7527,-68.729,1645.61,292.34,315.79,1.103
1777025712682189833,98.201,0,0.6483,-1.6191,1.7441,-68.180,1608.92,286.74,309.75,2.331
1777025712783659211,98.303,0,0.6675,-1.6082,1.7412,-67.459,1563.34,278.48,300.83,4.472
1777025712881691706,98.401,0,0.6764,-1.5995,1.7367,-67.078,1540.36,274.82,296.87,1.365
1777025712982280354,98.501,0,0.6762,-1.5883,1.7263,-66.939,1532.11,274.89,296.95,2.265
1777025713080383626,98.599,0,0.6874,-1.5788,1.7220,-66.473,1505.31,270.43,292.13,0.413
1777025713183634222,98.703,0,0.6974,-1.5707,1.7186,-66.059,1482.22,266.54,287.93,2.605
1777025713280989114,98.800,0,0.7029,-1.5643,1.7150,-65.804,1468.41,264.44,285.66,2.203
1777025713382920023,98.902,0,0.7128,-1.5572,1.7126,-65.403,1447.25,260.76,281.69,1.548
1777025713481954783,99.001,0,0.7252,-1.5516,1.7127,-64.950,1424.08,256.33,276.90,1.010
1777025713581406520,99.101,0,0.7392,-1.5485,1.7159,-64.481,1400.90,251.45,271.63,0.474
1777025713680952144,99.200,0,0.7516,-1.5426,1.7160,-64.023,1379.03,247.31,267.16,0.408
1777025713783774857,99.303,0,0.7737,-1.5290,1.7136,-63.160,1339.73,240.26,259.54,2.284
1777025713881181711,99.400,0,0.7818,-1.5266,1.7152,-62.882,1327.52,237.75,256.83,2.215
1777025713981292569,99.500,0,0.7894,-1.5242,1.7165,-62.621,1316.33,235.49,254.38,1.240
1777025714082258953,99.601,0,0.7979,-1.5228,1.7191,-62.347,1304.75,232.97,251.67,0.240
1777025714182093000,99.701,0,0.8107,-1.5186,1.7215,-61.905,1286.52,229.29,247.69,0.313
1777025714280850597,99.800,0,0.8233,-1.5153,1.7245,-61.483,1269.62,225.78,243.90,0.951
1777025714380218427,99.899,0,0.8326,-1.5127,1.7267,-61.171,1257.39,223.25,241.17,2.182
1777025714481054368,100.000,0,0.8446,-1.5103,1.7304,-60.786,1242.67,220.09,237.76,1.813
1777025714581821329,100.101,0,0.8557,-1.5076,1.7335,-60.420,1228.97,217.22,234.65,0.692
1777025714681997389,100.201,0,0.8524,-1.5118,1.7356,-60.583,1235.05,218.06,235.56,0.400
1777025714780073087,100.299,0,0.8543,-1.5145,1.7388,-60.574,1234.68,217.59,235.05,2.364
1777025714882512435,100.402,0,0.8392,-1.5267,1.7422,-61.202,1258.59,221.49,239.26,0.319
1777025714981068904,100.500,0,0.8306,-1.5345,1.7449,-61.573,1273.19,223.78,241.74,1.497
1777025715082816260,100.602,0,0.8195,-1.5436,1.7477,-62.037,1291.91,226.83,245.03,0.022
1777025715182716324,100.702,0,0.8150,-1.5481,1.7495,-62.234,1300.04,228.07,246.37,0.553
1777025715281477829,100.801,0,0.8032,-1.5544,1.7496,-62.673,1318.55,231.43,250.00,1.325
1777025715382274622,100.901,0,0.7944,-1.5598,1.7504,-63.009,1333.10,233.98,252.76,0.391
1777025715483166211,101.002,0,0.7837,-1.5665,1.7516,-63.423,1351.43,237.19,256.23,0.369
1777025715582917610,101.102,0,0.7694,-1.5738,1.7518,-63.947,1375.49,241.60,260.99,0.470
1777025715682919377,101.202,0,0.7623,-1.5783,1.7528,-64.218,1388.29,243.83,263.40,2.473
1777025715781785861,101.301,0,0.7458,-1.5875,1.7540,-64.836,1418.36,249.23,269.23,2.414
1777025715880397849,101.399,0,0.7283,-1.5950,1.7534,-65.457,1450.05,255.21,275.69,3.846
1777025715980271802,101.499,0,0.7233,-1.5933,1.7498,-65.584,1456.74,257.00,277.62,3.416
1777025716082050843,101.601,0,0.7145,-1.5956,1.7483,-65.878,1472.40,260.16,281.04,1.766
1777025716182348717,101.701,0,0.6980,-1.5991,1.7448,-66.419,1502.24,266.31,287.68,1.171
1777025716280942835,101.800,0,0.6940,-1.5994,1.7435,-66.542,1509.21,267.83,289.32,3.105
1777025716382719153,101.902,0,0.6957,-1.5973,1.7423,-66.466,1504.88,267.20,288.64,0.416
1777025716481261771,102.000,0,0.6825,-1.5980,1.7377,-66.872,1528.24,272.35,294.20,2.190
1777025716581092595,102.100,0,0.6692,-1.6008,1.7351,-67.312,1554.38,277.75,300.04,2.687
1777025716683111115,102.202,0,0.6719,-1.6016,1.7368,-67.242,1550.17,276.67,298.87,0.552
1777025716781998136,102.301,0,0.6577,-1.5996,1.7295,-67.650,1575.16,282.64,305.33,2.204
1777025716880707493,102.400,0,0.6581,-1.5987,1.7288,-67.625,1573.58,282.45,305.11,3.042
1777025716983242098,102.502,0,0.6503,-1.5978,1.7251,-67.854,1587.95,285.84,308.77,0.856
1777025717081879307,102.601,0,0.6374,-1.5996,1.7219,-68.273,1615.01,291.61,315.01,5.796
1777025717182801488,102.702,0,0.5980,-1.6120,1.7194,-69.646,1711.15,310.83,335.78,3.189
1777025717281816193,102.801,0,0.5564,-1.6238,1.7165,-71.087,1826.29,334.11,360.92,3.424
1777025717382002106,102.901,0,0.5180,-1.6348,1.7149,-72.420,1948.97,358.87,387.67,3.943
1777025717481158420,103.000,0,0.4707,-1.6471,1.7131,-74.052,2126.25,394.93,426.62,4.041
1777025717581779160,103.101,0,0.4354,-1.6578,1.7140,-75.285,2285.45,426.96,461.23,4.291
1777025717682192088,103.201,0,0.3946,-1.6655,1.7116,-76.671,2498.63,471.05,508.86,4.427
1777025717782743329,103.302,0,0.3557,-1.6746,1.7119,-78.006,2749.84,522.52,564.45,3.270
1777025717882970278,103.402,0,0.3183,-1.6825,1.7123,-79.287,3048.71,584.01,630.88,4.326
1777025717982788843,103.502,0,0.2821,-1.6899,1.7133,-80.525,3413.03,659.04,711.93,3.021
1777025718084796955,103.604,0,0.2383,-1.6983,1.7149,-82.012,3998.98,780.02,842.62,0.569
1777025718182188773,103.701,0,0.2137,-1.7036,1.7169,-82.852,4436.36,870.03,939.84,4.455
1777025718282218002,103.801,0,0.2592,-1.6994,1.7191,-81.328,3704.87,717.18,774.73,4.544
1777025718384303095,103.903,0,0.3758,-1.6767,1.7183,-77.367,2623.06,494.64,534.33,1.550
1777025718482150592,104.001,0,0.4824,-1.6468,1.7160,-73.672,2081.91,385.31,416.23,3.983
1777025718582010601,104.101,0,0.5724,-1.6135,1.7120,-70.468,1774.86,324.76,350.82,3.956
1777025718681807074,104.201,0,0.6686,-1.5699,1.7063,-66.932,1531.71,278.02,300.34,4.098
1777025718781331661,104.300,0,0.7185,-1.5408,1.7001,-65.001,1426.65,258.73,279.49,3.816
1777025718882540209,104.402,0,0.7120,-1.5334,1.6907,-65.092,1431.28,261.06,282.01,3.540
1777025718982129369,104.501,0,0.7050,-1.5276,1.6825,-65.225,1438.08,263.65,284.80,3.846
1777025719083156216,104.602,0,0.6924,-1.5230,1.6730,-65.552,1455.04,268.46,290.00,3.097
1777025719183863381,104.703,0,0.6804,-1.5194,1.6648,-65.876,1472.31,273.19,295.12,4.277
1777025719281964634,104.801,0,0.6645,-1.5161,1.6553,-66.331,1497.28,279.72,302.17,2.757
1777025719383505696,104.903,0,0.6465,-1.5154,1.6476,-66.895,1529.54,287.50,310.57,4.241
1777025719480045043,104.999,0,0.6255,-1.5161,1.6401,-67.581,1570.84,297.17,321.02,1.156
1777025719580109939,105.099,0,0.5864,-1.5234,1.6323,-68.948,1660.77,317.01,342.45,0.942
1777025719683960602,105.203,0,0.5433,-1.5319,1.6254,-70.471,1775.10,342.12,369.58,5.534
1777025719785906825,105.305,0,0.5031,-1.5402,1.6203,-71.910,1900.02,369.48,399.13,1.837
1777025719881426574,105.401,0,0.4580,-1.5481,1.6144,-73.520,2064.70,405.88,438.45,1.541
1777025719982165850,105.501,0,0.4093,-1.5578,1.6107,-75.277,2284.26,454.10,490.54,2.914
1777025720082927607,105.602,0,0.3552,-1.5674,1.6072,-77.233,2598.01,523.36,565.36,3.659
1777025720181158673,105.700,0,0.3093,-1.5755,1.6056,-78.894,2949.77,601.04,649.27,2.021
1777025720286213728,105.805,0,0.2759,-1.5817,1.6056,-80.105,3279.25,673.70,727.76,1.623
1777025720385736445,105.905,0,0.2790,-1.5820,1.6064,-79.998,3247.06,666.25,719.72,2.726
1777025720485026671,106.004,0,0.2826,-1.5829,1.6079,-79.876,3210.90,657.66,710.43,3.476
1777025720585576706,106.105,0,0.2871,-1.5838,1.6097,-79.724,3167.46,647.37,699.32,3.363
1777025720685778098,106.205,0,0.2873,-1.5864,1.6123,-79.734,3170.24,646.94,698.86,2.243
1777025720784756008,106.304,0,0.2929,-1.5886,1.6153,-79.555,3120.19,634.74,685.68,4.346
1777025720884522629,106.404,0,0.2964,-1.5911,1.6185,-79.448,3091.26,627.17,677.50,3.681
1777025720986063094,106.505,0,0.2949,-1.5956,1.6226,-79.530,3113.35,630.40,680.99,2.871
1777025721085258149,106.604,0,0.2985,-1.5988,1.6264,-79.425,3084.93,622.73,672.70,4.099
1777025721183840212,106.703,0,0.3031,-1.6029,1.6314,-79.291,3049.74,613.22,662.43,2.347
1777025721285580564,106.805,0,0.3076,-1.6072,1.6364,-79.165,3017.03,604.27,652.76,4.206
1777025721384475956,106.904,0,0.3100,-1.6131,1.6427,-79.124,3006.63,599.72,647.85,3.505
1777025721489801571,107.009,0,0.3160,-1.6176,1.6482,-78.947,2962.56,588.26,635.47,1.522
1777025721578914270,107.098,0,0.3187,-1.6237,1.6547,-78.897,2950.31,583.34,630.15,2.570
1777025721682119804,107.201,0,0.3253,-1.6303,1.6624,-78.717,2907.36,571.50,617.36,1.262
1777025721778978356,107.298,0,0.3303,-1.6361,1.6691,-78.586,2876.95,562.79,607.95,2.672
1777025721882206186,107.401,0,0.3389,-1.6424,1.6770,-78.341,2821.75,548.52,592.54,0.915
1777025721980147332,107.499,0,0.3482,-1.6492,1.6856,-78.079,2765.12,533.89,576.73,0.987
1777025722078124479,107.597,0,0.3555,-1.6558,1.6935,-77.881,2723.98,522.82,564.78,3.440
1777025722177217387,107.696,0,0.3618,-1.6620,1.7009,-77.720,2691.53,513.84,555.08,3.698
1777025722277805755,107.797,0,0.3727,-1.6693,1.7104,-77.415,2632.15,498.79,538.82,4.276
1777025722376391374,107.895,0,0.3808,-1.6740,1.7168,-77.184,2588.98,488.09,527.26,2.944
1777025722479471576,107.999,0,0.3833,-1.6829,1.7260,-77.169,2586.29,484.96,523.87,1.665
1777025722581298482,108.100,0,0.3976,-1.6869,1.7331,-76.739,2510.17,467.56,505.08,0.663
1777025722678509121,108.198,0,0.4074,-1.6927,1.7410,-76.468,2464.73,456.30,492.91,2.485
1777025722780128307,108.299,0,0.4145,-1.6977,1.7476,-76.280,2434.27,448.48,484.47,1.540
1777025722879774170,108.399,0,0.4192,-1.7024,1.7533,-76.166,2416.14,443.40,478.98,2.427
1777025722981099601,108.500,0,0.4316,-1.7046,1.7584,-75.792,2358.69,430.70,465.27,1.373
1777025723079866014,108.599,0,0.4312,-1.7104,1.7639,-75.849,2367.25,431.05,465.64,2.575
1777025723178734888,108.698,0,0.4414,-1.7125,1.7685,-75.546,2322.52,421.10,454.89,3.560
1777025723278754746,108.798,0,0.4522,-1.7153,1.7739,-75.232,2278.05,411.09,444.08,2.296
1777025723381405806,108.901,0,0.4580,-1.7197,1.7796,-75.086,2257.94,405.84,438.41,1.723
1777025723478255469,108.997,0,0.4576,-1.7252,1.7849,-75.144,2265.82,406.18,438.77,4.572
1777025723580864234,109.100,0,0.4589,-1.7365,1.7961,-75.198,2273.36,405.10,437.61,2.775
1777025723678556866,109.198,0,0.4534,-1.7447,1.8027,-75.432,2306.18,409.97,442.87,3.003
1777025723780595805,109.300,0,0.4560,-1.7518,1.8101,-75.409,2302.86,407.64,440.35,2.824
1777025723879557030,109.399,0,0.4542,-1.7602,1.8179,-75.531,2320.32,409.25,442.09,3.589
1777025723979871772,109.499,0,0.4625,-1.7652,1.8247,-75.317,2289.93,401.91,434.16,3.529
1777025724079119474,109.598,0,0.4499,-1.7720,1.8282,-75.752,2352.75,413.12,446.27,3.953
1777025724180159466,109.699,0,0.4409,-1.7791,1.8329,-76.081,2402.79,421.59,455.42,2.832
1777025724279873531,109.799,0,0.4540,-1.7807,1.8377,-75.696,2344.43,409.42,442.27,4.146
1777025724380497991,109.900,0,0.4871,-1.7788,1.8442,-74.686,2204.93,381.63,412.25,2.744
1777025724480286797,109.999,0,0.5118,-1.7786,1.8507,-73.947,2113.73,363.21,392.36,3.979
1777025724582033259,110.101,0,0.5049,-1.7755,1.8459,-74.127,2135.14,368.19,397.73,2.186
1777025724681442588,110.201,0,0.5495,-1.7644,1.8480,-72.701,1977.23,338.28,365.43,2.845
1777025724781708554,110.301,0,0.5645,-1.7587,1.8470,-72.205,1928.01,329.30,355.73,2.343
1777025724879576257,110.399,0,0.5915,-1.7491,1.8464,-71.318,1846.32,314.28,339.50,4.054
1777025724981968895,110.501,0,0.6169,-1.7399,1.8460,-70.477,1775.52,301.31,325.49,1.780
1777025725080209834,110.599,0,0.6459,-1.7294,1.8461,-69.519,1701.73,287.77,310.86,3.849
1777025725181397416,110.700,0,0.6571,-1.7224,1.8435,-69.119,1672.85,282.90,305.61,3.084
1777025725283137712,110.802,0,0.6649,-1.7185,1.8426,-68.849,1653.88,279.57,302.01,1.559
1777025725380383850,110.899,0,0.6856,-1.7085,1.8409,-68.135,1606.04,271.13,292.89,2.958
1777025725481079290,111.000,0,0.7036,-1.6995,1.8394,-67.510,1566.48,264.18,285.38,3.286
1777025725578662313,111.098,0,0.7050,-1.6945,1.8353,-67.410,1560.35,263.66,284.82,2.299
1777025725682473245,111.202,0,0.7311,-1.6829,1.8349,-66.519,1507.89,254.26,274.66,2.192
1777025725780723221,111.300,0,0.7423,-1.6755,1.8326,-66.107,1484.87,250.43,270.53,3.554
1777025725882823327,111.402,0,0.7552,-1.6672,1.8303,-65.632,1459.27,246.15,265.91,2.055
1777025725982838851,111.502,0,0.7715,-1.6588,1.8295,-65.058,1429.52,240.94,260.28,2.385
1777025726080424892,111.600,0,0.7843,-1.6534,1.8300,-64.622,1407.78,237.00,256.02,3.342
1777025726182577922,111.702,0,0.7923,-1.6479,1.8285,-64.323,1393.27,234.62,253.44,3.063
1777025726281356131,111.800,0,0.8040,-1.6414,1.8278,-63.903,1373.44,231.19,249.75,4.163
1777025726382591897,111.902,0,0.8149,-1.6358,1.8275,-63.518,1355.72,228.10,246.40,3.009
1777025726481770619,112.001,0,0.8175,-1.6361,1.8289,-63.451,1352.69,227.39,245.64,3.028
1777025726582365172,112.101,0,0.8237,-1.6333,1.8292,-63.237,1343.13,225.67,243.78,3.420
1777025726683081038,112.202,0,0.8335,-1.6289,1.8298,-62.900,1328.32,223.01,240.90,2.479
1777025726782315814,112.301,0,0.8438,-1.6241,1.8302,-62.547,1313.20,220.31,237.99,3.699
1777025726883150957,112.402,0,0.8421,-1.6263,1.8314,-62.626,1316.52,220.75,238.46,5.264
1777025726983172888,112.502,0,0.8544,-1.6215,1.8328,-62.214,1299.21,217.56,235.02,3.243
1777025727082536255,112.602,0,0.8629,-1.6175,1.8333,-61.922,1287.23,215.42,232.71,3.558
1777025727182605594,112.702,0,0.8709,-1.6132,1.8333,-61.639,1275.82,213.45,230.58,4.553
1777025727282472953,112.802,0,0.8770,-1.6149,1.8377,-61.497,1270.16,211.96,228.97,3.963
1777025727383014026,112.902,0,0.8853,-1.6132,1.8402,-61.243,1260.20,209.97,226.81,4.626
1777025727484969744,113.004,0,0.8734,-1.6224,1.8425,-61.704,1278.41,212.82,229.90,1.462
1777025727582330029,113.101,0,0.8577,-1.6335,1.8450,-62.299,1302.75,216.73,234.12,3.891
1777025727682541440,113.202,0,0.8204,-1.6554,1.8475,-63.638,1361.22,226.59,244.77,3.986
1777025727782675314,113.302,0,0.7870,-1.6760,1.8515,-64.846,1418.86,236.19,255.14,13.589
1777025727882004219,113.401,0,0.7515,-1.6973,1.8563,-66.118,1485.46,247.34,267.19,3.636
1777025727981685563,113.501,0,0.7182,-1.7170,1.8612,-67.301,1553.71,258.81,279.58,2.766
1777025728082777035,113.602,0,0.6914,-1.7356,1.8683,-68.279,1615.45,268.84,290.42,3.556
1777025728181848554,113.701,0,0.6785,-1.7429,1.8704,-68.729,1645.61,273.95,295.93,2.602
1777025728281618508,113.801,0,0.6410,-1.7689,1.8815,-70.081,1744.17,289.98,313.25,3.147
1777025728384101052,113.903,0,0.6247,-1.7829,1.8892,-70.690,1792.92,297.55,321.43,3.493
1777025728483080777,114.002,0,0.6052,-1.7961,1.8953,-71.378,1851.61,307.12,331.77,3.530
1777025728581264716,114.100,0,0.5870,-1.8107,1.9034,-72.039,1912.15,316.69,342.11,1.735
1777025728684857800,114.204,0,0.5586,-1.8285,1.9119,-73.011,2009.40,332.76,359.46,2.984
1777025728780960492,114.300,0,0.5361,-1.8434,1.9198,-73.786,2094.91,346.75,374.58,0.798
1777025728882260905,114.401,0,0.5072,-1.8618,1.9296,-74.761,2214.62,366.49,395.89,2.711
1777025728982618554,114.502,0,0.4837,-1.8816,1.9427,-75.584,2327.95,384.31,415.15,2.757
1777025729083854043,114.603,0,0.4538,-1.9004,1.9538,-76.571,2481.80,409.65,442.52,3.708
1777025729181700395,114.701,0,0.4261,-1.9125,1.9594,-77.440,2636.85,436.25,471.26,1.450
1777025729280840561,114.800,0,0.3967,-1.9161,1.9567,-78.302,2813.18,468.56,506.16,0.938
1777025729383586602,114.903,0,0.3602,-1.9174,1.9509,-79.359,3067.55,516.01,557.42,2.666
1777025729484132248,115.003,0,0.3295,-1.9171,1.9452,-80.247,3323.34,564.11,609.38,3.194
1777025729582413483,115.102,0,0.2958,-1.9175,1.9402,-81.230,3666.45,628.41,678.84,2.106
1777025729681539168,115.201,0,0.2582,-1.9184,1.9357,-82.335,4156.13,720.01,777.79,0.059
1777025729782925876,115.302,0,0.2317,-1.9174,1.9314,-83.109,4591.61,802.14,866.51,1.246
1777025729883231971,115.402,0,0.2051,-1.9176,1.9286,-83.894,5146.33,906.18,978.90,2.561
1777025729984203333,115.503,0,0.1797,-1.9171,1.9255,-84.646,5828.55,1034.56,1117.58,3.346
1777025730082410050,115.602,0,0.1560,-1.9177,1.9240,-85.349,6666.56,1191.55,1287.17,1.517
1777025730180561360,115.700,0,0.1327,-1.9179,1.9225,-86.042,7781.07,1400.61,1513.00,0.935
1777025730281300893,115.800,0,0.1120,-1.9190,1.9223,-86.660,9167.22,1659.84,1793.04,0.414
1777025730383061577,115.902,0,0.0842,-1.9207,1.9226,-87.490,12100.16,2208.07,2385.26,1.839
1777025730482550109,116.002,0,0.0448,-1.9222,1.9227,-88.664,nan,nan,nan,0.760
1777025730580821214,116.100,0,0.0120,-1.9220,1.9221,-89.643,nan,nan,nan,0.870
1777025730683326184,116.202,0,-0.0212,-1.9225,1.9226,-90.632,nan,nan,nan,1.134
1777025730780389881,116.299,0,-0.0525,-1.9228,1.9235,-91.564,nan,nan,nan,1.646
1777025730882634355,116.402,0,-0.0851,-1.9231,1.9250,-92.532,nan,nan,nan,0.944
1777025730983722456,116.503,0,-0.1215,-1.9232,1.9271,-93.615,nan,nan,nan,1.301
1777025731080094125,116.599,0,-0.1561,-1.9235,1.9298,-94.640,nan,nan,nan,3.358
1777025731182026993,116.701,0,-0.1831,-1.9245,1.9332,-95.436,nan,nan,nan,0.556
1777025731281454211,116.801,0,-0.2233,-1.9232,1.9361,-96.623,nan,nan,nan,1.212
1777025731379868406,116.899,0,-0.2561,-1.9236,1.9406,-97.585,nan,nan,nan,2.765
1777025731484181443,117.003,0,-0.2857,-1.9230,1.9441,-98.451,nan,nan,nan,1.349
1777025731580183988,117.099,0,-0.3161,-1.9240,1.9498,-99.331,nan,nan,nan,2.457
1777025731681928191,117.201,0,-0.3470,-1.9242,1.9552,-100.222,nan,nan,nan,0.800
1777025731779580564,117.299,0,-0.3758,-1.9249,1.9612,-101.046,nan,nan,nan,3.395
1777025731881876426,117.401,0,-0.4040,-1.9261,1.9681,-101.847,nan,nan,nan,1.013
1777025731983365688,117.502,0,-0.4317,-1.9271,1.9749,-102.625,nan,nan,nan,0.503
1777025732085466238,117.605,0,-0.4658,-1.9270,1.9825,-103.590,nan,nan,nan,1.227
1777025732179816696,117.699,0,-0.5007,-1.9252,1.9892,-104.578,nan,nan,nan,0.041
1777025732283507797,117.803,0,-0.5268,-1.9280,1.9987,-105.281,nan,nan,nan,0.842
1777025732381462925,117.901,0,-0.5575,-1.9282,2.0072,-106.126,nan,nan,nan,1.674
1777025732483275368,118.002,0,-0.5914,-1.9266,2.0154,-107.065,nan,nan,nan,0.973
1777025732580851205,118.100,0,-0.6231,-1.9269,2.0252,-107.920,nan,nan,nan,3.498
1777025732682194951,118.201,0,-0.6486,-1.9346,2.0404,-108.534,nan,nan,nan,1.925
1777025732783923988,118.303,0,-0.6874,-1.9327,2.0513,-109.578,nan,nan,nan,1.047
1777025732881329069,118.400,0,-0.7215,-1.9318,2.0621,-110.480,nan,nan,nan,2.137
1777025732983019180,118.502,0,-0.7521,-1.9321,2.0733,-111.268,nan,nan,nan,1.284
1777025733083027445,118.602,0,-0.7810,-1.9341,2.0858,-111.988,nan,nan,nan,1.433
1777025733180279269,118.699,0,-0.8039,-1.9370,2.0972,-112.539,nan,nan,nan,4.120
1777025733281990194,118.801,0,-0.8309,-1.9397,2.1101,-113.188,nan,nan,nan,2.586
1777025733383674917,118.903,0,-0.8551,-1.9435,2.1233,-113.750,nan,nan,nan,1.139
1777025733481089127,119.000,0,-0.8894,-1.9422,2.1362,-114.606,nan,nan,nan,3.633
1777025733581914473,119.101,0,-0.9183,-1.9435,2.1495,-115.289,nan,nan,nan,2.632
1777025733680952437,119.200,0,-0.9535,-1.9420,2.1634,-116.150,nan,nan,nan,3.759
1777025733782265499,119.301,0,-0.9854,-1.9419,2.1776,-116.906,nan,nan,nan,2.565
1777025733881851288,119.401,0,-1.0148,-1.9432,2.1922,-117.574,nan,nan,nan,2.598
1777025733980148652,119.499,0,-1.0422,-1.9438,2.2056,-118.200,nan,nan,nan,3.219
1777025734081213273,119.600,0,-1.0728,-1.9460,2.2221,-118.866,nan,nan,nan,3.506
1777025734182468224,119.702,0,-1.1096,-1.9425,2.2371,-119.737,nan,nan,nan,2.620
1777025734280394611,119.799,0,-1.1251,-1.9427,2.2450,-120.078,nan,nan,nan,3.742
1777025734384674630,119.904,0,-1.1281,-1.9461,2.2494,-120.099,nan,nan,nan,0.643
1777025734482344244,120.001,0,-1.1265,-1.9465,2.2490,-120.058,nan,nan,nan,3.048
1777025734579690862,120.099,0,-1.1264,-1.9468,2.2492,-120.054,nan,nan,nan,2.115
1777025734681421917,120.201,0,-1.1264,-1.9471,2.2495,-120.050,nan,nan,nan,3.602
1777025734781520588,120.301,0,-1.2334,-1.8809,2.2492,-123.256,nan,nan,nan,3.832
1777025734883513807,120.403,0,-1.3259,-1.8171,2.2494,-126.117,nan,nan,nan,2.211
1777025734984197766,120.503,0,-1.4226,-1.7426,2.2495,-129.229,nan,nan,nan,1.767
1777025735083225841,120.602,0,-1.5034,-1.6737,2.2497,-131.931,nan,nan,nan,4.620
1777025735182053235,120.701,0,-1.5821,-1.6004,2.2504,-134.670,nan,nan,nan,4.146
1777025735281808522,120.801,0,-1.6471,-1.5332,2.2502,-137.052,nan,nan,nan,4.116
1777025735379777817,120.899,0,-1.7220,-1.4476,2.2496,-139.948,nan,nan,nan,1.663
1777025735481596815,121.001,0,-1.7870,-1.3664,2.2495,-142.598,nan,nan,nan,2.935
1777025735585717854,121.105,0,-1.8659,-1.2556,2.2491,-146.062,nan,nan,nan,1.025
1777025735683339413,121.202,0,-1.9220,-1.1681,2.2491,-148.712,nan,nan,nan,2.972
1777025735782159121,121.301,0,-1.9709,-1.0832,2.2489,-151.207,nan,nan,nan,3.834
1777025735882673324,121.402,0,-2.0210,-0.9858,2.2486,-153.998,nan,nan,nan,4.004
1777025735982065579,121.501,0,-2.0662,-0.8883,2.2491,-156.736,nan,nan,nan,3.528
1777025736082784594,121.602,0,-2.1166,-0.7633,2.2500,-160.169,nan,nan,nan,3.886
1777025736181454248,121.701,0,-2.1874,-0.5201,2.2484,-166.626,nan,nan,nan,2.274
1777025736282402463,121.801,0,-2.2357,-0.1536,2.2410,-176.071,nan,nan,nan,3.371
1777025736383957836,121.903,0,-2.2159,0.3002,2.2361,172.285,nan,nan,nan,3.530
1777025736484414779,122.004,0,-2.1197,0.7129,2.2364,161.410,nan,nan,nan,2.583
1777025736584631153,122.104,0,-1.9243,1.1307,2.2319,149.562,nan,nan,nan,3.450
1777025736686396893,122.205,0,-1.6778,1.4597,2.2239,138.976,nan,nan,nan,1.437
1777025736781596783,122.301,0,-1.3978,1.7277,2.2223,128.975,nan,nan,nan,1.895
1777025736881234535,122.400,0,-1.0782,1.9386,2.2183,119.080,nan,nan,nan,2.147
1777025736981751959,122.501,0,-0.9384,2.0069,2.2155,115.059,nan,nan,nan,0.250
1777025737079264371,122.598,0,-0.8861,2.0293,2.2144,113.589,nan,nan,nan,0.447
1777025737181435235,122.701,0,-0.7878,2.0637,2.2090,110.894,nan,nan,nan,1.577
1777025737280009225,122.799,0,-0.6795,2.1004,2.2076,107.926,nan,nan,nan,0.456
1777025737379653736,122.899,0,-0.3971,2.1710,2.2070,100.366,nan,nan,nan,0.523
1777025737481860006,123.001,0,0.0436,2.2047,2.2052,88.866,nan,nan,nan,0.859
1777025737582453171,123.102,0,0.4718,2.1524,2.2035,77.636,-2036.25,393.98,425.60,2.116
1777025737679294722,123.198,0,0.8902,2.0152,2.2031,66.166,-849.52,208.80,225.56,1.501
1777025737782986842,123.302,0,1.2654,1.8028,2.2026,54.934,-416.32,146.90,158.68,2.270
1777025737882865609,123.402,0,1.4912,1.6189,2.2010,47.351,-241.26,124.65,134.66,2.195
1777025737982257901,123.501,0,1.5578,1.5513,2.1985,44.880,-194.89,119.32,128.90,1.916
1777025738082154335,123.601,0,1.7483,1.3254,2.1939,37.166,-72.15,106.32,114.85,1.073
1777025738182134952,123.701,1,1.9753,0.9441,2.1894,25.546,72.51,94.10,101.65,1.243
1777025738281839111,123.801,1,2.1158,0.5341,2.1822,14.168,188.95,87.86,94.91,0.885
1777025738382278777,123.901,1,2.1733,0.0826,2.1749,2.176,299.68,85.53,92.39,0.399
1777025738483499321,124.003,1,2.1386,-0.3026,2.1599,-8.055,392.37,86.92,93.89,2.328
1777025738585496280,124.105,1,2.0610,-0.5775,2.1404,-15.652,463.97,90.19,97.43,2.835
1777025738683343669,124.202,1,1.9611,-0.7997,2.1179,-22.185,529.86,94.79,102.39,1.583
1777025738782201673,124.301,1,1.8695,-0.9351,2.0903,-26.575,577.58,99.43,107.41,1.010
1777025738883994801,124.403,1,1.7984,-1.0023,2.0588,-29.133,607.08,103.36,111.66,0.726
1777025738984559614,124.504,1,1.7443,-1.0280,2.0247,-30.512,623.59,106.57,115.12,2.273
1777025739082528853,124.602,0,1.6848,-1.0720,1.9969,-32.467,647.83,110.33,119.19,1.154
1777025739183376977,124.702,0,1.6274,-1.1113,1.9706,-34.329,671.91,114.22,123.39,1.424
1777025739281673970,124.801,0,1.5796,-1.1357,1.9455,-35.717,690.56,117.68,127.12,0.607
1777025739386682904,124.906,0,1.5316,-1.1581,1.9201,-37.095,709.74,121.37,131.11,3.087
1777025739482926983,125.002,0,1.4896,-1.1820,1.9016,-38.431,729.00,124.78,134.80,1.043
1777025739581601563,125.101,0,1.4497,-1.2017,1.8830,-39.657,747.32,128.22,138.51,0.203
1777025739685056594,125.204,0,1.4101,-1.2235,1.8669,-40.948,767.33,131.83,142.41,2.663
1777025739782308121,125.301,0,1.3693,-1.2499,1.8539,-42.390,790.62,135.76,146.65,0.107
1777025739882488643,125.402,0,1.3303,-1.2742,1.8421,-43.765,813.85,139.73,150.94,0.228
1777025739985541457,125.505,0,1.2869,-1.3053,1.8331,-45.406,843.02,144.44,156.03,3.149
1777025740084502404,125.604,0,1.2585,-1.3242,1.8268,-46.459,862.63,147.71,159.56,2.062
1777025740187147798,125.706,0,1.2183,-1.3539,1.8214,-48.020,893.15,152.58,164.83,3.975
1777025740284823560,125.804,0,1.1871,-1.3778,1.8187,-49.252,918.59,156.59,169.15,1.471
1777025740382095623,125.901,0,1.1532,-1.4049,1.8176,-50.619,948.34,161.19,174.12,0.789
1777025740485331898,126.004,0,1.1217,-1.4309,1.8181,-51.908,978.00,165.72,179.02,1.927
1777025740581788918,126.101,0,1.0938,-1.4564,1.8214,-53.092,1006.82,169.95,183.58,1.634
1777025740684279221,126.203,0,1.0684,-1.4788,1.8243,-54.152,1033.98,173.99,187.95,0.737
1777025740784359596,126.303,0,1.0423,-1.5035,1.8294,-55.270,1064.15,178.35,192.66,0.838
1777025740881745899,126.401,0,1.0217,-1.5243,1.8350,-56.167,1089.63,181.94,196.53,1.749
1777025740984097094,126.503,0,0.9980,-1.5472,1.8412,-57.178,1119.83,186.26,201.21,0.643
1777025741083177317,126.602,0,0.9786,-1.5672,1.8477,-58.017,1146.18,189.94,205.18,0.258
1777025741182679700,126.702,0,0.9593,-1.5888,1.8559,-58.876,1174.44,193.77,209.32,2.107
1777025741284348683,126.803,0,0.9418,-1.6108,1.8659,-59.687,1202.44,197.37,213.21,0.529
1777025741383505275,126.903,0,0.9270,-1.6317,1.8766,-60.396,1228.10,200.51,216.60,1.227
1777025741481152870,127.000,0,0.9124,-1.6516,1.8869,-61.081,1253.93,203.72,220.07,2.247
1777025741581517667,127.101,0,0.8954,-1.6718,1.8964,-61.827,1283.37,207.60,224.26,2.465
1777025741683451034,127.203,0,0.8834,-1.6912,1.9081,-62.419,1307.79,210.41,227.30,1.191
1777025741782220892,127.301,0,0.8675,-1.7107,1.9181,-63.110,1337.50,214.26,231.46,2.167
1777025741983615310,127.503,0,0.8326,-1.7535,1.9411,-64.600,1406.72,223.25,241.17,1.484
1777025742083348431,127.602,0,0.8187,-1.7721,1.9521,-65.203,1436.95,227.05,245.27,1.349
1777025742182613244,127.702,0,0.8059,-1.7838,1.9574,-65.688,1462.24,230.66,249.17,2.479
1777025742283661734,127.803,0,0.7912,-1.7948,1.9614,-66.211,1490.60,234.94,253.80,1.467
1777025742383225488,127.902,0,0.7954,-1.8122,1.9791,-66.304,1495.81,233.71,252.47,3.121
1777025742482576614,128.002,0,0.7929,-1.8344,1.9984,-66.625,1513.94,234.45,253.26,2.857
1777025742581207251,128.100,0,0.7678,-1.8646,2.0165,-67.621,1573.35,242.11,261.54,4.279
1777025742682700273,128.202,0,0.7568,-1.8823,2.0287,-68.096,1603.46,245.61,265.32,2.259
1777025742784567678,128.304,0,0.7120,-1.9131,2.0413,-69.588,1706.79,261.09,282.04,1.167
1777025742882466510,128.402,0,0.6949,-1.9329,2.0540,-70.227,1755.60,267.51,288.98,3.252
1777025742980830762,128.500,0,0.6955,-1.9454,2.0660,-70.327,1763.57,267.27,288.71,1.886
1777025743082864665,128.602,0,0.6893,-1.9619,2.0795,-70.642,1789.00,269.68,291.32,3.069
1777025743181439210,128.701,0,0.6859,-1.9758,2.0914,-70.855,1806.66,271.01,292.76,3.801
1777025743282357332,128.801,0,0.6842,-1.9921,2.1063,-71.043,1822.55,271.66,293.46,3.981
1777025743381724848,128.901,0,0.6744,-2.0126,2.1226,-71.476,1860.33,275.65,297.77,4.087
1777025743484215855,129.003,0,0.6746,-2.0210,2.1306,-71.542,1866.25,275.56,297.67,2.351
1777025743584225916,129.103,0,0.6587,-2.0406,2.1443,-72.111,1918.99,282.22,304.86,2.093
1777025743683856576,129.203,0,0.6527,-2.0540,2.1552,-72.371,1944.21,284.79,307.65,3.898
1777025743782572915,129.302,0,0.6453,-2.0695,2.1677,-72.683,1975.33,288.08,311.19,2.910
1777025743882390072,129.401,0,0.6345,-2.0835,2.1780,-73.064,2014.91,292.97,316.48,3.153
1777025743981874826,129.501,0,0.6201,-2.0991,2.1888,-73.542,2067.13,299.76,323.81,2.973
1777025744084097171,129.603,0,0.6689,-2.0974,2.2015,-72.311,1938.29,277.89,300.19,5.169
1777025744184032400,129.703,0,0.6485,-2.1183,2.2154,-72.977,2005.79,286.62,309.62,2.930
1777025744282700684,129.802,0,0.6294,-2.1377,2.2284,-73.595,2073.09,295.35,319.05,3.680
1777025744381722964,129.901,0,0.6093,-2.1582,2.2426,-74.236,2148.35,305.09,329.58,2.602
1777025744483564906,130.003,0,0.5831,-2.1826,2.2591,-75.043,2252.07,318.80,344.38,3.732
1777025744582459521,130.102,0,0.5696,-2.2015,2.2740,-75.493,2314.87,326.33,352.51,3.338
1777025744682020829,130.201,0,0.4942,-2.2377,2.2916,-77.547,2657.42,376.16,406.35,2.516
1777025744787670662,130.307,0,0.4559,-2.2643,2.3098,-78.617,2884.01,407.75,440.48,1.285
1777025744883178714,130.402,0,0.4536,-2.2828,2.3275,-78.760,2917.61,409.75,442.63,3.424
1777025744982157901,130.501,0,0.4511,-2.3017,2.3455,-78.912,2954.08,412.09,445.16,2.228
1777025745084524688,130.604,0,0.4459,-2.3227,2.3651,-79.134,3009.25,416.92,450.37,2.625
1777025745182120210,130.701,0,0.4631,-2.3361,2.3816,-78.788,2924.24,401.42,433.64,2.270
1777025745282655468,130.802,0,0.5214,-2.3406,2.3979,-77.441,2636.99,356.48,385.09,3.501
1777025745383047339,130.902,0,0.5708,-2.3470,2.4154,-76.332,2442.52,325.67,351.81,3.525
1777025745482865681,131.002,0,0.5984,-2.3560,2.4308,-75.749,2352.22,310.63,335.56,2.516
1777025745579588845,131.099,0,0.5969,-2.3719,2.4458,-75.874,2371.06,311.41,336.40,0.505
1777025745680747908,131.200,0,0.5772,-2.3915,2.4601,-76.430,2458.53,322.03,347.87,0.956
1777025745779230603,131.298,0,0.5530,-2.4133,2.4758,-77.095,2572.79,336.16,363.14,1.019
1777025745882134419,131.401,0,0.5144,-2.4372,2.4909,-78.082,2765.73,361.36,390.35,1.423
1777025745980947331,131.500,0,0.5702,-2.4401,2.5059,-76.847,2528.81,325.98,352.13,0.517
1777025746077802938,131.597,0,0.5365,-2.4633,2.5211,-77.713,2690.01,346.47,374.27,4.210
1777025746179679047,131.699,0,0.4124,-2.5032,2.5369,-80.646,3453.79,450.79,486.96,0.874
1777025746280260544,131.799,0,0.3776,-2.5243,2.5524,-81.492,3770.80,492.22,531.72,0.592
1777025746381080557,131.900,0,0.4318,-2.5302,2.5668,-80.315,3344.82,430.47,465.02,1.166
1777025746477463986,131.997,0,0.2947,-2.5659,2.5828,-83.449,4815.56,630.83,681.45,3.700
1777025746580421079,132.100,0,0.2419,-2.5857,2.5969,-84.655,5838.11,768.38,830.04,0.422
1777025746680865356,132.200,0,0.2067,-2.6028,2.6110,-85.458,6819.76,899.10,971.25,0.057
1777025746778998556,132.298,0,0.1558,-2.6213,2.6259,-86.599,9008.01,1193.28,1289.04,1.679
1777025746880750481,132.400,0,0.1131,-2.6376,2.6400,-87.544,12359.90,1643.39,1775.27,2.127
1777025746982012913,132.501,0,0.0658,-2.6530,2.6539,-88.578,21122.44,2822.85,3049.38,0.319
1777025747082445876,132.602,0,0.0314,-2.6667,2.6668,-89.326,nan,nan,nan,1.362
1777025747183498719,132.703,0,-0.0034,-2.6804,2.6804,-90.073,nan,nan,nan,2.593
1777025747279490949,132.799,0,-0.0263,-2.6933,2.6935,-90.559,nan,nan,nan,2.399
1777025747378458193,132.898,0,0.0466,-2.7043,2.7047,-89.014,nan,nan,nan,3.555
1777025747480783832,133.000,0,0.1107,-2.7122,2.7145,-87.663,12972.21,1679.44,1814.21,1.125
1777025747580278549,133.099,0,0.2730,-2.7074,2.7211,-84.241,5439.39,680.82,735.46,1.312
1777025747681443686,133.201,0,0.3341,-2.7075,2.7281,-82.964,4503.15,556.30,600.94,0.400
1777025747779432610,133.299,0,0.3873,-2.7052,2.7328,-81.853,3926.07,479.98,518.50,2.629
1777025747881388162,133.400,0,0.4320,-2.7024,2.7367,-80.918,3549.61,430.32,464.85,1.104
1777025747979760821,133.499,0,0.4697,-2.6992,2.7398,-80.129,3286.55,395.75,427.51,3.173
1777025748080205210,133.599,0,0.4926,-2.6966,2.7412,-79.648,3145.84,377.35,407.63,1.891
1777025748180866373,133.700,0,0.5192,-2.6910,2.7407,-79.079,2995.42,358.01,386.73,1.460
1777025748281084895,133.800,0,0.5198,-2.6898,2.7396,-79.063,2991.40,357.63,386.32,1.319
1777025748379308167,133.898,0,0.4617,-2.6998,2.7390,-80.295,3338.42,402.58,434.89,3.087
1777025748477020835,133.996,0,0.5428,-2.6816,2.7360,-78.557,2870.16,342.44,369.92,2.769
1777025748581502073,134.101,0,0.5441,-2.6776,2.7323,-78.514,2860.47,341.65,369.07,1.293
1777025748678592103,134.198,0,0.5527,-2.6709,2.7275,-78.308,2814.30,336.29,363.28,3.150
1777025748779890738,134.299,0,0.4796,-2.6806,2.7232,-79.856,3205.17,387.57,418.67,2.611
1777025748879970169,134.399,0,0.5816,-2.6521,2.7152,-77.630,2673.68,319.58,345.23,3.157
1777025748978187849,134.497,0,0.5762,-2.6465,2.7085,-77.717,2690.83,322.60,348.48,2.257
1777025749081574936,134.601,0,0.5648,-2.6403,2.7001,-77.926,2733.11,329.12,355.53,1.993
1777025749182934700,134.702,0,0.5638,-2.6314,2.6911,-77.907,2729.22,329.70,356.16,0.137
1777025749279836343,134.799,0,0.5527,-2.6250,2.6825,-78.110,2771.55,336.31,363.30,4.252
1777025749383927457,134.903,0,0.5389,-2.6160,2.6710,-78.359,2825.73,344.92,372.60,0.872
1777025749479470083,134.999,0,0.5320,-2.6072,2.6609,-78.468,2850.00,349.44,377.48,3.794
1777025749580737552,135.100,0,0.5254,-2.5948,2.6475,-78.554,2869.58,353.82,382.21,2.986
1777025749678933881,135.198,0,0.5169,-2.5849,2.6361,-78.692,2901.56,359.63,388.49,2.910
1777025749779038700,135.298,0,0.4994,-2.5743,2.6223,-79.022,2981.06,372.23,402.10,2.014
1777025749880569777,135.400,0,0.5056,-2.5594,2.6088,-78.826,2933.30,367.68,397.19,4.940
1777025749980989147,135.500,0,0.5226,-2.5410,2.5942,-78.377,2829.67,355.66,384.20,2.351
1777025750078418005,135.598,0,0.5758,-2.5133,2.5784,-77.096,2573.13,322.83,348.74,1.049
1777025750178834061,135.698,0,0.6279,-2.4833,2.5614,-75.811,2361.50,296.06,319.82,0.090
1777025750280823260,135.800,0,0.6705,-2.4514,2.5414,-74.704,2207.20,277.25,299.50,3.762
1777025750383478950,135.903,0,0.7166,-2.4174,2.5214,-73.488,2061.13,259.39,280.21,0.871
1777025750481478652,136.001,0,0.7612,-2.3804,2.4992,-72.268,1934.07,244.21,263.80,3.114
1777025750581196884,136.100,0,0.7963,-2.3454,2.4768,-71.247,1840.16,233.44,252.18,3.724
1777025750683345063,136.202,0,0.7918,-2.3221,2.4534,-71.171,1833.56,234.76,253.60,1.539
1777025750781757573,136.301,0,0.8260,-2.2832,2.4280,-70.112,1746.59,225.04,243.10,3.444
1777025750881367215,136.400,0,0.8098,-2.2621,2.4026,-70.303,1761.66,229.55,247.97,3.781
1777025750980446919,136.500,0,0.7946,-2.2423,2.3790,-70.488,1776.42,233.94,252.71,2.565
1777025751082646579,136.602,0,0.7916,-2.2141,2.3513,-70.327,1763.55,234.83,253.68,2.936
1777025751180418969,136.700,0,0.7819,-2.1912,2.3266,-70.363,1766.37,237.74,256.82,2.953
1777025751278992458,136.798,0,0.7384,-2.1783,2.3000,-71.275,1842.57,251.75,271.95,2.279
1777025751379338385,136.898,0,0.7180,-2.1547,2.2711,-71.571,1868.89,258.90,279.68,2.032
1777025751479370521,136.998,0,0.6939,-2.1344,2.2444,-71.990,1907.53,267.88,289.38,1.177
1777025751580538232,137.100,0,0.6569,-2.1167,2.2163,-72.759,1983.12,282.97,305.68,2.425
1777025751679647566,137.199,0,0.6238,-2.0982,2.1889,-73.444,2056.16,298.01,321.92,2.168
1777025751779703960,137.299,0,0.6113,-2.0709,2.1592,-73.555,2068.59,304.10,328.50,1.493
1777025751880713007,137.400,0,0.6116,-2.0379,2.1276,-73.295,2039.86,303.95,328.34,3.263
1777025751979014352,137.498,0,0.6090,-2.0058,2.0962,-73.111,2019.97,305.24,329.73,1.237
1777025752080050343,137.599,0,0.6008,-1.9802,2.0693,-73.121,2021.04,309.38,334.21,0.875
1777025752178798256,137.698,0,0.5987,-1.9462,2.0362,-72.899,1997.65,310.45,335.37,0.273
1777025752280531367,137.800,0,0.5864,-1.9155,2.0032,-72.978,2005.87,316.98,342.42,2.069
1777025752379926234,137.899,0,0.5796,-1.8821,1.9693,-72.883,1995.98,320.71,346.45,1.390
1777025752480285494,137.999,0,0.5824,-1.8477,1.9373,-72.506,1957.53,319.19,344.80,2.195
1777025752581477075,138.101,0,0.5573,-1.8198,1.9032,-72.975,2005.53,333.57,360.34,3.394
1777025752678947081,138.198,0,0.5438,-1.7892,1.8701,-73.094,2018.10,341.80,369.23,0.284
1777025752780062571,138.299,0,0.5304,-1.7559,1.8343,-73.192,2028.60,350.44,378.56,1.312
1777025752881746682,138.401,0,0.5052,-1.7263,1.7987,-73.688,2083.69,367.94,397.47,3.176
1777025752979773402,138.499,0,0.4639,-1.6993,1.7615,-74.731,2210.77,400.71,432.87,1.305
1777025753080251846,138.599,0,0.4206,-1.6748,1.7268,-75.903,2375.36,441.94,477.41,1.479
1777025753182104806,138.701,0,0.3771,-1.6522,1.6947,-77.143,2581.52,492.91,532.47,2.998
1777025753281923704,138.801,0,0.3367,-1.6343,1.6686,-78.357,2825.18,552.00,596.29,2.804
1777025753379811815,138.899,0,0.2775,-1.6154,1.6391,-80.254,3325.60,669.96,723.72,0.069
1777025753482702946,139.002,0,0.2266,-1.5842,1.6003,-81.858,3928.38,820.15,885.97,2.922
1777025753579661514,139.099,0,0.1893,-1.5610,1.5725,-83.088,4578.39,982.21,1061.03,0.651
1777025753679476356,139.199,0,0.1480,-1.5358,1.5429,-84.495,5676.75,1255.82,1356.60,0.063
1777025753780441348,139.300,0,0.1215,-1.5152,1.5201,-85.415,6757.44,1529.66,1652.41,1.213
1777025753883589753,139.403,0,0.0886,-1.4872,1.4899,-86.589,8982.77,2097.10,2265.38,4.114
1777025753983790164,139.503,0,0.0382,-1.4578,1.4583,-88.499,nan,nan,nan,3.811
1777025754084114017,139.603,0,0.0107,-1.4312,1.4313,-89.573,nan,nan,nan,4.150
1777025754184289947,139.703,0,-0.0009,-1.4127,1.4127,-90.036,nan,nan,nan,3.949
1777025754285595453,139.805,0,0.0024,-1.3861,1.3861,-89.900,nan,nan,nan,2.771
1777025754384693694,139.904,0,0.0088,-1.3658,1.3659,-89.629,nan,nan,nan,4.244
1777025754484696070,140.004,0,0.0033,-1.3401,1.3402,-89.858,nan,nan,nan,3.974
1777025754585274512,140.104,0,0.0061,-1.3185,1.3185,-89.735,nan,nan,nan,3.519
1777025754685036726,140.204,0,0.0063,-1.2995,1.2995,-89.720,nan,nan,nan,3.896
1777025754785850572,140.305,0,-0.0041,-1.2812,1.2813,-90.182,nan,nan,nan,3.326
1777025754886135370,140.405,0,-0.0360,-1.2639,1.2644,-91.632,nan,nan,nan,3.145
1777025754986537833,140.506,0,-0.0694,-1.2483,1.2502,-93.182,nan,nan,nan,2.999
1777025755086413786,140.606,0,-0.0985,-1.2350,1.2389,-94.561,nan,nan,nan,2.591
1777025755187211799,140.706,0,-0.1224,-1.2247,1.2308,-95.708,nan,nan,nan,2.573
1777025755286399002,140.805,0,-0.1491,-1.2164,1.2255,-96.987,nan,nan,nan,3.582
1777025755380248300,140.899,0,-0.1804,-1.2111,1.2244,-98.471,nan,nan,nan,1.444
1777025755485022441,141.004,0,-0.1949,-1.2088,1.2244,-99.162,nan,nan,nan,3.563
1777025755582958551,141.102,0,-0.2145,-1.2100,1.2289,-100.053,nan,nan,nan,2.052
1777025755679709418,141.199,0,-0.2372,-1.2116,1.2346,-101.075,nan,nan,nan,1.848
1777025755779710554,141.299,0,-0.2580,-1.2164,1.2434,-101.974,nan,nan,nan,2.630
1777025755880624584,141.400,0,-0.2796,-1.2236,1.2552,-102.873,nan,nan,nan,1.202
1777025755981375135,141.500,0,-0.2990,-1.2335,1.2692,-103.627,nan,nan,nan,1.634
1777025756080450136,141.600,0,-0.3138,-1.2462,1.2851,-104.134,nan,nan,nan,1.647
1777025756184213810,141.703,0,-0.3370,-1.2597,1.3040,-104.979,nan,nan,nan,1.784
1777025756281584354,141.801,0,-0.3605,-1.2736,1.3237,-105.806,nan,nan,nan,1.440
1777025756382536605,141.902,0,-0.3781,-1.2925,1.3467,-106.304,nan,nan,nan,0.332
1777025756485381737,142.004,0,-0.3974,-1.3128,1.3716,-106.841,nan,nan,nan,2.378
1777025756579622104,142.099,0,-0.4106,-1.3359,1.3975,-107.085,nan,nan,nan,2.848
1777025756681211957,142.200,0,-0.4272,-1.3609,1.4264,-107.427,nan,nan,nan,1.306
1777025756781317203,142.300,0,-0.4342,-1.3893,1.4556,-107.355,nan,nan,nan,0.836
1777025756880500795,142.400,0,-0.4480,-1.4161,1.4853,-107.554,nan,nan,nan,2.099
1777025756981431398,142.501,0,-0.4575,-1.4458,1.5164,-107.559,nan,nan,nan,1.408
1777025757082339280,142.601,0,-0.4649,-1.4770,1.5484,-107.472,nan,nan,nan,0.668
1777025757181030176,142.700,0,-0.4719,-1.5088,1.5809,-107.369,nan,nan,nan,2.605
1777025757281762412,142.801,0,-0.4707,-1.5439,1.6140,-106.957,nan,nan,nan,1.200
1777025757382076136,142.901,0,-0.4741,-1.5761,1.6459,-106.743,nan,nan,nan,1.421
1777025757481513353,143.001,0,-0.4716,-1.6117,1.6793,-106.309,nan,nan,nan,2.060
1777025757581916613,143.101,0,-0.4704,-1.6473,1.7132,-105.938,nan,nan,nan,2.070
1777025757682026340,143.201,0,-0.4658,-1.6821,1.7454,-105.479,nan,nan,nan,2.054
1777025757781837885,143.301,0,-0.4596,-1.7186,1.7790,-104.971,nan,nan,nan,1.818
1777025757881288659,143.400,0,-0.4501,-1.7531,1.8099,-104.400,nan,nan,nan,3.494
1777025757980367752,143.499,0,-0.4382,-1.7853,1.8383,-103.791,nan,nan,nan,4.950
1777025758082663355,143.602,0,-0.4165,-1.8231,1.8701,-102.869,nan,nan,nan,1.477
1777025758180765610,143.700,0,-0.4013,-1.8556,1.8985,-102.202,nan,nan,nan,3.910
1777025758282116171,143.801,0,-0.3773,-1.8904,1.9277,-101.287,nan,nan,nan,2.983
1777025758381889662,143.901,0,-0.3541,-1.9227,1.9550,-100.434,nan,nan,nan,2.422
1777025758480922145,144.000,0,-0.3299,-1.9505,1.9782,-99.601,nan,nan,nan,4.595
1777025758579519282,144.099,0,-0.3011,-1.9795,2.0022,-98.649,nan,nan,nan,3.364
1777025758682752742,144.202,0,-0.2684,-2.0096,2.0274,-97.608,nan,nan,nan,1.339
1777025758780703425,144.300,0,-0.2377,-2.0346,2.0484,-96.663,nan,nan,nan,3.985
1777025758880608081,144.400,0,-0.1998,-2.0572,2.0669,-95.546,nan,nan,nan,4.135
1777025758982195842,144.501,0,-0.1519,-2.0826,2.0882,-94.171,nan,nan,nan,3.090
1777025759081830668,144.601,0,-0.1065,-2.1014,2.1041,-92.902,nan,nan,nan,3.442
1777025759182243298,144.701,0,-0.0608,-2.1186,2.1195,-91.643,nan,nan,nan,3.015
1777025759282963016,144.802,0,-0.0155,-2.1329,2.1329,-90.417,nan,nan,nan,2.139
1777025759380189932,144.899,0,0.0212,-2.1439,2.1440,-89.433,nan,nan,nan,3.469
1777025759481182091,145.000,0,0.0494,-2.1533,2.1538,-88.685,nan,nan,nan,3.801
1777025759580786787,145.100,0,0.0914,-2.1601,2.1620,-87.577,12522.67,2033.83,2197.03,3.507
1777025759681732595,145.201,0,0.1250,-2.1657,2.1693,-86.696,9263.90,1486.83,1606.15,3.721
1777025759779619465,145.299,0,0.1540,-2.1677,2.1732,-85.935,7585.43,1206.70,1303.53,2.412
1777025759879123922,145.398,0,0.1898,-2.1669,2.1752,-84.994,6213.49,979.22,1057.80,1.413
1777025759980194579,145.499,0,0.2355,-2.1626,2.1754,-83.786,5061.78,789.47,852.82,2.595
1777025760079521521,145.599,0,0.2682,-2.1574,2.1740,-82.915,4473.58,693.20,748.83,0.609
1777025760182168971,145.701,0,0.2927,-2.1514,2.1712,-82.254,4115.12,635.17,686.14,4.356
1777025760279179872,145.798,0,0.3269,-2.1416,2.1664,-81.322,3702.21,568.66,614.30,1.287
1777025760378248521,145.897,0,0.3627,-2.1278,2.1585,-80.327,3348.50,512.51,553.63,1.135
1777025760479092996,145.998,0,0.3940,-2.1139,2.1503,-79.441,3089.25,471.74,509.59,1.180
1777025760578875968,146.098,0,0.4194,-2.0977,2.1392,-78.694,2901.87,443.22,478.78,0.312
1777025760681758433,146.201,0,0.4489,-2.0795,2.1274,-77.819,2711.35,414.12,447.35,3.349
1777025760778052696,146.297,0,0.4744,-2.0583,2.1122,-77.022,2559.76,391.86,423.31,0.021
1777025760877190455,146.396,0,0.5006,-2.0359,2.0965,-76.186,2419.28,371.33,401.13,1.121
1777025760977036760,146.496,0,0.5247,-2.0116,2.0789,-75.381,2298.87,354.27,382.70,1.627
1777025761077570980,146.597,0,0.5406,-1.9880,2.0602,-74.789,2218.27,343.88,371.47,1.227
1777025761176776627,146.696,0,0.5466,-1.9653,2.0399,-74.457,2175.75,340.06,367.35,2.207
1777025761275932423,146.795,0,0.5456,-1.9436,2.0188,-74.320,2158.69,340.69,368.03,3.471
1777025761376705752,146.896,0,0.5234,-1.9251,1.9950,-74.789,2218.28,355.11,383.61,2.487
1777025761478005257,146.997,0,0.5043,-1.9056,1.9712,-75.177,2270.44,368.61,398.19,0.852
1777025761576930742,147.096,0,0.4861,-1.8852,1.9468,-75.541,2321.70,382.39,413.07,2.533
1777025761679235419,147.198,0,0.4646,-1.8640,1.9211,-76.003,2390.77,400.07,432.17,0.991
1777025761776618092,147.296,0,0.4444,-1.8424,1.8952,-76.439,2459.94,418.28,451.85,2.771
1777025761879360670,147.398,0,0.4195,-1.8204,1.8681,-77.022,2559.76,443.07,478.63,0.082
1777025761978127842,147.497,0,0.3929,-1.7985,1.8409,-77.678,2683.18,473.16,511.13,2.650
1777025762078678303,147.598,0,0.3666,-1.7764,1.8138,-78.340,2821.47,507.08,547.77,1.614
1777025762179485223,147.699,0,0.3379,-1.7532,1.7855,-79.091,2998.37,550.11,594.25,0.757
1777025762279046532,147.798,0,0.3041,-1.7325,1.7590,-80.043,3260.58,611.18,660.23,1.075
1777025762382374916,147.901,0,0.2751,-1.7102,1.7322,-80.862,3529.26,675.69,729.92,1.704
1777025762480255193,147.999,0,0.2441,-1.6883,1.7058,-81.774,3891.11,761.64,822.76,0.073
1777025762578414596,148.098,0,0.2042,-1.6672,1.6796,-83.016,4534.28,910.15,983.19,3.661
1777025762682314731,148.201,0,0.1637,-1.6465,1.6546,-84.323,5513.63,1135.74,1226.88,1.682
1777025762780312322,148.299,0,0.1257,-1.6250,1.6299,-85.575,6992.29,1478.29,1596.92,0.038
1777025762878438262,148.398,0,0.0876,-1.6041,1.6065,-86.876,9779.75,2123.13,2293.50,2.031
1777025762980304278,148.499,0,0.0486,-1.5845,1.5853,-88.244,nan,nan,nan,0.027
1777025763079217356,148.598,0,0.0073,-1.5646,1.5646,-89.732,nan,nan,nan,1.553
1777025763179938944,148.699,0,-0.0249,-1.5477,1.5479,-90.923,nan,nan,nan,0.807
1777025763280192631,148.799,0,-0.0518,-1.5295,1.5304,-91.938,nan,nan,nan,0.943
1777025763379495592,148.899,0,-0.0547,-1.5146,1.5156,-92.069,nan,nan,nan,1.579
1777025763480121756,148.999,0,-0.0627,-1.4987,1.5000,-92.397,nan,nan,nan,1.167
1777025763581173617,149.100,0,-0.0571,-1.4843,1.4854,-92.205,nan,nan,nan,0.105
1777025763682058481,149.201,0,-0.0533,-1.4708,1.4717,-92.075,nan,nan,nan,0.336
1777025763779297786,149.298,0,-0.0194,-1.4574,1.4576,-90.764,nan,nan,nan,2.327
1777025763881721201,149.401,0,0.0499,-1.4415,1.4423,-88.018,nan,nan,nan,0.070
1777025763976803000,149.496,0,0.1566,-1.4191,1.4277,-83.702,4997.77,1186.82,1282.05,3.237
1777025764079101529,149.598,0,0.3197,-1.3718,1.4086,-76.882,2534.98,581.44,628.10,2.445
1777025764181884273,149.701,0,0.4452,-1.3170,1.3902,-71.323,1846.78,417.52,451.03,0.348
1777025764279315723,149.798,0,0.4834,-1.2886,1.3763,-69.437,1695.74,384.54,415.40,3.034
1777025764379474671,149.899,0,0.5072,-1.2705,1.3681,-68.237,1612.67,366.47,395.88,2.769
1777025764481362558,150.000,0,0.5505,-1.2455,1.3617,-66.154,1487.46,337.65,364.74,1.809
1777025764578404699,150.098,0,0.5814,-1.2231,1.3542,-64.576,1405.56,319.73,345.38,3.896
1777025764680832244,150.200,0,0.6307,-1.1886,1.3456,-62.048,1292.35,294.72,318.37,1.682
1777025764780059965,150.299,0,0.6685,-1.1590,1.3380,-60.022,1214.44,278.04,300.36,3.000
1777025764882266717,150.401,0,0.7087,-1.1274,1.3317,-57.847,1140.72,262.29,283.34,1.080
1777025764982149873,150.501,0,0.7564,-1.0915,1.3280,-55.277,1064.36,245.74,265.46,0.944
1777025765079623026,150.599,0,0.8060,-1.0547,1.3274,-52.614,995.00,230.64,249.15,4.458
1777025765182118645,150.701,0,0.8564,-1.0108,1.3248,-49.729,928.77,217.06,234.48,0.572
1777025765283087915,150.802,0,0.9025,-0.9648,1.3211,-46.910,871.27,205.96,222.49,0.069
1777025765383797188,150.903,0,0.9321,-0.9356,1.3207,-45.107,837.57,199.42,215.43,0.093
1777025765481871981,151.001,0,0.9277,-0.9408,1.3213,-45.402,842.95,200.37,216.45,1.532
1777025765583420317,151.103,0,0.9273,-0.9413,1.3213,-45.426,843.39,200.45,216.53,0.179
1777025765681696274,151.201,0,0.9503,-0.9172,1.3207,-43.985,817.66,195.61,211.31,1.643
1777025765791245624,151.310,0,1.0095,-0.8490,1.3191,-40.063,753.53,184.13,198.90,0.077
1777025765882773993,151.402,0,1.1028,-0.7168,1.3153,-33.023,654.92,168.55,182.08,0.754
1777025765982444077,151.502,1,1.2182,-0.4847,1.3111,-21.695,524.73,152.59,164.83,1.148
1777025766082476120,151.602,1,1.2850,-0.2465,1.3085,-10.859,418.35,144.65,156.26,1.697
1777025766183487426,151.703,1,1.3043,-0.0005,1.3043,-0.024,319.51,142.51,153.95,0.570
1777025766283895982,151.803,1,1.2780,0.2484,1.3019,10.998,218.96,145.44,157.12,0.823
1777025766383043001,151.902,1,1.2034,0.4918,1.3001,22.230,108.27,154.46,166.86,3.735
1777025766483719478,152.003,0,1.0879,0.7086,1.2983,33.080,-17.04,170.87,184.58,0.483
1777025766586665590,152.106,0,0.9351,0.8998,1.2977,43.897,-177.54,198.78,214.73,1.855
1777025766683141851,152.202,0,0.7522,1.0549,1.2956,54.510,-404.85,247.12,266.95,1.211
1777025766783487759,152.303,0,0.5516,1.1690,1.2926,64.740,-775.02,336.99,364.03,1.535
1777025766883184992,152.402,0,0.3216,1.2521,1.2927,75.595,-1690.98,578.01,624.39,1.354
1777025766983660972,152.503,0,0.0925,1.2893,1.2927,85.899,-6881.78,2010.63,2171.98,1.148
1777025767082791491,152.602,0,-0.1407,1.2854,1.2930,96.246,nan,nan,nan,2.097
1777025767183160251,152.702,0,-0.3694,1.2402,1.2941,106.585,nan,nan,nan,2.042
1777025767283856877,152.803,0,-0.5805,1.1600,1.2972,116.583,nan,nan,nan,1.451
1777025767384595483,152.904,0,-0.7801,1.0458,1.3047,126.721,nan,nan,nan,0.551
1777025767483120251,153.002,0,-0.9578,0.8968,1.3121,136.885,nan,nan,nan,1.947
1777025767583268903,153.102,0,-1.1040,0.7240,1.3202,146.743,nan,nan,nan,2.529
1777025767681850911,153.201,0,-1.2224,0.5303,1.3325,156.546,nan,nan,nan,3.621
1777025767783638910,153.303,0,-1.3003,0.3187,1.3388,166.230,nan,nan,nan,1.496
1777025767882338194,153.401,0,-1.3452,0.0960,1.3486,175.918,nan,nan,nan,2.944
1777025767981750949,153.501,0,-1.3538,-0.1162,1.3588,-175.093,nan,nan,nan,3.770
1777025768088103364,153.607,0,-1.3320,-0.3206,1.3701,-166.468,nan,nan,nan,2.222
1777025768185783811,153.705,0,-1.2755,-0.5230,1.3785,-157.702,nan,nan,nan,0.075
1777025768280776722,153.800,0,-1.1968,-0.6991,1.3861,-149.709,nan,nan,nan,3.178
1777025768382635368,153.902,0,-1.0914,-0.8695,1.3954,-141.457,nan,nan,nan,3.473
1777025768482470951,154.002,0,-0.9867,-0.9961,1.4021,-134.731,nan,nan,nan,3.428
1777025768579979567,154.099,0,-0.8490,-1.1273,1.4113,-126.982,nan,nan,nan,1.075
1777025768680434659,154.200,0,-0.6922,-1.2366,1.4172,-119.239,nan,nan,nan,1.437
1777025768784331183,154.303,0,-0.5053,-1.3281,1.4210,-110.832,nan,nan,nan,3.151
1777025768875749331,154.395,0,-0.3281,-1.3867,1.4250,-103.311,nan,nan,nan,2.702
1777025768981377256,154.500,0,-0.1317,-1.4192,1.4253,-95.303,nan,nan,nan,2.270
1777025769080348333,154.599,0,0.0748,-1.4202,1.4222,-86.983,10117.35,2483.69,2683.00,1.308
1777025769180126934,154.699,0,0.2792,-1.3918,1.4195,-78.658,2893.46,665.82,719.25,0.552
1777025769281680974,154.801,0,0.4803,-1.3315,1.4155,-70.166,1750.83,387.05,418.11,2.778
1777025769381772478,154.901,0,0.6887,-1.2323,1.4117,-60.802,1243.27,269.92,291.58,2.647
1777025769483512941,155.003,0,0.8840,-1.0997,1.4110,-51.206,961.64,210.27,227.15,1.469
1777025769581476328,155.101,0,0.9958,-1.0069,1.4162,-45.318,841.40,186.66,201.64,0.716
1777025769682875221,155.202,0,1.0062,-1.0027,1.4205,-44.900,833.84,184.74,199.56,1.152
1777025769782439512,155.302,0,0.9487,-1.0689,1.4292,-48.412,901.12,195.94,211.67,1.754
1777025769884257436,155.403,0,0.7775,-1.2134,1.4411,-57.348,1125.09,239.08,258.26,3.069
1777025769981434983,155.501,0,0.5415,-1.3481,1.4528,-68.116,1604.77,343.28,370.83,0.653
1777025770081945037,155.601,0,0.2471,-1.4446,1.4655,-80.294,3338.26,752.36,812.73,1.993
1777025770183101045,155.702,0,-0.0457,-1.4768,1.4775,-91.773,nan,nan,nan,0.794
1777025770281366891,155.800,0,-0.3479,-1.4502,1.4913,-103.491,nan,nan,nan,1.025
1777025770383437941,155.903,0,-0.6304,-1.3644,1.5030,-114.797,nan,nan,nan,3.572
1777025770478738681,155.998,0,-0.9006,-1.2196,1.5161,-126.445,nan,nan,nan,1.477
1777025770582074991,156.101,0,-1.1428,-1.0173,1.5301,-138.325,nan,nan,nan,1.182
1777025770679265316,156.198,0,-1.3284,-0.7832,1.5421,-149.479,nan,nan,nan,1.057
1777025770778588924,156.298,0,-1.4679,-0.5122,1.5547,-160.765,nan,nan,nan,1.824
1777025770880084686,156.399,0,-1.5533,-0.2130,1.5678,-172.193,nan,nan,nan,0.175
1777025770978582158,156.498,0,-1.5786,0.0936,1.5814,176.608,nan,nan,nan,1.693
1777025771082807159,156.602,0,-1.5428,0.4017,1.5942,165.407,nan,nan,nan,1.144
1777025771181005969,156.700,0,-1.4528,0.6916,1.6090,154.543,nan,nan,nan,0.452
1777025771281242638,156.800,0,-1.2994,0.9726,1.6231,143.186,nan,nan,nan,0.354
1777025771384364322,156.903,0,-1.0961,1.2166,1.6375,132.018,nan,nan,nan,2.788
1777025771482637927,157.002,0,-0.8425,1.4222,1.6530,120.642,nan,nan,nan,1.736
1777025771581904443,157.101,0,-0.5540,1.5744,1.6691,109.387,nan,nan,nan,0.769
1777025771682311443,157.201,0,-0.2422,1.6699,1.6873,98.253,nan,nan,nan,1.063
1777025771784038536,157.303,0,0.0940,1.7027,1.7053,86.839,-9031.17,1977.01,2135.66,3.103
1777025771882267493,157.401,0,0.4267,1.6703,1.7239,75.669,-1701.82,435.62,470.57,0.987
1777025771984474264,157.504,0,0.7470,1.5765,1.7445,64.646,-770.39,248.84,268.81,3.477
1777025772084813858,157.604,0,1.0496,1.4233,1.7684,53.594,-380.90,177.11,191.32,3.748
1777025772184232724,157.703,0,1.3224,1.2071,1.7905,42.390,-152.02,140.56,151.84,2.607
1777025772286675491,157.806,1,1.5686,0.9189,1.8179,30.363,16.82,118.50,128.01,3.653
1777025772384025498,157.903,1,1.7308,0.6285,1.8414,19.958,131.80,107.40,116.02,1.879
1777025772483564437,158.003,1,1.8470,0.2858,1.8690,8.797,239.39,100.64,108.72,1.294
1777025772582699659,158.102,1,1.8953,-0.0638,1.8964,-1.927,336.68,98.07,105.94,0.620
1777025772684140922,158.203,1,1.8754,-0.4318,1.9245,-12.966,438.18,99.11,107.07,1.631
1777025772783050592,158.302,1,1.7912,-0.7824,1.9547,-23.595,544.83,103.77,112.10,0.922
1777025772883486444,158.403,0,1.6357,-1.1205,1.9827,-34.412,673.01,113.64,122.76,0.937
1777025772982597092,158.502,0,1.4259,-1.4182,2.0111,-44.845,832.86,130.36,140.82,0.299
1777025773082795818,158.602,0,1.1592,-1.6806,2.0416,-55.405,1067.92,160.36,173.23,0.578
1777025773182101963,158.701,0,0.8595,-1.8832,2.0701,-65.469,1450.67,216.28,233.63,0.463
1777025773282710016,158.802,0,0.5007,-2.0368,2.0974,-76.190,2419.84,371.27,401.06,0.030
1777025773382762929,158.902,0,0.1352,-2.1218,2.1261,-86.354,8422.03,1374.78,1485.10,1.259
1777025773480468005,159.000,0,-0.2580,-2.1346,2.1501,-96.893,nan,nan,nan,2.210
1777025773580895894,159.100,0,-0.6500,-2.0734,2.1729,-107.406,nan,nan,nan,2.789
1777025773681366041,159.200,0,-1.0246,-1.9439,2.1974,-117.794,nan,nan,nan,1.569
1777025773781096625,159.300,0,-1.3767,-1.7395,2.2184,-128.360,nan,nan,nan,2.230
1777025773880667323,159.400,0,-1.6764,-1.4874,2.2411,-138.419,nan,nan,nan,3.419
1777025773980907529,159.500,0,-1.9350,-1.1693,2.2608,-148.856,nan,nan,nan,2.598
1777025774081416287,159.601,0,-2.1277,-0.8150,2.2784,-159.040,nan,nan,nan,1.779
1777025774180472584,159.700,0,-2.2541,-0.4304,2.2948,-169.191,nan,nan,nan,2.580
1777025774279071833,159.798,0,-2.3074,-0.0555,2.3081,-178.623,nan,nan,nan,3.662
1777025774382096721,159.901,0,-2.2919,0.3819,2.3235,170.540,nan,nan,nan,1.465
1777025774481082631,160.000,0,-2.1972,0.7936,2.3361,160.142,nan,nan,nan,2.168
1777025774581560037,160.101,0,-2.0306,1.1742,2.3457,149.961,nan,nan,nan,2.363
1777025774683035578,160.202,0,-1.8033,1.5139,2.3545,139.986,nan,nan,nan,0.731
1777025774782998658,160.302,0,-1.5104,1.8171,2.3628,129.734,nan,nan,nan,1.547
1777025774883514842,160.403,0,-1.1748,2.0601,2.3716,119.695,nan,nan,nan,0.715
1777025774981333713,160.500,0,-0.7927,2.2417,2.3777,109.475,nan,nan,nan,4.468
1777025775083647815,160.603,0,-0.3805,2.3529,2.3835,99.185,nan,nan,nan,1.080
1777025775182667095,160.702,0,0.0411,2.3885,2.3889,89.013,nan,nan,nan,2.150
1777025775282490511,160.802,0,0.4668,2.3470,2.3930,78.751,-2276.84,398.21,430.16,2.179
1777025775381317441,160.900,0,0.8773,2.2315,2.3977,68.537,-994.03,211.88,228.88,3.364
1777025775483370084,161.002,0,1.2559,2.0470,2.4016,58.469,-522.27,148.00,159.88,1.777
1777025775582856857,161.102,0,1.6119,1.7853,2.4053,47.922,-252.59,115.32,124.57,3.773
1777025775682797197,161.202,0,1.9097,1.4673,2.4082,37.537,-77.43,97.34,105.15,2.672
1777025775784815860,161.304,1,2.1459,1.1006,2.4117,27.153,54.47,86.62,93.57,1.024
1777025775884069710,161.403,1,2.3090,0.7063,2.4147,17.009,161.35,80.50,86.96,1.113
1777025775982609348,161.502,1,2.4001,0.2820,2.4166,6.701,258.63,77.45,83.66,2.910
1777025776084322903,161.603,1,2.4119,-0.1427,2.4161,-3.387,349.86,77.07,83.25,2.129
1777025776182783987,161.702,1,2.3592,-0.5250,2.4169,-12.547,434.21,78.79,85.11,0.479
1777025776283023693,161.802,1,2.2152,-0.9684,2.4176,-23.614,545.04,83.91,90.65,2.672
1777025776382489207,161.902,0,2.0060,-1.3493,2.4176,-33.925,666.60,92.66,100.10,2.893
1777025776483769325,162.003,0,1.7369,-1.6802,2.4166,-44.049,818.79,107.02,115.61,2.025
1777025776584897814,162.104,0,1.4560,-1.9240,2.4128,-52.883,1001.60,127.67,137.91,7.019
1777025776682854461,162.202,0,1.0600,-2.1632,2.4089,-63.895,1373.04,175.36,189.44,3.383
1777025776782551082,162.302,0,0.7070,-2.2990,2.4052,-72.906,1998.33,262.92,284.02,2.379
1777025776882590662,162.402,0,0.2449,-2.3839,2.3964,-84.135,5345.61,759.05,819.96,3.691
1777025776981474295,162.501,0,-0.1367,-2.3851,2.3890,-93.280,nan,nan,nan,2.359
1777025777081149454,162.600,0,-0.5486,-2.3154,2.3795,-103.329,nan,nan,nan,2.407
1777025777179260376,162.698,0,-0.9459,-2.1703,2.3675,-113.551,nan,nan,nan,1.130
1777025777281596756,162.801,0,-1.3136,-1.9545,2.3549,-123.904,nan,nan,nan,3.675
1777025777383420125,162.903,0,-1.6423,-1.6647,2.3384,-134.612,nan,nan,nan,3.950
1777025777480091049,162.999,0,-1.8802,-1.3664,2.3243,-143.992,nan,nan,nan,0.812
1777025777582097730,163.101,0,-2.0750,-1.0043,2.3052,-154.174,nan,nan,nan,3.330
1777025777679041873,163.198,0,-2.2028,-0.6105,2.2858,-164.510,nan,nan,nan,0.752
1777025777781190552,163.300,0,-2.2549,-0.2063,2.2643,-174.772,nan,nan,nan,2.548
1777025777882332060,163.401,0,-2.2330,0.1856,2.2407,175.249,nan,nan,nan,3.446
1777025777982608265,163.502,0,-2.1405,0.5714,2.2155,165.053,nan,nan,nan,3.189
1777025778084691705,163.604,0,-1.9870,0.9233,2.1910,155.076,nan,nan,nan,5.713
1777025778182400225,163.701,0,-1.7685,1.2486,2.1648,144.777,nan,nan,nan,2.737
1777025778282493915,163.802,0,-1.4994,1.5245,2.1383,134.525,nan,nan,nan,3.263
1777025778382345293,163.901,0,-1.1809,1.7464,2.1082,124.066,nan,nan,nan,2.238
1777025778483259546,164.002,0,-0.8322,1.9057,2.0795,113.590,nan,nan,nan,3.358
1777025778582609080,164.102,0,-0.4515,2.0098,2.0599,102.661,nan,nan,nan,2.777
1777025778682268942,164.201,0,-0.0780,2.0344,2.0359,92.194,nan,nan,nan,2.526
1777025778783359081,164.302,0,0.2832,1.9817,2.0018,81.866,-3293.25,656.27,708.94,3.403
1777025778883402735,164.403,0,0.6282,1.8721,1.9747,71.449,-1219.34,295.88,319.63,3.270
1777025778982786583,164.502,0,0.9663,1.7026,1.9577,60.425,-590.54,192.38,207.81,2.764
1777025779082086080,164.601,0,1.2541,1.4769,1.9375,49.665,-288.80,148.22,160.12,0.056
1777025779182131808,164.701,0,1.4924,1.2044,1.9178,38.906,-97.42,124.56,134.55,1.327
1777025779283291149,164.802,1,1.6705,0.9032,1.8990,28.400,40.12,111.28,120.21,2.390
1777025779381518459,164.901,1,1.7911,0.5743,1.8809,17.778,153.74,103.78,112.11,0.556
1777025779484256999,165.003,1,1.8489,0.2291,1.8631,7.065,255.31,100.54,108.60,3.167
1777025779583269871,165.102,1,1.8436,-0.1109,1.8469,-3.441,350.35,100.83,108.92,2.228
1777025779684388324,165.203,1,1.7770,-0.4395,1.8306,-13.892,447.01,104.60,113.00,3.537
1777025779781207191,165.300,1,1.6821,-0.6661,1.8092,-21.602,523.76,110.50,119.37,0.274
1777025779883620866,165.403,1,1.5737,-0.8293,1.7788,-27.787,591.39,118.12,127.60,2.058
1777025779983797573,165.503,0,1.4759,-0.9339,1.7466,-32.324,646.02,125.94,136.05,2.961
1777025780086024455,165.605,0,1.4034,-0.9752,1.7089,-34.795,678.10,132.45,143.08,3.545
1777025780180805869,165.700,0,1.3684,-0.9799,1.6830,-35.607,689.06,135.84,146.75,0.859
1777025780281965192,165.801,0,1.3446,-0.9705,1.6582,-35.823,692.02,138.25,149.34,0.452
1777025780381777867,165.901,0,1.3187,-0.9654,1.6343,-36.208,697.31,140.96,152.27,0.152
1777025780480771073,166.000,0,1.2939,-0.9585,1.6102,-36.531,701.80,143.66,155.19,1.541
1777025780583156711,166.102,0,1.2701,-0.9490,1.5855,-36.766,705.09,146.35,158.09,0.811
1777025780681722831,166.201,0,1.2442,-0.9441,1.5619,-37.190,711.08,149.40,161.38,2.202
1777025780782585195,166.302,0,1.2179,-0.9391,1.5379,-37.635,717.44,152.62,164.87,0.362
1777025780882746069,166.402,0,1.1912,-0.9334,1.5133,-38.084,723.93,156.05,168.58,0.314
1777025780980816232,166.500,0,1.1632,-0.9317,1.4903,-38.694,732.89,159.81,172.63,2.064
1777025781081430970,166.601,0,1.1347,-0.9301,1.4672,-39.341,742.54,163.82,176.96,3.272
1777025781183279857,166.702,0,1.1065,-0.9285,1.4444,-39.999,752.56,167.99,181.47,0.988
1777025781285467276,166.805,0,1.0789,-0.9265,1.4221,-40.654,762.71,172.29,186.11,3.156
1777025781383312313,166.902,0,1.0508,-0.9226,1.3983,-41.283,772.65,176.91,191.10,0.743
1777025781484539172,167.004,0,1.0225,-0.9224,1.3771,-42.053,785.09,181.79,196.37,1.708
1777025781580578698,167.100,0,0.9919,-0.9222,1.3544,-42.914,799.35,187.40,202.44,4.191
1777025781683229888,167.202,0,0.9660,-0.9204,1.3343,-43.617,811.31,192.43,207.88,0.710
1777025781784090845,167.303,0,0.9344,-0.9212,1.3121,-44.591,828.33,198.93,214.90,0.828
1777025781881518740,167.401,0,0.9091,-0.9162,1.2907,-45.225,839.72,204.48,220.89,1.936
1777025781981367915,167.500,0,0.8838,-0.9129,1.2706,-45.927,852.63,210.33,227.20,1.711
1777025782183761652,167.703,0,0.8612,-0.9101,1.2530,-46.581,864.95,215.83,233.15,15.686
1777025782283418959,167.803,0,0.8024,-0.9048,1.2094,-48.432,901.53,231.65,250.23,0.379
1777025782384120029,167.903,0,0.7722,-0.9060,1.1904,-49.558,925.10,240.72,260.03,0.680
1777025782482479410,168.002,0,0.7419,-0.9062,1.1711,-50.695,950.04,250.57,270.68,1.166
1777025782582063200,168.101,0,0.7093,-0.9085,1.1526,-52.019,980.65,262.07,283.10,1.502
1777025782685080348,168.204,0,0.6826,-0.9059,1.1343,-53.002,1004.57,272.32,294.17,0.916
1777025782783110790,168.302,0,0.6514,-0.9074,1.1170,-54.324,1038.51,285.35,308.24,1.197
1777025782882339659,168.401,0,0.6218,-0.9079,1.1004,-55.593,1073.19,298.94,322.93,1.050
1777025782983363687,168.502,0,0.5928,-0.9081,1.0844,-56.862,1110.22,313.56,338.72,0.807
1777025783084139182,168.603,0,0.5635,-0.9089,1.0694,-58.202,1152.15,329.89,356.36,0.106
1777025783183224794,168.702,0,0.5318,-0.9094,1.0534,-59.681,1202.25,349.54,377.59,1.248
1777025783281985985,168.801,0,0.5078,-0.9087,1.0409,-60.802,1243.27,366.06,395.43,3.832
1777025783382044193,168.901,0,0.4814,-0.9051,1.0251,-61.992,1290.08,386.14,417.12,3.461
1777025783482524193,169.002,0,0.4688,-0.8986,1.0136,-62.449,1309.03,396.49,428.31,4.638
1777025783583142931,169.102,0,0.4765,-0.8803,1.0010,-61.576,1273.29,390.13,421.44,3.019
1777025783682539093,169.202,0,0.5087,-0.8483,0.9892,-59.053,1180.44,365.43,394.76,2.947
1777025783784055800,169.303,0,0.5535,-0.8026,0.9749,-55.410,1068.06,335.86,362.81,4.391
1777025783882712140,169.402,0,0.6006,-0.7522,0.9626,-51.396,966.02,309.51,334.35,3.364
1777025783984214828,169.503,0,0.6392,-0.6967,0.9455,-47.466,882.13,290.82,314.16,2.555
1777025784083780581,169.603,0,0.6572,-0.6588,0.9305,-45.072,836.94,282.86,305.56,4.118
1777025784180350526,169.699,0,0.6634,-0.6253,0.9116,-43.305,805.96,280.20,302.68,2.709
1777025784282701313,169.802,0,0.6719,-0.5855,0.8912,-41.068,769.23,276.65,298.85,2.994
1777025784384608736,169.904,0,0.6779,-0.5482,0.8719,-38.959,736.82,274.19,296.19,1.329
1777025784480804834,170.000,0,0.6805,-0.5142,0.8529,-37.075,709.45,273.16,295.08,3.348
1777025784584163514,170.103,0,0.6856,-0.4721,0.8324,-34.551,674.86,271.12,292.88,2.650
1777025784682163956,170.201,0,0.6852,-0.4348,0.8115,-32.397,646.94,271.28,293.05,4.475
1777025784781541619,170.301,1,0.6809,-0.4002,0.7898,-30.445,622.78,273.01,294.92,4.048
1777025784884868670,170.404,1,0.6754,-0.3640,0.7672,-28.321,597.57,275.23,297.32,0.920
1777025784980383259,170.499,1,0.6719,-0.3376,0.7520,-26.680,578.77,276.65,298.85,1.897
1777025785082234553,170.601,1,0.6556,-0.3183,0.7288,-25.895,569.97,283.54,306.29,3.646
1777025785181218518,170.700,1,0.6279,-0.3116,0.7010,-26.396,575.57,296.03,319.79,2.622
1777025785283144645,170.802,1,0.5981,-0.3014,0.6697,-26.749,579.54,310.80,335.75,0.773
1777025785380299821,170.899,1,0.5663,-0.3064,0.6439,-28.412,598.62,328.22,354.55,0.372
1777025785480489158,171.000,1,0.5381,-0.3088,0.6204,-29.850,615.62,345.46,373.18,2.163
1777025785581958458,171.101,1,0.5161,-0.3118,0.6030,-31.140,631.27,360.16,389.07,3.495
1777025785682541141,171.202,0,0.4859,-0.3150,0.5791,-32.952,654.00,382.53,413.23,2.478
1777025785779011512,171.298,0,0.4475,-0.3159,0.5478,-35.226,683.89,415.42,448.76,0.669
1777025785881129988,171.400,0,0.4199,-0.3137,0.5241,-36.765,705.08,442.70,478.22,2.418
1777025785979411796,171.499,0,0.3899,-0.3162,0.5019,-39.042,738.05,476.81,515.07,1.038
1777025786081521198,171.601,0,0.3614,-0.3176,0.4811,-41.308,773.04,514.37,555.64,2.693
1777025786177841887,171.697,0,0.3352,-0.3268,0.4681,-44.270,822.65,554.55,599.05,1.978
1777025786279248558,171.798,0,0.2869,-0.3527,0.4546,-50.878,954.15,648.01,700.02,2.231
1777025786381766065,171.901,0,0.2361,-0.3830,0.4499,-58.342,1156.69,787.16,850.33,2.108
1777025786481810107,172.001,0,0.1764,-0.4134,0.4494,-66.885,1528.98,1053.50,1138.04,2.876
1777025786583826251,172.103,0,0.0991,-0.4407,0.4517,-77.332,2616.52,1876.39,2026.97,4.943
1777025786683176414,172.202,0,0.0160,-0.4554,0.4557,-87.990,nan,nan,nan,4.020
1777025786782625984,172.302,0,-0.0683,-0.4538,0.4589,-98.562,nan,nan,nan,3.136
1777025786882813617,172.402,0,-0.1414,-0.4427,0.4647,-107.715,nan,nan,nan,3.162
1777025786981340348,172.500,0,-0.2032,-0.4264,0.4724,-115.483,nan,nan,nan,0.128
1777025787084045093,172.603,0,-0.2575,-0.4038,0.4789,-122.528,nan,nan,nan,3.999
1777025787182075294,172.701,0,-0.3065,-0.3813,0.4892,-128.789,nan,nan,nan,1.810
1777025787280554451,172.800,0,-0.3439,-0.3721,0.5067,-132.747,nan,nan,nan,0.341
1777025787382184564,172.901,0,-0.3811,-0.3656,0.5281,-136.188,nan,nan,nan,1.986
1777025787480717665,173.000,0,-0.4118,-0.3653,0.5505,-138.426,nan,nan,nan,0.657
1777025787581983319,173.101,0,-0.4419,-0.3659,0.5737,-140.376,nan,nan,nan,0.653
1777025787685960268,173.205,0,-0.4870,-0.3569,0.6037,-143.766,nan,nan,nan,2.931
1777025787783159463,173.302,0,-0.5246,-0.3426,0.6266,-146.850,nan,nan,nan,2.775
1777025787881280662,173.400,0,-0.5490,-0.3501,0.6511,-147.470,nan,nan,nan,0.424
1777025787978524986,173.498,0,-0.5443,-0.3944,0.6721,-144.072,nan,nan,nan,2.057
1777025788082305826,173.601,0,-0.5184,-0.4576,0.6914,-138.565,nan,nan,nan,1.934
1777025788182066003,173.701,0,-0.4723,-0.5243,0.7057,-132.011,nan,nan,nan,0.373
1777025788282658611,173.802,0,-0.3932,-0.5949,0.7131,-123.460,nan,nan,nan,1.611
1777025788387507011,173.907,0,-0.2873,-0.6582,0.7182,-113.577,nan,nan,nan,1.827
1777025788482933138,174.002,0,-0.1888,-0.6958,0.7210,-105.177,nan,nan,nan,1.834
1777025788584441363,174.104,0,-0.0789,-0.7224,0.7267,-96.236,nan,nan,nan,3.345
1777025788684391333,174.203,0,0.0340,-0.7308,0.7316,-87.333,nan,nan,nan,2.866
1777025788781736507,174.301,0,0.1417,-0.7245,0.7382,-78.931,2958.75,1311.51,1416.76,0.357
1777025788882985124,174.402,0,0.2656,-0.6941,0.7432,-69.056,1668.38,699.74,755.89,1.054
1777025788986052994,174.505,0,0.3784,-0.6454,0.7482,-59.615,1199.92,491.20,530.62,3.760
1777025789086805415,174.606,0,0.4794,-0.5840,0.7556,-50.616,948.26,387.73,418.84,3.575
1777025789184688007,174.704,0,0.5713,-0.4963,0.7568,-40.983,767.89,325.36,351.47,2.475
1777025789282630006,174.802,1,0.6523,-0.3935,0.7618,-31.099,630.76,284.96,307.82,0.721
1777025789382056909,174.901,1,0.7098,-0.2814,0.7636,-21.627,524.01,261.87,282.89,3.232
1777025789483399414,175.002,1,0.7390,-0.1833,0.7614,-13.928,447.35,251.52,271.70,3.496
1777025789583589677,175.103,1,0.7410,-0.1134,0.7496,-8.701,398.32,250.87,271.00,0.063
1777025789681959817,175.201,1,0.7352,-0.0676,0.7383,-5.251,366.75,252.85,273.14,4.276
1777025789782313170,175.301,1,0.7197,-0.0505,0.7215,-4.012,355.51,258.26,278.99,0.551
1777025789882107031,175.401,1,0.6983,-0.0505,0.7001,-4.134,356.62,266.19,287.55,1.638
1777025789982994080,175.502,1,0.6776,-0.0573,0.6800,-4.837,362.99,274.34,296.35,0.851
1777025790083179009,175.602,1,0.6566,-0.0638,0.6597,-5.548,369.45,283.10,305.82,0.938
1777025790181942700,175.701,1,0.6321,-0.0783,0.6369,-7.058,383.23,294.08,317.68,0.986
1777025790280227823,175.799,1,0.6093,-0.0940,0.6165,-8.771,398.96,305.09,329.57,2.895
1777025790382936957,175.902,1,0.5978,-0.1113,0.6080,-10.545,415.42,310.96,335.91,0.384
1777025790483350587,176.002,1,0.5870,-0.1300,0.6012,-12.489,433.66,316.67,342.09,0.351
1777025790579493630,176.099,1,0.5717,-0.1459,0.5900,-14.319,451.10,325.16,351.25,4.692
1777025790680499251,176.200,1,0.5572,-0.1724,0.5832,-17.191,479.05,333.63,360.40,4.159
1777025790785801958,176.305,1,0.5435,-0.2013,0.5796,-20.327,510.58,342.03,369.48,2.164
1777025790878743010,176.398,1,0.5296,-0.2235,0.5748,-22.878,537.18,351.00,379.16,3.222
1777025790981033150,176.500,1,0.5084,-0.2543,0.5684,-26.574,577.57,365.64,394.98,2.774
1777025791079770841,176.599,1,0.4873,-0.2772,0.5607,-29.633,613.02,381.44,412.05,3.709
1777025791180847739,176.700,0,0.4699,-0.3006,0.5579,-32.608,649.61,395.55,427.29,4.046
1777025791278464576,176.798,0,0.4513,-0.3226,0.5547,-35.562,688.45,411.93,444.99,2.765
1777025791380107891,176.899,0,0.4443,-0.3518,0.5667,-38.376,728.20,418.39,451.97,4.032
1777025791479099116,176.998,0,0.4364,-0.3789,0.5779,-40.968,767.64,425.95,460.13,2.723
1777025791580826597,177.100,0,0.4134,-0.4016,0.5763,-44.173,820.95,449.70,485.78,3.280
1777025791679792340,177.199,0,0.4034,-0.4247,0.5858,-46.475,862.93,460.79,497.77,2.473
1777025791782049684,177.301,0,0.4008,-0.4442,0.5983,-47.935,891.46,463.74,500.96,3.246
1777025791880561026,177.400,0,0.3985,-0.4665,0.6135,-49.497,923.79,466.49,503.92,3.790
1777025791981814496,177.501,0,0.4080,-0.4715,0.6235,-49.134,916.11,455.64,492.20,3.418
1777025792083530070,177.603,0,0.4222,-0.4672,0.6298,-47.897,890.69,440.23,475.56,3.643
1777025792182735735,177.702,0,0.4364,-0.4612,0.6349,-46.584,865.01,425.99,460.17,2.649
1777025792279354975,177.798,0,0.4601,-0.4523,0.6452,-44.509,826.87,404.02,436.44,1.877
1777025792380618722,177.900,0,0.4831,-0.4404,0.6537,-42.351,789.97,384.74,415.62,3.627
1777025792478953623,177.998,0,0.5052,-0.4270,0.6615,-40.210,755.80,367.97,397.50,1.894
1777025792578378415,178.097,0,0.5262,-0.4136,0.6693,-38.170,725.18,353.27,381.61,0.323
1777025792681462654,178.201,0,0.5444,-0.4053,0.6787,-36.665,703.68,341.43,368.83,3.038
1777025792783319615,178.302,0,0.5626,-0.4024,0.6917,-35.574,688.61,330.39,356.90,2.402
1777025792882023251,178.401,0,0.5551,-0.4207,0.6965,-37.160,710.65,334.89,361.76,3.707
1777025792978748564,178.498,0,0.5478,-0.4334,0.6985,-38.350,727.82,339.34,366.57,0.767
1777025793079872702,178.599,0,0.5511,-0.4477,0.7101,-39.090,738.78,337.29,364.36,1.358
1777025793182429097,178.702,0,0.5453,-0.4642,0.7161,-40.406,758.84,340.90,368.25,3.828
1777025793279309759,178.798,0,0.5449,-0.4782,0.7250,-41.274,772.51,341.16,368.54,0.921
1777025793378781143,178.898,0,0.5518,-0.4857,0.7351,-41.356,773.81,336.87,363.90,0.591
1777025793478760149,178.998,0,0.5592,-0.4936,0.7459,-41.433,775.05,332.40,359.08,0.676
1777025793579940268,179.099,0,0.5643,-0.5008,0.7545,-41.588,777.54,329.38,355.82,1.743
1777025793679261506,179.198,0,0.5713,-0.5027,0.7610,-41.346,773.65,325.36,351.47,0.016
1777025793780414773,179.300,0,0.5825,-0.4985,0.7667,-40.558,761.21,319.11,344.71,1.711
1777025793882081570,179.401,0,0.5893,-0.4952,0.7698,-40.042,753.21,315.42,340.73,3.605
1777025793982480867,179.502,0,0.5962,-0.4928,0.7735,-39.577,746.11,311.80,336.82,3.822
1777025794079739672,179.599,0,0.6063,-0.4874,0.7779,-38.794,734.37,306.58,331.18,1.006
1777025794179702474,179.699,0,0.6181,-0.4788,0.7819,-37.762,719.27,300.72,324.85,0.275
1777025794279080341,179.798,0,0.6262,-0.4730,0.7848,-37.067,709.34,296.85,320.67,0.173
1777025794381926899,179.901,0,0.6312,-0.4720,0.7881,-36.788,705.41,294.50,318.14,3.437
1777025794479214333,179.998,0,0.6393,-0.4693,0.7931,-36.282,698.34,290.76,314.10,0.298
1777025794582461366,180.102,0,0.6432,-0.4650,0.7937,-35.864,692.58,288.99,312.18,3.158
1777025794679906872,180.199,0,0.6472,-0.4645,0.7966,-35.668,689.90,287.22,310.27,0.914
1777025794779060835,180.298,0,0.6511,-0.4650,0.8001,-35.537,688.11,285.51,308.42,1.498
1777025794878782197,180.398,0,0.6539,-0.4652,0.8025,-35.431,686.66,284.27,307.08,0.845
1777025794975712747,180.495,0,0.6571,-0.4657,0.8054,-35.325,685.22,282.87,305.57,3.988
1777025795076378299,180.595,0,0.6696,-0.4520,0.8079,-34.019,667.83,277.59,299.86,3.311
1777025795180217454,180.699,1,0.6970,-0.4197,0.8137,-31.055,630.23,266.68,288.08,0.325
1777025795278515225,180.798,1,0.7159,-0.3906,0.8156,-28.620,601.05,259.65,280.48,2.200
1777025795380281446,180.899,1,0.7277,-0.3717,0.8171,-27.060,583.07,255.46,275.96,0.233
1777025795481750413,181.001,1,0.7404,-0.3511,0.8195,-25.371,564.16,251.05,271.19,1.586
1777025795579677819,181.099,1,0.7421,-0.3423,0.8172,-24.763,557.48,250.49,270.60,0.422
1777025795678207605,181.197,1,0.7259,-0.3664,0.8131,-26.781,579.91,256.08,276.63,1.796
1777025795776495766,181.296,1,0.7104,-0.3898,0.8103,-28.751,602.59,261.65,282.65,3.168
1777025795876403903,181.396,1,0.6943,-0.4121,0.8074,-30.690,625.76,267.73,289.21,4.071
1777025795979591863,181.499,0,0.6755,-0.4359,0.8039,-32.835,652.51,275.18,297.26,0.837
1777025796079876883,181.599,0,0.6534,-0.4517,0.7944,-34.657,676.26,284.48,307.30,0.859
1777025796182352354,181.701,0,0.6354,-0.4659,0.7879,-36.250,697.91,292.55,316.03,1.930
1777025796278927780,181.798,0,0.6385,-0.4578,0.7857,-35.643,689.55,291.12,314.48,2.018
1777025796381059607,181.900,0,0.6370,-0.4529,0.7816,-35.414,686.44,291.81,315.23,0.120
1777025796482713682,182.002,0,0.6348,-0.4514,0.7789,-35.419,686.50,292.82,316.32,2.067
1777025796578934020,182.098,0,0.6357,-0.4448,0.7759,-34.979,680.56,292.39,315.85,1.986
1777025796679254281,182.198,0,0.6344,-0.4364,0.7699,-34.524,674.49,293.03,316.54,2.926
1777025796779090400,182.298,0,0.6311,-0.4304,0.7639,-34.294,671.45,294.53,318.16,2.270
1777025796880490942,182.400,0,0.6244,-0.4280,0.7570,-34.427,673.21,297.68,321.57,1.401
1777025796978021150,182.497,0,0.6203,-0.4246,0.7517,-34.390,672.71,299.65,323.70,4.062
1777025797079069474,182.598,0,0.6177,-0.4189,0.7464,-34.142,669.44,300.91,325.05,4.030
1777025797178820965,182.698,0,0.6143,-0.4159,0.7419,-34.098,668.87,302.57,326.85,3.976
1777025797279981677,182.799,0,0.6109,-0.4092,0.7352,-33.815,665.16,304.30,328.72,2.087
1777025797378913198,182.898,0,0.6086,-0.4062,0.7317,-33.722,663.94,305.42,329.93,3.695
1777025797480066040,182.999,0,0.6052,-0.4014,0.7262,-33.552,661.73,307.13,331.77,2.233
1777025797582006073,183.101,0,0.5995,-0.3952,0.7180,-33.395,659.70,310.09,334.97,1.533
1777025797679934276,183.199,0,0.5992,-0.3882,0.7140,-32.940,653.85,310.21,335.11,3.156
1777025797776788179,183.296,0,0.5996,-0.3889,0.7147,-32.970,654.23,310.03,334.91,1.287
1777025797876236730,183.395,0,0.5994,-0.3911,0.7157,-33.123,656.19,310.10,334.99,2.101
1777025797980041515,183.499,0,0.5956,-0.3949,0.7146,-33.544,661.64,312.12,337.16,2.266
1777025798080544458,183.600,0,0.5953,-0.3935,0.7136,-33.466,660.62,312.26,337.32,2.143
1777025798180621518,183.700,0,0.6076,-0.3776,0.7154,-31.861,640.21,305.92,330.47,2.062
1777025798279148009,183.798,1,0.6193,-0.3554,0.7140,-29.848,615.58,300.16,324.24,4.679
1777025798381721626,183.901,1,0.6311,-0.3329,0.7135,-27.812,591.67,294.54,318.17,1.715
1777025798482876393,184.002,1,0.6410,-0.3135,0.7135,-26.061,571.82,290.01,313.28,0.065
1777025798582023282,184.101,1,0.6484,-0.2929,0.7115,-24.312,552.57,286.68,309.69,2.844
1777025798682379875,184.201,1,0.6524,-0.2734,0.7074,-22.734,535.65,284.91,307.77,0.705
1777025798780405299,184.300,1,0.6516,-0.2674,0.7044,-22.312,531.20,285.25,308.15,2.658
1777025798880789133,184.400,1,0.6495,-0.2562,0.6982,-21.529,523.00,286.18,309.15,2.811
1777025798982630260,184.502,1,0.6478,-0.2464,0.6931,-20.823,515.68,286.92,309.95,0.835
1777025799082642674,184.602,1,0.6451,-0.2369,0.6872,-20.165,508.92,288.17,311.29,0.749
1777025799183446687,184.703,1,0.6415,-0.2273,0.6806,-19.508,502.23,289.77,313.02,0.326
1777025799280954006,184.800,1,0.6370,-0.2184,0.6734,-18.925,496.34,291.82,315.23,5.302
1777025799380894606,184.900,1,0.6318,-0.2115,0.6662,-18.509,492.16,294.23,317.84,1.030
1777025799483025544,185.002,1,0.6233,-0.2081,0.6571,-18.460,491.67,298.25,322.18,2.518
1777025799583083364,185.102,1,0.6159,-0.2075,0.6500,-18.621,493.28,301.79,326.01,3.334
1777025799681098121,185.200,1,0.6070,-0.2072,0.6414,-18.846,495.54,306.21,330.78,2.112
1777025799781461103,185.301,1,0.5951,-0.2127,0.6320,-19.668,503.85,312.35,337.42,2.726
1777025799879494193,185.399,1,0.5856,-0.2164,0.6243,-20.279,510.08,317.42,342.89,3.062
1777025799979458496,185.499,1,0.5729,-0.2197,0.6136,-20.981,517.31,324.47,350.51,1.966
1777025800079749831,185.599,1,0.5609,-0.2270,0.6051,-22.031,528.24,331.41,358.00,3.421
1777025800178988108,185.698,1,0.5492,-0.2343,0.5971,-23.107,539.62,338.45,365.61,2.322
1777025800282073329,185.801,1,0.5368,-0.2408,0.5884,-24.156,550.87,346.25,374.04,2.626
1777025800381068442,185.900,1,0.5252,-0.2467,0.5802,-25.165,561.89,353.95,382.35,3.247
1777025800478819147,185.998,1,0.5165,-0.2523,0.5748,-26.033,571.51,359.89,388.77,1.466
1777025800578277587,186.097,1,0.5038,-0.2615,0.5676,-27.434,587.34,368.97,398.58,1.180
1777025800681812931,186.201,1,0.4933,-0.2693,0.5620,-28.634,601.22,376.84,407.08,3.712
1777025800779678930,186.299,1,0.4818,-0.2753,0.5549,-29.745,614.36,385.81,416.77,2.396
1777025800880748458,186.400,1,0.4708,-0.2853,0.5505,-31.220,632.26,394.84,426.52,3.863
1777025800978655457,186.498,0,0.4586,-0.2950,0.5453,-32.750,651.43,405.31,437.83,1.386
1777025801079627690,186.599,0,0.4448,-0.3073,0.5406,-34.642,676.06,417.94,451.48,2.196
1777025801178792875,186.698,0,0.4305,-0.3193,0.5360,-36.565,702.28,431.81,466.46,1.452
1777025801279857273,186.799,0,0.4176,-0.3315,0.5332,-38.448,729.25,445.17,480.89,2.682
1777025801380605824,186.900,0,0.4038,-0.3437,0.5303,-40.405,758.83,460.36,497.30,2.371
1777025801478058237,186.997,0,0.3926,-0.3562,0.5301,-42.215,787.74,473.44,511.43,0.760
1777025801580665798,187.100,0,0.3778,-0.3728,0.5308,-44.618,828.80,491.96,531.44,2.821
1777025801679989277,187.199,0,0.3636,-0.3876,0.5314,-46.830,869.73,511.26,552.29,1.201
1777025801782936389,187.302,0,0.3491,-0.4038,0.5338,-49.155,916.55,532.44,575.16,3.255
1777025801881115495,187.400,0,0.3406,-0.4149,0.5368,-50.612,948.18,545.73,589.52,1.831
1777025801980763469,187.500,0,0.3327,-0.4289,0.5428,-52.204,985.05,558.77,603.61,2.490
1777025802082312527,187.601,0,0.3284,-0.4388,0.5481,-53.184,1009.11,565.96,611.38,4.155
1777025802182974431,187.702,0,0.3351,-0.4431,0.5555,-52.897,1001.95,554.65,599.16,3.595
1777025802283811406,187.803,0,0.3435,-0.4538,0.5691,-52.876,1001.43,541.14,584.56,2.466
1777025802381227672,187.900,0,0.3519,-0.4610,0.5799,-52.646,995.78,528.30,570.69,2.980
1777025802479957918,187.999,0,0.3642,-0.4631,0.5892,-51.817,975.87,510.37,551.33,1.442
1777025802580716728,188.100,0,0.3764,-0.4600,0.5944,-50.709,950.36,493.87,533.50,1.404
1777025802682404340,188.202,0,0.3880,-0.4451,0.5905,-48.921,911.64,479.07,517.51,2.737
1777025802781304028,188.300,0,0.4026,-0.4363,0.5937,-47.298,878.82,461.70,498.75,0.510
1777025802880907855,188.400,0,0.4159,-0.4278,0.5967,-45.811,850.48,446.96,482.82,2.066
1777025802980836936,188.500,0,0.4299,-0.4153,0.5977,-44.013,818.16,432.43,467.13,1.005
1777025803081065272,188.600,0,0.4449,-0.4014,0.5992,-42.060,785.20,417.85,451.38,1.911
1777025803178987364,188.698,0,0.4606,-0.3841,0.5997,-39.827,749.91,403.58,435.96,0.142
1777025803281774293,188.801,0,0.4736,-0.3689,0.6003,-37.914,721.46,392.50,424.00,1.846
1777025803379589126,188.899,0,0.4921,-0.3384,0.5972,-34.520,674.44,377.77,408.08,0.285
1777025803479996460,188.999,0,0.5068,-0.3177,0.5981,-32.079,642.94,366.78,396.22,0.807
1777025803581223559,189.100,1,0.5196,-0.2956,0.5977,-29.634,613.03,357.77,386.48,1.748
1777025803682336198,189.201,1,0.5248,-0.2776,0.5937,-27.880,592.46,354.19,382.62,2.916
1777025803784293287,189.303,1,0.5238,-0.2672,0.5881,-27.029,582.72,354.85,383.33,4.019
1777025803880638271,189.400,1,0.5200,-0.2619,0.5822,-26.730,579.34,357.47,386.15,0.107
1777025803978884062,189.498,1,0.5170,-0.2550,0.5764,-26.253,573.97,359.56,388.42,1.019
1777025804078247707,189.597,1,0.5092,-0.2544,0.5692,-26.546,577.26,365.05,394.35,2.257
1777025804175427772,189.695,1,0.4955,-0.2607,0.5599,-27.752,590.99,375.16,405.27,3.536
1777025804277181771,189.796,1,0.4842,-0.2676,0.5532,-28.924,604.62,383.87,414.68,4.016
1777025804379529429,189.899,1,0.4821,-0.2718,0.5535,-29.415,610.42,385.57,416.51,0.898
1777025804479234254,189.998,1,0.4833,-0.2759,0.5565,-29.720,614.05,384.59,415.45,1.281
1777025804577397453,190.096,1,0.4845,-0.2783,0.5587,-29.872,615.87,383.65,414.44,4.703
1777025804675292082,190.194,1,0.4964,-0.2697,0.5650,-28.517,599.85,374.44,404.49,2.415
1777025804777107154,190.296,1,0.5091,-0.2569,0.5703,-26.779,579.89,365.12,394.42,3.540
1777025804875031875,190.394,1,0.5212,-0.2400,0.5738,-24.730,557.12,356.67,385.29,0.772
1777025804976097014,190.495,1,0.5330,-0.2210,0.5770,-22.522,533.41,348.74,376.72,3.091
1777025805075837765,190.595,1,0.5446,-0.2038,0.5815,-20.517,512.53,341.34,368.73,2.587
1777025805174296200,190.693,1,0.5555,-0.1842,0.5852,-18.343,490.50,334.65,361.51,0.812
1777025805276887558,190.796,1,0.5654,-0.1628,0.5883,-16.064,467.98,328.78,355.16,3.664
1777025805378876517,190.898,1,0.5751,-0.1390,0.5917,-13.588,444.10,323.19,349.13,3.013
1777025805479599050,190.999,1,0.5836,-0.1162,0.5951,-11.262,422.12,318.51,344.07,2.796
1777025805578958658,191.098,1,0.5878,-0.0911,0.5949,-8.813,399.35,316.22,341.60,2.795
1777025805681484016,191.201,1,0.5909,-0.0657,0.5945,-6.349,376.75,314.60,339.85,0.753
1777025805777549394,191.297,1,0.5928,-0.0438,0.5944,-4.228,357.47,313.56,338.73,3.830
1777025805881062368,191.400,1,0.5944,-0.0150,0.5946,-1.448,332.36,312.71,337.80,1.461
1777025805982250320,191.501,1,0.5954,0.0104,0.5955,1.000,310.28,312.18,337.23,0.483
1777025806080162726,191.599,1,0.5955,0.0363,0.5966,3.487,287.84,312.17,337.22,2.108
1777025806182077834,191.701,1,0.5932,0.0612,0.5963,5.893,266.00,313.36,338.51,0.043
1777025806281314185,191.800,1,0.5906,0.0878,0.5971,8.460,242.51,314.76,340.02,1.222
1777025806379053390,191.898,1,0.5846,0.1048,0.5939,10.168,226.69,317.99,343.51,4.064
1777025806480956461,192.000,1,0.5808,0.1201,0.5931,11.678,212.58,320.03,345.71,2.178
1777025806580359828,192.099,1,0.5783,0.1299,0.5927,12.661,203.31,321.42,347.21,2.758
1777025806678621007,192.198,1,0.5756,0.1372,0.5918,13.408,196.21,322.91,348.83,4.453
1777025806782721380,192.302,1,0.5680,0.1446,0.5861,14.280,187.88,327.28,353.54,0.399
1777025806880124997,192.399,1,0.5566,0.1493,0.5763,15.015,180.80,333.95,360.75,2.986
1777025806982256158,192.501,1,0.5458,0.1538,0.5671,15.741,173.76,340.57,367.89,2.410
1777025807079177505,192.598,1,0.5362,0.1584,0.5591,16.455,166.80,346.67,374.49,3.842
1777025807176938802,192.696,1,0.5245,0.1653,0.5499,17.491,156.59,354.43,382.87,1.179
1777025807277085343,192.796,1,0.5117,0.1692,0.5390,18.301,148.53,363.26,392.41,1.939
1777025807375880959,192.895,1,0.5018,0.1718,0.5304,18.897,142.54,370.44,400.16,0.863
1777025807477756216,192.997,1,0.4913,0.1773,0.5223,19.845,132.95,378.37,408.73,2.246
1777025807579842155,193.099,1,0.4769,0.1821,0.5105,20.902,122.10,389.74,421.02,3.959
1777025807677337771,193.196,1,0.4697,0.1856,0.5051,21.563,115.25,395.74,427.50,1.528
1777025807778827941,193.298,1,0.4589,0.1901,0.4967,22.503,105.39,405.06,437.57,3.725
1777025807877893220,193.397,1,0.4510,0.1933,0.4907,23.203,97.97,412.15,445.22,1.964
1777025807976173343,193.495,1,0.4411,0.1976,0.4834,24.133,87.97,421.40,455.22,0.674
1777025808079518783,193.599,1,0.4347,0.1979,0.4776,24.473,84.28,427.60,461.91,3.039
1777025808178520414,193.698,1,0.4278,0.2014,0.4729,25.208,76.23,434.47,469.33,2.675
1777025808277965873,193.797,1,0.4241,0.2048,0.4710,25.780,69.91,438.31,473.48,2.190
1777025808380057237,193.899,1,0.4185,0.2077,0.4672,26.390,63.10,444.15,479.79,3.889
1777025808475638085,193.995,1,0.4147,0.2076,0.4638,26.597,60.76,448.22,484.19,0.435
1777025808577773764,194.097,1,0.4097,0.2069,0.4590,26.797,58.51,453.68,490.09,1.191
1777025808678914494,194.198,1,0.4062,0.2072,0.4560,27.028,55.89,457.66,494.38,4.268
1777025808782108195,194.301,1,0.4052,0.2067,0.4549,27.029,55.88,458.74,495.55,1.905
1777025808878723843,194.398,1,0.4091,0.2054,0.4578,26.661,60.05,454.33,490.79,1.625
1777025808978954938,194.498,1,0.4135,0.1968,0.4579,25.447,73.60,449.55,485.63,0.210
1777025809080611383,194.600,1,0.4296,0.1796,0.4656,22.684,103.48,432.68,467.40,1.556
1777025809177564192,194.697,1,0.4570,0.1534,0.4821,18.554,145.99,406.75,439.39,0.353
1777025809276827931,194.796,1,0.4771,0.1175,0.4913,13.831,192.17,389.61,420.88,0.126
1777025809380829213,194.900,1,0.4944,0.0799,0.5008,9.181,235.85,375.99,406.16,3.608
1777025809477199475,194.996,1,0.5068,0.0457,0.5088,5.150,272.77,366.81,396.24,0.229
1777025809576754024,195.096,1,0.5202,0.0337,0.5213,3.712,285.80,357.34,386.02,0.501
1777025809671955192,195.191,1,0.5281,0.0329,0.5291,3.570,287.09,352.01,380.26,2.608
1777025809775098542,195.294,1,0.5269,0.0276,0.5276,3.002,292.22,352.80,381.11,2.997
1777025809879257229,195.398,1,0.5251,0.0172,0.5254,1.880,302.35,353.99,382.40,1.476
1777025809970650377,195.490,1,0.5261,0.0043,0.5261,0.468,315.08,353.34,381.70,0.872
1777025810074782268,195.594,1,0.5252,-0.0040,0.5252,-0.439,323.26,353.93,382.33,3.352
1777025810173105132,195.692,1,0.5203,-0.0140,0.5205,-1.543,333.21,357.24,385.91,2.884
1777025810275571250,195.795,1,0.5203,-0.0282,0.5211,-3.098,347.24,357.24,385.91,2.481
1777025810369172571,195.888,1,0.5204,-0.0355,0.5216,-3.899,354.49,357.22,385.89,2.117
1777025810470577168,195.990,1,0.5101,-0.0473,0.5123,-5.293,367.14,364.38,393.62,0.458
1777025810576615180,196.096,1,0.5043,-0.0585,0.5077,-6.612,379.15,368.59,398.17,2.085
1777025810675139318,196.194,1,0.5034,-0.0701,0.5082,-7.931,391.23,369.29,398.93,3.905
1777025810768217868,196.287,1,0.4988,-0.0832,0.5057,-9.469,405.42,372.67,402.57,3.202
1777025810867964915,196.387,1,0.4958,-0.0947,0.5047,-10.814,417.93,374.93,405.02,4.855
1777025810966849270,196.486,1,0.4917,-0.1047,0.5028,-12.020,429.24,378.02,408.35,3.872
1777025811068027482,196.587,1,0.4875,-0.1181,0.5016,-13.618,444.39,381.30,411.90,2.947
1777025811166678192,196.686,1,0.4838,-0.1300,0.5009,-15.045,458.09,384.24,415.08,3.901
1777025811267859533,196.787,1,0.4801,-0.1427,0.5008,-16.548,472.72,387.18,418.25,3.484
1777025811366854554,196.886,1,0.4767,-0.1552,0.5014,-18.033,487.40,389.91,421.20,3.742
1777025811471200738,196.990,1,0.4749,-0.1656,0.5029,-19.222,499.33,391.45,422.86,0.803
1777025811568822093,197.088,1,0.4731,-0.1779,0.5054,-20.606,513.45,392.91,424.44,2.566
1777025811673921118,197.193,1,0.4715,-0.1834,0.5059,-21.258,520.18,394.25,425.89,2.063
1777025811768351871,197.287,1,0.4756,-0.1786,0.5080,-20.584,513.21,390.84,422.20,3.017
1777025811866378924,197.385,1,0.4799,-0.1788,0.5121,-20.438,511.72,387.37,418.46,3.206
1777025811969657068,197.489,1,0.4850,-0.1683,0.5134,-19.139,498.50,383.23,413.99,3.373
1777025812073178209,197.592,1,0.4882,-0.1612,0.5142,-18.276,489.82,380.73,411.28,1.344
1777025812167764459,197.687,1,0.4911,-0.1552,0.5151,-17.533,482.43,378.48,408.85,4.272
1777025812275410559,197.795,1,0.4916,-0.1433,0.5121,-16.248,469.78,378.10,408.45,4.193
1777025812374400765,197.893,1,0.4889,-0.1323,0.5065,-15.142,459.03,380.23,410.74,2.022
1777025812475318165,197.994,1,0.4854,-0.1243,0.5011,-14.368,451.57,382.92,413.65,2.891
1777025812575132544,198.094,1,0.4823,-0.1174,0.4964,-13.676,444.94,385.38,416.31,2.608
1777025812676582974,198.196,1,0.4799,-0.1074,0.4918,-12.614,434.85,387.31,418.39,4.207
1777025812779098648,198.298,1,0.4701,-0.1125,0.4834,-13.459,442.87,395.40,427.13,1.801
1777025812878153352,198.397,1,0.4585,-0.1227,0.4746,-14.977,457.43,405.42,437.95,2.837
1777025812971767636,198.491,1,0.4514,-0.1268,0.4688,-15.688,464.33,411.83,444.88,1.041
1777025813070875154,198.590,1,0.4480,-0.1231,0.4646,-15.360,461.14,414.93,448.23,2.326
1777025813168403048,198.688,1,0.4461,-0.1191,0.4617,-14.947,457.14,416.68,450.11,3.898
1777025813266950908,198.786,1,0.4455,-0.1174,0.4607,-14.760,455.34,417.23,450.72,1.962
1777025813370826914,198.890,1,0.4454,-0.1108,0.4590,-13.970,447.75,417.29,450.78,2.595
1777025813468241717,198.987,1,0.4466,-0.1055,0.4589,-13.288,441.25,416.18,449.57,4.185
1777025813573365112,199.092,1,0.4522,-0.1045,0.4641,-13.014,438.64,411.04,444.03,0.742
1777025813677894034,199.197,1,0.4599,-0.0999,0.4706,-12.253,431.44,404.19,436.62,3.316
1777025813778257313,199.297,1,0.4644,-0.0959,0.4742,-11.663,425.88,400.23,432.35,4.083
1777025813880754135,199.400,1,0.4691,-0.0925,0.4782,-11.158,421.15,396.22,428.02,1.122
1777025813979541751,199.499,1,0.4726,-0.0892,0.4809,-10.684,416.71,393.33,424.90,2.340
1777025814081797039,199.601,1,0.4690,-0.0910,0.4778,-10.978,419.46,396.32,428.12,0.351
1777025814176390123,199.695,1,0.4601,-0.0893,0.4687,-10.981,419.49,404.03,436.45,2.734
1777025814281193375,199.800,1,0.4588,-0.0951,0.4685,-11.710,426.33,405.16,437.67,1.162
1777025814378003279,199.897,1,0.4517,-0.1159,0.4663,-14.397,451.85,411.53,444.56,2.796
1777025814481249701,200.000,1,0.4339,-0.1434,0.4570,-18.289,489.95,428.37,462.75,1.334
1777025814579622564,200.099,1,0.4302,-0.1721,0.4633,-21.807,525.90,432.12,466.80,2.403
1777025814675804569,200.195,1,0.4351,-0.2112,0.4836,-25.893,569.94,427.27,461.56,1.553
1777025814778483741,200.298,1,0.4440,-0.2413,0.5053,-28.525,599.95,418.68,452.28,4.156
1777025814878248676,200.397,1,0.4520,-0.2710,0.5271,-30.942,628.85,411.21,444.20,3.216
1777025814978541585,200.498,0,0.4600,-0.3010,0.5497,-33.200,657.19,404.09,436.52,3.557
1777025815079650761,200.599,0,0.4686,-0.3339,0.5754,-35.474,687.25,396.68,428.51,4.285
1777025815180522865,200.700,0,0.4765,-0.3634,0.5992,-37.336,713.16,390.14,421.45,3.293
1777025815279458220,200.799,0,0.4787,-0.3906,0.6178,-39.212,740.59,388.33,419.49,3.515
1777025815380024329,200.899,0,0.4725,-0.4173,0.6304,-41.453,775.37,393.40,424.97,1.049
1777025815483605802,201.003,0,0.4555,-0.4435,0.6357,-44.233,822.00,408.08,440.83,0.512
1777025815579469312,201.099,0,0.4454,-0.4648,0.6437,-46.217,858.06,417.32,450.81,3.618
1777025815681684620,201.201,0,0.4424,-0.4843,0.6560,-47.589,884.55,420.14,453.86,2.109
1777025815781446555,201.301,0,0.4374,-0.5022,0.6660,-48.947,912.18,424.99,459.10,1.626
1777025815882599693,201.402,0,0.4419,-0.5158,0.6793,-49.412,921.98,420.60,454.36,0.742
1777025815981976411,201.501,0,0.4530,-0.5245,0.6931,-49.185,917.18,410.34,443.26,1.977
1777025816080140722,201.599,0,0.4596,-0.5271,0.6994,-48.914,911.48,404.41,436.87,3.644
1777025816179202019,201.698,0,0.4634,-0.5287,0.7031,-48.764,908.37,401.09,433.28,3.046
1777025816280782854,201.800,0,0.4729,-0.5290,0.7096,-48.203,896.86,393.04,424.58,4.788
1777025816381173966,201.900,0,0.4960,-0.5071,0.7093,-45.635,847.23,374.78,404.85,2.904
1777025816484295982,202.003,0,0.5094,-0.4926,0.7086,-44.035,818.54,364.89,394.17,1.421
1777025816582014429,202.101,0,0.5263,-0.4744,0.7086,-42.031,784.73,353.18,381.52,2.664
1777025816684055257,202.203,0,0.5454,-0.4501,0.7071,-39.532,745.43,340.83,368.18,0.301
1777025816780601850,202.300,0,0.5499,-0.4400,0.7042,-38.663,732.42,338.04,365.17,3.898
1777025816881614841,202.401,0,0.5498,-0.4441,0.7068,-38.929,736.37,338.06,365.19,3.519
1777025816983542098,202.503,0,0.5527,-0.4504,0.7130,-39.173,740.01,336.29,363.28,1.490
1777025817082983408,202.602,0,0.5557,-0.4522,0.7165,-39.136,739.47,334.48,361.33,2.071
1777025817179606777,202.699,0,0.5596,-0.4539,0.7205,-39.043,738.06,332.17,358.82,2.668
1777025817282536871,202.802,0,0.5628,-0.4580,0.7257,-39.138,739.50,330.26,356.76,2.900
1777025817382626876,202.902,0,0.5662,-0.4593,0.7291,-39.050,738.17,328.31,354.65,2.706
1777025817480247860,202.999,0,0.5716,-0.4601,0.7337,-38.832,734.92,325.23,351.32,3.302
1777025817580123757,203.099,0,0.5781,-0.4575,0.7372,-38.357,727.92,321.55,347.35,3.305
1777025817679148666,203.198,0,0.5791,-0.4468,0.7314,-37.651,717.67,321.01,346.77,1.861
1777025817779443001,203.299,0,0.5804,-0.4370,0.7266,-36.977,708.07,320.25,345.95,2.015
1777025817881786455,203.401,0,0.5815,-0.4290,0.7227,-36.419,700.25,319.64,345.29,3.264
1777025817983094313,203.502,0,0.5837,-0.4174,0.7176,-35.568,688.54,318.47,344.03,2.906
1777025818079932327,203.599,0,0.5835,-0.4095,0.7128,-35.064,681.70,318.59,344.16,2.516
1777025818181185704,203.700,0,0.5871,-0.3998,0.7103,-34.257,670.96,316.61,342.02,3.194
1777025818283611564,203.803,0,0.5856,-0.3885,0.7028,-33.559,661.83,317.42,342.89,2.413
1777025818382080315,203.901,0,0.5867,-0.3805,0.6993,-32.962,654.13,316.80,342.23,3.543
1777025818480569805,204.000,0,0.5868,-0.3700,0.6937,-32.233,644.88,316.79,342.21,2.851
1777025818580043171,204.099,1,0.5866,-0.3601,0.6883,-31.546,636.29,316.89,342.32,2.230
1777025818678627456,204.198,1,0.5866,-0.3514,0.6838,-30.919,628.56,316.87,342.29,0.732
1777025818779902407,204.299,1,0.5836,-0.3427,0.6768,-30.424,622.53,318.49,344.05,1.918
1777025818879442753,204.399,1,0.5810,-0.3334,0.6699,-29.852,615.63,319.95,345.63,1.383
1777025818982247682,204.501,1,0.5772,-0.3264,0.6631,-29.493,611.35,322.07,347.91,3.932
1777025819080875874,204.600,1,0.5742,-0.3194,0.6571,-29.089,606.56,323.74,349.72,2.654
1777025819178496415,204.698,1,0.5699,-0.3112,0.6493,-28.637,601.25,326.18,352.36,0.086
1777025819274115373,204.793,1,0.5674,-0.3052,0.6442,-28.275,597.04,327.63,353.92,4.128
1777025819376924634,204.896,1,0.5685,-0.2881,0.6373,-26.875,580.97,326.98,353.22,2.648
1777025819478730078,204.998,1,0.5852,-0.2502,0.6364,-23.150,540.07,317.65,343.14,0.373
1777025819579980603,205.099,1,0.5951,-0.2114,0.6315,-19.559,502.74,312.38,337.44,0.818
1777025819679881962,205.199,1,0.5986,-0.1870,0.6272,-17.343,480.55,310.51,335.42,0.656
1777025819775621196,205.295,1,0.6059,-0.1662,0.6283,-15.337,460.91,306.79,331.41,4.041
1777025819877480823,205.397,1,0.6059,-0.1549,0.6254,-14.340,451.30,306.80,331.42,5.538
1777025819975284139,205.494,1,0.6009,-0.1534,0.6202,-14.322,451.13,309.34,334.16,3.981
1777025820078325046,205.597,1,0.5921,-0.1645,0.6146,-15.529,462.78,313.93,339.12,1.502
1777025820175297595,205.694,1,0.5798,-0.1791,0.6069,-17.169,478.83,320.59,346.31,4.025
1777025820274575149,205.794,1,0.5692,-0.1926,0.6009,-18.693,494.00,326.58,352.78,3.151
1777025820369828130,205.889,1,0.5571,-0.2089,0.5950,-20.560,512.97,333.68,360.46,2.146
1777025820471209913,205.990,1,0.5438,-0.2255,0.5887,-22.521,533.40,341.80,369.23,0.904
1777025820576144126,206.095,1,0.5294,-0.2484,0.5848,-25.135,561.56,351.12,379.29,3.815
1777025820671785935,206.191,1,0.5119,-0.2696,0.5785,-27.771,591.21,363.12,392.26,1.976
1777025820775550387,206.295,1,0.4935,-0.2925,0.5737,-30.657,625.36,376.64,406.86,3.747
1777025820872631769,206.392,0,0.4754,-0.3167,0.5713,-33.671,663.28,390.97,422.35,0.176
1777025820971235961,206.490,0,0.4558,-0.3431,0.5705,-36.974,708.03,407.84,440.56,1.100
1777025821068400397,206.587,0,0.4364,-0.3667,0.5700,-40.041,753.19,425.96,460.14,4.077
1777025821176969280,206.696,0,0.4156,-0.4025,0.5786,-44.080,819.32,447.25,483.14,3.525
1777025821273887330,206.793,0,0.3971,-0.4278,0.5837,-47.135,875.63,468.15,505.71,0.060
1777025821376028176,206.895,0,0.3767,-0.4593,0.5940,-50.648,948.99,493.50,533.10,4.096
1777025821476659858,206.996,0,0.3574,-0.4901,0.6065,-53.901,1027.40,520.16,561.90,2.714
1777025821578463709,207.098,0,0.3337,-0.5231,0.6205,-57.468,1128.80,557.10,601.81,3.004
1777025821679336721,207.198,0,0.3163,-0.5526,0.6367,-60.210,1221.24,587.61,634.77,2.343
1777025821779704555,207.299,0,0.3170,-0.5731,0.6549,-61.049,1252.71,586.35,633.40,1.796
1777025821880526753,207.400,0,0.3349,-0.5841,0.6732,-60.172,1219.87,555.09,599.64,1.002
1777025821980645387,207.500,0,0.3479,-0.5976,0.6915,-59.792,1206.18,534.29,577.17,0.709
1777025822079713295,207.599,0,0.3584,-0.6096,0.7071,-59.550,1197.62,518.71,560.33,2.053
1777025822181977435,207.701,0,0.3685,-0.6067,0.7099,-58.723,1169.32,504.38,544.85,0.104
1777025822280862254,207.800,0,0.3784,-0.6046,0.7133,-57.961,1144.38,491.25,530.68,1.364
1777025822380121363,207.899,0,0.3932,-0.6087,0.7247,-57.140,1118.67,472.74,510.68,1.106
1777025822479720412,207.999,0,0.4129,-0.6209,0.7457,-56.376,1095.75,450.17,486.30,2.375
1777025822580454778,208.100,0,0.4313,-0.6287,0.7624,-55.551,1072.03,431.02,465.61,1.718
1777025822681927207,208.201,0,0.4450,-0.6351,0.7755,-54.980,1056.17,417.68,451.20,0.655
1777025822783878555,208.303,0,0.4595,-0.6448,0.7918,-54.526,1043.88,404.55,437.01,1.463
1777025822882499174,208.402,0,0.4738,-0.6512,0.8053,-53.963,1029.02,392.35,423.84,1.076
1777025822981167255,208.500,0,0.4911,-0.6536,0.8176,-53.081,1006.54,378.51,408.89,1.791
1777025823096636001,208.616,0,0.5080,-0.6614,0.8339,-52.470,991.49,365.90,395.26,2.613
1777025823182108383,208.701,0,0.5205,-0.6642,0.8439,-51.917,978.22,357.12,385.77,1.013
1777025823282782490,208.802,0,0.5389,-0.6649,0.8559,-50.980,956.47,344.96,372.64,0.726
1777025823380548288,208.900,0,0.5575,-0.6639,0.8670,-49.978,934.18,333.41,360.16,2.505
1777025823481797702,209.001,0,0.5758,-0.6637,0.8787,-49.056,914.47,322.83,348.74,1.360
1777025823580861592,209.100,0,0.5937,-0.6620,0.8892,-48.113,895.04,313.10,338.22,2.038
1777025823681119113,209.200,0,0.6131,-0.6604,0.9011,-47.128,875.50,303.19,327.52,2.436
1777025823784568236,209.304,0,0.6314,-0.6601,0.9134,-46.275,859.15,294.42,318.05,1.659
1777025823882654177,209.402,0,0.6510,-0.6560,0.9243,-45.219,839.62,285.52,308.43,0.679
1777025823981324387,209.500,0,0.6681,-0.6500,0.9321,-44.213,821.66,278.24,300.57,2.407
1777025824083197255,209.602,0,0.6845,-0.6457,0.9410,-43.330,806.39,271.56,293.35,1.178
1777025824182738027,209.702,0,0.6852,-0.6551,0.9480,-43.714,812.97,271.28,293.04,2.230
1777025824284376380,209.803,0,0.6792,-0.6687,0.9531,-44.556,827.70,273.70,295.66,1.967
1777025824383593342,209.903,0,0.6764,-0.6817,0.9603,-45.226,839.73,274.83,296.88,0.824
1777025824481394583,210.000,0,0.6726,-0.6951,0.9672,-45.940,852.88,276.35,298.53,2.278
1777025824583629094,210.103,0,0.6677,-0.7089,0.9738,-46.715,867.51,278.40,300.74,0.234
1777025824683587045,210.203,0,0.6627,-0.7204,0.9788,-47.391,880.65,280.51,303.02,0.379
1777025824782614028,210.302,0,0.6566,-0.7301,0.9819,-48.034,893.44,283.09,305.81,2.331
1777025824881849119,210.401,0,0.6517,-0.7379,0.9845,-48.550,903.94,285.22,308.11,2.814
1777025824983517527,210.503,0,0.6402,-0.7487,0.9851,-49.467,923.15,290.34,313.64,1.754
1777025825083401720,210.602,0,0.6364,-0.7536,0.9863,-49.819,930.72,292.09,315.53,0.890
1777025825184440193,210.704,0,0.6300,-0.7598,0.9870,-50.336,942.03,295.05,318.72,0.942
1777025825283416695,210.803,0,0.6254,-0.7621,0.9858,-50.628,948.53,297.25,321.10,1.569
1777025825383463274,210.903,0,0.6190,-0.7664,0.9852,-51.075,958.64,300.30,324.40,1.679
1777025825481520642,211.001,0,0.6114,-0.7694,0.9828,-51.530,969.14,304.04,328.44,4.519
1777025825582839481,211.102,0,0.6110,-0.7687,0.9819,-51.518,968.85,304.21,328.62,2.752
1777025825684575480,211.204,0,0.6085,-0.7669,0.9789,-51.568,970.02,305.48,329.99,1.645
1777025825783453280,211.303,0,0.5921,-0.7705,0.9718,-52.460,991.25,313.93,339.13,3.058
1777025825881806866,211.401,0,0.5910,-0.7682,0.9692,-52.427,990.44,314.51,339.75,2.376
1777025825982455511,211.502,0,0.5849,-0.7639,0.9621,-52.562,993.73,317.82,343.32,3.814
1777025826086073020,211.605,0,0.5773,-0.7616,0.9557,-52.834,1000.40,321.96,347.80,0.260
1777025826183383954,211.702,0,0.5709,-0.7579,0.9489,-53.008,1004.72,325.58,351.71,3.515
1777025826282374752,211.801,0,0.5688,-0.7492,0.9406,-52.794,999.41,326.81,353.04,3.572
1777025826385952910,211.905,0,0.5552,-0.7422,0.9269,-53.200,1009.51,334.78,361.64,0.937
1777025826484190071,212.003,0,0.5444,-0.7352,0.9148,-53.479,1016.57,341.45,368.85,2.082
1777025826582060590,212.101,0,0.5330,-0.7292,0.9032,-53.837,1025.76,348.77,376.75,3.500
1777025826683779052,212.203,0,0.5172,-0.7224,0.8885,-54.397,1040.44,359.38,388.22,2.937
1777025826780278887,212.299,0,0.5056,-0.7166,0.8770,-54.792,1051.06,367.63,397.13,1.404
1777025826883116500,212.402,0,0.4874,-0.7095,0.8608,-55.512,1070.92,381.35,411.95,4.064
1777025826983133321,212.502,0,0.4756,-0.7022,0.8481,-55.886,1081.54,390.81,422.17,4.299
1777025827082255747,212.601,0,0.4647,-0.6942,0.8353,-56.200,1090.62,400.02,432.12,3.544
1777025827182871929,212.702,0,0.4498,-0.6845,0.8191,-56.689,1105.04,413.24,446.40,3.611
1777025827281113405,212.800,0,0.4453,-0.6777,0.8109,-56.690,1105.06,417.43,450.93,2.108
1777025827382557964,212.902,0,0.4300,-0.6696,0.7958,-57.293,1123.37,432.30,466.99,3.279
1777025827482929039,213.002,0,0.4185,-0.6593,0.7809,-57.597,1132.82,444.19,479.83,3.283
1777025827583062284,213.102,0,0.4113,-0.6511,0.7701,-57.719,1136.66,451.94,488.21,4.174
1777025827683339897,213.202,0,0.3985,-0.6455,0.7586,-58.313,1155.75,466.49,503.93,4.273
1777025827785757443,213.305,0,0.3847,-0.6369,0.7441,-58.867,1174.16,483.19,521.96,2.276
1777025827884795407,213.404,0,0.3725,-0.6300,0.7319,-59.404,1192.52,498.98,539.03,2.983
1777025827982316856,213.501,0,0.3611,-0.6248,0.7217,-59.972,1212.64,514.72,556.03,3.095
1777025828082755596,213.602,0,0.3484,-0.6191,0.7104,-60.632,1236.85,533.52,576.33,2.906
1777025828185285622,213.704,0,0.3329,-0.6140,0.6985,-61.531,1271.52,558.30,603.10,4.084
1777025828282857533,213.802,0,0.3195,-0.6108,0.6894,-62.386,1306.41,581.76,628.45,3.424
1777025828382910686,213.902,0,0.3065,-0.6076,0.6805,-63.232,1342.92,606.48,655.14,1.700
1777025828483443777,214.003,0,0.2896,-0.6047,0.6705,-64.414,1397.69,641.96,693.47,3.542
1777025828582933106,214.102,0,0.2715,-0.6041,0.6623,-65.804,1468.42,684.75,739.70,3.564
1777025828680645608,214.200,0,0.2589,-0.6021,0.6554,-66.735,1520.27,718.11,775.74,0.933
1777025828781913318,214.301,0,0.2514,-0.6028,0.6532,-67.359,1557.26,739.29,798.62,1.730
1777025828882830922,214.402,0,0.2376,-0.6085,0.6532,-68.672,1641.78,782.42,845.20,2.358
1777025828982688282,214.502,0,0.2195,-0.6165,0.6545,-70.401,1769.46,846.75,914.70,2.604
1777025829080055011,214.599,0,0.2028,-0.6262,0.6582,-72.052,1913.36,916.43,989.97,0.390
1777025829182631461,214.702,0,0.1921,-0.6343,0.6627,-73.151,2024.20,967.66,1045.31,2.239
1777025829283340050,214.802,0,0.1990,-0.6385,0.6688,-72.688,1975.90,934.04,1008.99,2.798
1777025829383143392,214.902,0,0.2445,-0.6299,0.6757,-68.787,1649.60,760.28,821.29,2.274
1777025829485750268,215.005,0,0.3103,-0.6076,0.6823,-62.944,1330.23,598.98,647.05,4.082
1777025829583040609,215.102,0,0.3741,-0.5757,0.6865,-56.983,1113.88,496.90,536.77,2.158
1777025829682904839,215.202,0,0.4674,-0.5055,0.6885,-47.247,877.82,397.73,429.65,1.779
1777025829779570986,215.299,0,0.5500,-0.4132,0.6879,-36.917,707.23,338.00,365.12,1.550
1777025829879790082,215.399,1,0.6145,-0.3063,0.6867,-26.494,576.68,302.47,326.75,2.141
1777025829982574807,215.502,1,0.6522,-0.2118,0.6857,-17.990,486.97,285.02,307.89,0.645
1777025830082820958,215.602,1,0.6797,-0.1356,0.6931,-11.283,422.32,273.49,295.44,0.788
1777025830181047693,215.700,1,0.6920,-0.0507,0.6938,-4.194,357.16,268.62,290.18,1.886
1777025830282193275,215.801,1,0.6954,0.0366,0.6964,3.009,292.16,267.30,288.75,0.901
1777025830385828840,215.905,1,0.6878,0.1173,0.6978,9.678,231.24,270.24,291.93,3.628
1777025830480652809,216.000,1,0.6746,0.1616,0.6937,13.468,195.64,275.53,297.64,1.307
1777025830584106821,216.103,1,0.6602,0.1803,0.6843,15.277,178.27,281.57,304.17,2.088
1777025830683067490,216.202,1,0.6444,0.1939,0.6730,16.748,163.92,288.45,311.59,1.155
1777025830783686339,216.303,1,0.6333,0.2071,0.6663,18.106,150.48,293.50,317.05,0.595
1777025830883711475,216.403,1,0.6198,0.2164,0.6564,19.244,139.04,299.93,324.00,1.241
1777025830981160240,216.500,1,0.6080,0.2257,0.6485,20.369,127.59,305.75,330.28,1.205
1777025831079597509,216.599,1,0.5939,0.2375,0.6397,21.797,112.81,312.96,338.08,2.957
1777025831180310079,216.699,1,0.5794,0.2461,0.6295,23.012,100.00,320.81,346.56,2.199
1777025831278893402,216.798,1,0.5653,0.2536,0.6196,24.158,87.70,328.83,355.21,3.618
1777025831379777265,216.899,1,0.5456,0.2637,0.6060,25.790,69.81,340.67,368.00,2.638
1777025831481234102,217.000,1,0.5260,0.2718,0.5920,27.330,52.46,353.42,381.78,1.354
1777025831580507693,217.100,1,0.5089,0.2795,0.5806,28.779,35.68,365.27,394.59,3.544
1777025831679413455,217.199,1,0.4907,0.2869,0.5684,30.318,17.36,378.84,409.24,3.344
1777025831779287037,217.298,1,0.4742,0.2926,0.5572,31.672,0.75,391.96,423.42,3.768
1777025831880410731,217.400,0,0.4627,0.2926,0.5475,32.303,-7.15,401.71,433.94,2.376
1777025831982596446,217.502,0,0.4529,0.2874,0.5364,32.403,-8.42,410.45,443.38,1.555
1777025832081962813,217.601,0,0.4479,0.2811,0.5288,32.108,-4.70,415.00,448.30,2.633
1777025832179859979,217.699,0,0.4282,0.2745,0.5086,32.667,-11.76,434.14,468.98,3.863
1777025832280115074,217.799,0,0.4153,0.2687,0.4947,32.901,-14.74,447.54,483.45,5.069
1777025832382153681,217.901,0,0.4048,0.2618,0.4821,32.887,-14.58,459.16,496.01,2.386
1777025832478770532,217.998,0,0.3962,0.2539,0.4705,32.654,-11.60,469.22,506.88,0.781
1777025832578952035,218.098,0,0.3902,0.2429,0.4596,31.903,-2.13,476.42,514.65,3.583
1777025832682793523,218.202,1,0.3921,0.2322,0.4557,30.630,13.57,474.03,512.07,1.408
1777025832780385267,218.299,1,0.3884,0.2231,0.4479,29.868,22.77,478.56,516.96,4.426
1777025832881868345,218.401,1,0.3981,0.2114,0.4507,27.973,45.07,466.96,504.44,2.067
1777025832975198002,218.494,1,0.4012,0.1880,0.4430,25.113,77.28,463.36,500.55,1.016
1777025833078042227,218.597,1,0.3846,0.1768,0.4233,24.692,81.89,483.32,522.10,2.091
1777025833177998604,218.697,1,0.3823,0.1637,0.4159,23.181,98.20,486.24,525.26,1.614
1777025833275977343,218.795,1,0.3818,0.1520,0.4109,21.713,113.69,486.87,525.94,0.074
1777025833368425642,218.888,1,0.3748,0.1441,0.4016,21.030,120.79,495.91,535.70,8.688
1777025833467880230,218.987,1,0.3759,0.1274,0.3969,18.720,144.33,494.52,534.20,0.096
1777025833571764125,219.091,1,0.3838,0.1146,0.4005,16.625,165.12,484.32,523.18,3.775
1777025833672929281,219.192,1,0.3965,0.1103,0.4115,15.547,175.65,468.85,506.48,3.641
1777025833767921637,219.287,1,0.4031,0.1108,0.4181,15.367,177.39,461.09,498.09,0.050
1777025833870406737,219.390,1,0.4121,0.1096,0.4264,14.891,182.00,451.06,487.26,2.495
1777025833974795828,219.494,1,0.4298,0.1204,0.4463,15.646,174.69,432.49,467.20,1.885
1777025834079338843,219.598,1,0.4423,0.1410,0.4642,17.685,154.67,420.27,453.99,2.415
1777025834180787013,219.700,1,0.4670,0.1554,0.4922,18.410,147.44,398.03,429.97,3.432
1777025834279984457,219.799,1,0.4744,0.2082,0.5181,23.696,92.68,391.79,423.23,2.425
1777025834383436857,219.903,0,0.4462,0.3083,0.5423,34.637,-37.40,416.58,450.00,1.938
1777025834481370727,220.000,0,0.4011,0.3999,0.5664,44.916,-195.54,463.43,500.62,3.526
1777025834583433055,220.103,0,0.3499,0.4798,0.5938,53.896,-388.68,531.22,573.85,2.871
1777025834684762931,220.204,0,0.3014,0.5408,0.6191,60.869,-607.21,616.79,666.28,2.177
1777025834783578991,220.303,0,0.2569,0.5872,0.6409,66.371,-860.92,723.56,781.62,2.616
1777025834883219039,220.402,0,0.2214,0.6231,0.6613,70.441,-1134.05,839.64,907.01,4.076
1777025834983206305,220.502,0,0.1975,0.6400,0.6697,72.851,-1353.96,941.26,1016.79,3.502
1777025835081955347,220.601,0,0.1682,0.6361,0.6580,75.190,-1633.66,1105.26,1193.96,3.877
1777025835182505493,220.702,0,0.1356,0.6326,0.6470,77.900,-2089.24,1370.55,1480.54,4.512
1777025835282217337,220.801,0,0.1270,0.6435,0.6559,78.834,-2296.56,1463.47,1580.91,4.168
1777025835381162266,220.900,0,0.1336,0.6711,0.6843,78.741,-2274.34,1391.32,1502.97,2.569
1777025835480216859,220.999,0,0.1418,0.6962,0.7105,78.487,-2215.67,1310.87,1416.07,1.920
1777025835580072775,221.099,0,0.1380,0.7131,0.7263,79.047,-2348.72,1346.89,1454.97,1.657
1777025835682400266,221.201,0,0.1373,0.7320,0.7448,79.378,-2433.88,1353.96,1462.61,3.113
1777025835782896395,221.302,0,0.1376,0.7506,0.7631,79.613,-2497.68,1351.12,1459.55,3.980
1777025835882213799,221.401,0,0.1361,0.7682,0.7802,79.954,-2595.30,1365.84,1475.44,2.884
1777025835981789367,221.501,0,0.1296,0.7814,0.7920,80.581,-2793.36,1434.11,1549.19,2.064
1777025836082002129,221.601,0,0.1162,0.7895,0.7981,81.628,-3189.23,1599.74,1728.11,2.924
1777025836181996524,221.701,0,0.1016,0.8019,0.8083,82.779,-3756.10,1829.61,1976.43,1.807
1777025836279667027,221.799,0,0.0904,0.8142,0.8192,83.662,-4329.09,2055.26,2220.18,0.241
1777025836380914478,221.900,0,0.0742,0.8262,0.8296,84.869,-5431.26,2505.55,2706.61,1.708
1777025836480430046,222.000,0,0.0608,0.8390,0.8412,85.857,-6809.46,3058.81,3304.27,1.066
1777025836582181583,222.101,0,0.0472,0.8514,0.8527,86.830,nan,nan,nan,2.156
1777025836682203644,222.201,0,0.0207,0.8585,0.8587,88.619,nan,nan,nan,2.351
1777025836782012597,222.301,0,-0.0456,0.8600,0.8612,93.034,nan,nan,nan,2.021
1777025836885756624,222.405,0,-0.1500,0.8579,0.8709,99.920,nan,nan,nan,2.546
1777025836981472877,222.501,0,-0.2524,0.8459,0.8828,106.613,nan,nan,nan,1.291
1777025837082462813,222.602,0,-0.3871,0.8120,0.8995,115.486,nan,nan,nan,2.825
1777025837188836820,222.708,0,-0.5444,0.7359,0.9154,126.494,nan,nan,nan,0.747
1777025837282353790,222.801,0,-0.6601,0.6490,0.9257,135.488,nan,nan,nan,2.047
1777025837383956347,222.903,0,-0.7704,0.5385,0.9399,145.048,nan,nan,nan,3.437
1777025837480181296,222.999,0,-0.8550,0.4376,0.9604,152.897,nan,nan,nan,1.813
1777025837581375822,223.100,0,-0.9181,0.3547,0.9843,158.880,nan,nan,nan,0.930
1777025837681510344,223.201,0,-0.9668,0.2892,1.0091,163.347,nan,nan,nan,0.975
1777025837779550860,223.299,0,-1.0172,0.2388,1.0449,166.790,nan,nan,nan,1.416
1777025837880316596,223.399,0,-1.0614,0.1827,1.0770,170.233,nan,nan,nan,1.004
1777025837981703619,223.501,0,-1.1016,0.1248,1.1086,173.538,nan,nan,nan,0.654
1777025838079927336,223.599,0,-1.1392,0.0517,1.1403,177.400,nan,nan,nan,1.628
1777025838179961119,223.699,0,-1.1745,0.0085,1.1745,179.588,nan,nan,nan,1.195
1777025838280222066,223.799,0,-1.2124,-0.0141,1.2124,-179.333,nan,nan,nan,0.900
1777025838379727894,223.899,0,-1.2505,-0.0099,1.2506,-179.546,nan,nan,nan,1.457
1777025838479942638,223.999,0,-1.2922,0.0153,1.2923,179.323,nan,nan,nan,2.299
1777025838579775146,224.099,0,-1.3319,0.0359,1.3324,178.455,nan,nan,nan,1.602
1777025838679381250,224.198,0,-1.3716,0.0491,1.3725,177.951,nan,nan,nan,2.240
1777025838783011834,224.302,0,-1.4115,0.0668,1.4131,177.291,nan,nan,nan,0.854
1777025838878676902,224.398,0,-1.4503,0.0831,1.4527,176.719,nan,nan,nan,3.594
1777025838979406102,224.499,0,-1.4899,0.1004,1.4933,176.145,nan,nan,nan,3.024
1777025839081577410,224.601,0,-1.5301,0.1148,1.5344,175.711,nan,nan,nan,0.799
1777025839181609212,224.701,0,-1.5696,0.1363,1.5755,175.037,nan,nan,nan,1.114
1777025839282566741,224.802,0,-1.6097,0.1543,1.6171,174.526,nan,nan,nan,0.361
1777025839379036150,224.898,0,-1.6444,0.1781,1.6541,173.817,nan,nan,nan,4.307
1777025839478465849,224.998,0,-1.6803,0.1899,1.6910,173.552,nan,nan,nan,3.046
1777025839578749425,225.098,0,-1.7226,0.1919,1.7333,173.643,nan,nan,nan,3.771
1777025839680173281,225.199,0,-1.7664,0.2057,1.7783,173.358,nan,nan,nan,3.244
1777025839779170468,225.298,0,-1.8068,0.2179,1.8198,173.124,nan,nan,nan,3.803
1777025839880303625,225.399,0,-1.8445,0.2336,1.8592,172.783,nan,nan,nan,3.489
1777025839978203105,225.497,0,-1.8798,0.2527,1.8967,172.344,nan,nan,nan,2.576
1777025840079976068,225.599,0,-1.9192,0.2701,1.9381,171.989,nan,nan,nan,3.318
1777025840180555750,225.700,0,-1.9662,0.1850,1.9749,174.625,nan,nan,nan,2.844
1777025840281527835,225.801,0,-2.0026,0.1129,2.0058,176.774,nan,nan,nan,1.906
1777025840380496189,225.900,0,-2.0450,0.0348,2.0453,179.025,nan,nan,nan,2.654
1777025840479271028,225.998,0,-2.0732,-0.0636,2.0742,-178.243,nan,nan,nan,3.810
1777025840577984367,226.097,0,-2.0942,-0.1876,2.1026,-174.880,nan,nan,nan,2.528
1777025840679493907,226.199,0,-2.0944,-0.3755,2.1278,-169.836,nan,nan,nan,3.930
1777025840779331638,226.298,0,-2.0730,-0.5676,2.1493,-164.688,nan,nan,nan,3.947
1777025840881802553,226.401,0,-2.0270,-0.7792,2.1717,-158.973,nan,nan,nan,1.847
1777025840980488522,226.500,0,-1.9747,-0.9515,2.1920,-154.273,nan,nan,nan,2.866
1777025841085238775,226.604,0,-1.9519,-1.0654,2.2238,-151.374,nan,nan,nan,1.157
1777025841182621022,226.702,0,-1.9420,-1.1253,2.2445,-149.909,nan,nan,nan,1.327
1777025841280620038,226.800,0,-1.8551,-1.3073,2.2695,-144.828,nan,nan,nan,3.831
1777025841384941445,226.904,0,-1.7143,-1.5003,2.2780,-138.809,nan,nan,nan,1.068
1777025841481818126,227.001,0,-1.5530,-1.6822,2.2895,-132.712,nan,nan,nan,1.954
1777025841582877228,227.102,0,-1.3385,-1.8749,2.3037,-125.523,nan,nan,nan,2.116
1777025841682114430,227.201,0,-1.0859,-2.0445,2.3150,-117.974,nan,nan,nan,2.288
1777025841783861781,227.303,0,-0.8776,-2.1495,2.3218,-112.208,nan,nan,nan,0.896
1777025841884265689,227.403,0,-0.6864,-2.2229,2.3265,-107.159,nan,nan,nan,1.468
1777025841983288246,227.502,0,-0.4764,-2.2802,2.3295,-101.801,nan,nan,nan,1.181
1777025842083944243,227.603,0,-0.1825,-2.3217,2.3289,-94.494,nan,nan,nan,0.505
1777025842180803535,227.700,0,0.1654,-2.3184,2.3243,-85.920,7557.70,1123.96,1214.16,2.919
1777025842282469313,227.802,0,0.5745,-2.2434,2.3158,-75.637,2335.68,323.57,349.53,2.797
1777025842384324052,227.903,0,0.9246,-2.1111,2.3047,-66.349,1498.30,201.05,217.18,0.737
1777025842482285754,228.001,0,1.2386,-1.9297,2.2930,-57.306,1123.76,150.08,162.12,3.929
1777025842583996365,228.103,0,1.5231,-1.6936,2.2777,-48.033,893.43,122.04,131.84,0.917
1777025842684081296,228.203,0,1.7654,-1.4125,2.2609,-38.662,732.42,105.29,113.74,1.130
1777025842782529620,228.302,1,1.9727,-1.0706,2.2445,-28.490,599.54,94.23,101.79,4.349
1777025842884669522,228.404,1,2.0850,-0.7762,2.2248,-20.419,511.52,89.15,96.31,1.742
1777025842983501526,228.503,1,2.1260,-0.5571,2.1978,-14.684,454.60,87.43,94.45,3.400
1777025843085449893,228.605,1,2.1197,-0.4704,2.1713,-12.511,433.88,87.69,94.73,1.405
1777025843183613499,228.703,1,2.0815,-0.5127,2.1437,-13.837,446.48,89.30,96.47,3.822
1777025843280955229,228.800,1,2.0513,-0.5348,2.1199,-14.612,453.92,90.62,97.89,3.916
1777025843382630878,228.902,1,2.0166,-0.5526,2.0909,-15.324,460.79,92.18,99.57,3.510
1777025843481003926,229.000,1,1.9830,-0.5668,2.0624,-15.952,466.89,93.74,101.26,2.020
1777025843581005524,229.100,1,1.9473,-0.5821,2.0324,-16.643,473.65,95.46,103.12,2.121
1777025843681288563,229.200,1,1.9049,-0.5876,1.9935,-17.142,478.56,97.58,105.41,2.750
1777025843781936541,229.301,1,1.8554,-0.6013,1.9504,-17.957,486.65,100.18,108.22,2.820
1777025843881543609,229.401,1,1.8108,-0.6090,1.9105,-18.590,492.97,102.65,110.89,1.967
1777025843981884332,229.501,1,1.7625,-0.6196,1.8682,-19.369,500.82,105.47,113.93,2.104
1777025844082737493,229.602,1,1.7163,-0.6235,1.8261,-19.964,506.87,108.30,116.99,4.051
1777025844183066586,229.702,1,1.6681,-0.6323,1.7839,-20.760,515.03,111.43,120.38,3.910
1777025844281995256,229.801,1,1.6198,-0.6417,1.7423,-21.610,523.84,114.76,123.96,3.028
1777025844382550828,229.902,1,1.5725,-0.6471,1.7005,-22.367,531.77,118.21,127.69,2.786
1777025844483176325,230.002,1,1.5266,-0.6541,1.6609,-23.193,540.53,121.76,131.53,3.937
1777025844583567807,230.103,1,1.4956,-0.6612,1.6352,-23.849,547.56,124.29,134.26,4.012
1777025844686865895,230.206,1,1.4515,-0.6694,1.5984,-24.757,557.42,128.06,138.34,1.547
1777025844782453187,230.302,1,1.4163,-0.6747,1.5688,-25.471,565.26,131.25,141.78,2.283
1777025844883239663,230.402,1,1.3735,-0.6793,1.5323,-26.317,574.69,135.34,146.20,3.134
1777025844983884864,230.503,1,1.3205,-0.6836,1.4869,-27.372,586.63,140.77,152.07,3.790
1777025845082674387,230.602,1,1.2666,-0.6887,1.4418,-28.533,600.03,146.75,158.53,2.842
1777025845180365982,230.699,1,1.2196,-0.6922,1.4023,-29.577,612.35,152.41,164.65,0.409
1777025845284416393,230.804,1,1.1650,-0.6978,1.3580,-30.920,628.57,159.55,172.36,3.666
1777025845380488048,230.900,0,1.1218,-0.6969,1.3206,-31.850,640.08,165.70,179.00,0.438
1777025845481888349,231.001,0,1.0718,-0.6995,1.2799,-33.132,656.31,173.44,187.35,0.383
1777025845582090019,231.101,0,1.0214,-0.7018,1.2392,-34.495,674.10,182.00,196.60,1.974
1777025845682048229,231.201,0,0.9701,-0.7041,1.1987,-35.973,694.07,191.62,207.00,1.715
1777025845781924144,231.301,0,0.9196,-0.7072,1.1601,-37.560,716.37,202.13,218.35,1.575
1777025845880716927,231.400,0,0.8689,-0.7117,1.1232,-39.321,742.24,213.93,231.10,0.123
1777025845983682798,231.503,0,0.8206,-0.7146,1.0882,-41.051,768.96,226.52,244.69,2.289
1777025846081998124,231.601,0,0.7766,-0.7199,1.0590,-42.831,797.96,239.35,258.56,1.329
1777025846180026085,231.699,0,0.7352,-0.7222,1.0306,-44.487,826.48,252.83,273.12,0.848
1777025846281833028,231.801,0,0.6855,-0.7290,1.0007,-46.760,868.38,271.16,292.92,0.385
1777025846384620494,231.904,0,0.6391,-0.7356,0.9744,-49.014,913.58,290.86,314.20,3.498
1777025846487707122,232.007,0,0.5932,-0.7409,0.9491,-51.319,964.25,313.37,338.52,1.596
1777025846581809861,232.101,0,0.5518,-0.7474,0.9291,-53.562,1018.67,336.85,363.88,0.742
1777025846681815867,232.201,0,0.5068,-0.7548,0.9092,-56.120,1088.28,366.77,396.20,0.280
1777025846782768582,232.302,0,0.4644,-0.7619,0.8923,-58.635,1166.37,400.24,432.36,0.644
1777025846883268025,232.402,0,0.4100,-0.7770,0.8785,-62.178,1297.73,453.35,489.73,1.685
1777025846980179427,232.499,0,0.3585,-0.7913,0.8687,-65.624,1458.87,518.44,560.05,2.451
1777025847082030259,232.601,0,0.3102,-0.8064,0.8640,-68.958,1661.50,599.21,647.29,0.030
1777025847182232725,232.701,0,0.2452,-0.8353,0.8706,-73.638,2078.04,757.97,818.79,0.066
1777025847283916966,232.803,0,0.2494,-0.8400,0.8762,-73.462,2058.16,745.24,805.05,0.732
1777025847384114636,232.903,0,0.3176,-0.8160,0.8757,-68.734,1645.95,585.26,632.22,0.545
1777025847482266872,233.001,0,0.4005,-0.7783,0.8753,-62.768,1322.63,464.09,501.33,0.455
1777025847581235263,233.100,0,0.4914,-0.7263,0.8769,-55.920,1082.51,378.30,408.65,1.805
1777025847684522129,233.204,0,0.5871,-0.6472,0.8738,-47.789,888.52,316.61,342.01,2.003
1777025847784486969,233.304,0,0.6968,-0.5379,0.8803,-37.668,717.91,266.77,288.17,1.940
1777025847886054138,233.405,1,0.7819,-0.4234,0.8891,-28.433,598.87,237.74,256.81,3.098
1777025847982688933,233.502,1,0.8237,-0.3255,0.8857,-21.564,523.36,225.67,243.78,0.238
1777025848080432361,233.600,1,0.8418,-0.2573,0.8803,-16.997,477.13,220.81,238.53,2.812
1777025848181875679,233.701,1,0.8448,-0.2239,0.8740,-14.844,456.15,220.02,237.68,1.679
1777025848285225859,233.804,1,0.8332,-0.2228,0.8625,-14.974,457.40,223.09,241.00,0.808
1777025848383147247,233.902,1,0.8155,-0.2467,0.8520,-16.835,475.54,227.95,246.24,0.123
1777025848479998095,233.999,1,0.7946,-0.2884,0.8453,-19.952,506.74,233.95,252.72,3.457
1777025848580476205,234.100,1,0.7645,-0.3427,0.8378,-24.144,550.75,243.14,262.66,3.715
1777025848680169512,234.199,1,0.7351,-0.3939,0.8340,-28.184,595.97,252.85,273.14,3.150
1777025848781933956,234.301,0,0.7060,-0.4405,0.8321,-31.959,641.44,263.30,284.42,1.380
1777025848884321427,234.403,0,0.6741,-0.4871,0.8316,-35.852,692.42,275.77,297.90,0.517
1777025848983102506,234.502,0,0.6387,-0.5319,0.8312,-39.789,749.34,291.04,314.39,0.569
1777025849081232651,234.600,0,0.6041,-0.5742,0.8335,-43.550,810.14,307.71,332.41,2.521
1777025849180508426,234.700,0,0.5777,-0.6023,0.8346,-46.195,857.65,321.77,347.59,4.613
1777025849282726567,234.802,0,0.5599,-0.6170,0.8332,-47.778,888.32,331.99,358.63,1.604
1777025849384727544,234.904,0,0.5417,-0.6327,0.8329,-49.434,922.45,343.17,370.71,0.646
1777025849482877873,235.002,0,0.5238,-0.6477,0.8330,-51.034,957.70,354.85,383.32,1.301
1777025849583059710,235.102,0,0.5127,-0.6577,0.8339,-52.060,981.63,362.56,391.65,2.082
1777025849683395889,235.202,0,0.5042,-0.6670,0.8362,-52.912,1002.32,368.64,398.22,0.978
1777025849782562229,235.302,0,0.4946,-0.6780,0.8392,-53.887,1027.05,375.81,405.97,2.106
1777025849883229346,235.402,0,0.4846,-0.6901,0.8432,-54.921,1054.57,383.59,414.37,2.880
1777025849981867285,235.501,0,0.4732,-0.7018,0.8464,-56.014,1085.22,392.86,424.39,3.142
1777025850081185104,235.600,0,0.4643,-0.7118,0.8499,-56.884,1110.89,400.33,432.45,3.256
1777025850182762340,235.702,0,0.4539,-0.7236,0.8542,-57.899,1142.41,409.50,442.36,2.733
1777025850283753676,235.803,0,0.4439,-0.7336,0.8575,-58.821,1172.58,418.71,452.31,2.144
1777025850381949990,235.901,0,0.4334,-0.7451,0.8620,-59.814,1206.97,428.89,463.31,3.820
1777025850482601867,236.002,0,0.4208,-0.7535,0.8630,-60.821,1243.98,441.78,477.23,4.484
1777025850583070765,236.102,0,0.4101,-0.7645,0.8675,-61.789,1281.84,453.26,489.64,2.384
1777025850682322918,236.201,0,0.4079,-0.7692,0.8707,-62.067,1293.14,455.76,492.33,3.355
1777025850781360334,236.300,0,0.4082,-0.7733,0.8744,-62.173,1297.53,455.41,491.95,3.919
1777025850883007754,236.402,0,0.4281,-0.7684,0.8796,-60.873,1245.98,434.18,469.02,2.397
1777025850982380517,236.501,0,0.4534,-0.7565,0.8820,-59.066,1180.87,409.98,442.88,3.729
1777025851083092616,236.602,0,0.4893,-0.7381,0.8856,-56.457,1098.14,379.87,410.36,2.839
1777025851182007458,236.701,0,0.5344,-0.7095,0.8883,-53.013,1004.85,347.84,375.75,3.971
1777025851283413622,236.803,0,0.5820,-0.6694,0.8871,-48.997,913.23,319.39,345.02,4.254
1777025851380500617,236.900,0,0.6185,-0.6364,0.8874,-45.819,850.63,300.56,324.67,2.737
1777025851483078989,237.002,0,0.6549,-0.5979,0.8868,-42.393,790.68,283.83,306.61,3.207
1777025851582527658,237.102,0,0.6957,-0.5455,0.8840,-38.099,724.15,267.20,288.64,3.754
1777025851681329373,237.200,0,0.7220,-0.5043,0.8807,-34.931,679.92,257.45,278.10,3.303
1777025851782210914,237.301,1,0.7529,-0.4529,0.8786,-31.029,629.91,246.89,266.71,4.098
1777025851883992536,237.403,1,0.7605,-0.4293,0.8733,-29.444,610.77,244.42,264.04,2.982
1777025851981715912,237.501,1,0.7455,-0.4354,0.8634,-30.287,620.86,249.33,269.34,3.183
1777025852083367499,237.602,1,0.7246,-0.4487,0.8522,-31.766,639.03,256.54,277.13,1.947
1777025852180338421,237.699,0,0.7122,-0.4541,0.8447,-32.521,648.51,260.98,281.93,1.177
1777025852280329880,237.799,0,0.7060,-0.4518,0.8382,-32.617,649.73,263.28,284.40,1.189
1777025852381417104,237.901,0,0.7019,-0.4440,0.8306,-32.315,645.91,264.82,286.07,1.940
1777025852480513611,238.000,0,0.6982,-0.4366,0.8235,-32.019,642.18,266.22,287.58,0.939
1777025852578402892,238.098,1,0.6933,-0.4300,0.8158,-31.806,639.53,268.10,289.62,1.851
1777025852678849827,238.198,0,0.6859,-0.4265,0.8077,-31.877,640.41,271.02,292.77,1.050
1777025852781394607,238.300,0,0.6668,-0.4377,0.7976,-33.283,658.25,278.77,301.14,0.654
1777025852881764283,238.401,0,0.6489,-0.4476,0.7883,-34.595,675.44,286.45,309.44,2.169
1777025852982051535,238.501,0,0.6323,-0.4579,0.7807,-35.909,693.20,293.98,317.57,1.142
1777025853079292584,238.598,0,0.6135,-0.4704,0.7730,-37.479,715.20,303.01,327.32,0.645
1777025853181078428,238.700,0,0.5940,-0.4822,0.7651,-39.067,738.43,312.92,338.03,0.791
1777025853279871143,238.799,0,0.5766,-0.4942,0.7594,-40.598,761.82,322.37,348.24,0.623
1777025853379939916,238.899,0,0.5580,-0.5089,0.7553,-42.364,790.19,333.10,359.83,0.213
1777025853481096898,239.000,0,0.5443,-0.5289,0.7589,-44.178,821.04,341.52,368.92,0.668
1777025853580003259,239.099,0,0.5301,-0.5476,0.7622,-45.932,852.73,350.65,378.79,0.196
1777025853680110272,239.199,0,0.5184,-0.5617,0.7644,-47.295,878.75,358.55,387.33,0.715
1777025853782063985,239.301,0,0.5138,-0.5709,0.7680,-48.009,892.94,361.76,390.79,1.900
1777025853885107722,239.404,0,0.5139,-0.5777,0.7731,-48.345,899.74,361.74,390.77,3.214
1777025853985030534,239.504,0,0.5094,-0.5858,0.7763,-48.993,913.14,364.94,394.22,3.701
1777025854084250521,239.603,0,0.5132,-0.5903,0.7822,-48.997,913.23,362.22,391.28,3.583
1777025854185425613,239.705,0,0.5347,-0.5803,0.7891,-47.339,879.61,347.62,375.51,2.868
1777025854285009744,239.804,0,0.5512,-0.5688,0.7921,-45.897,852.07,337.21,364.27,4.132
1777025854384781539,239.904,0,0.5658,-0.5606,0.7964,-44.737,830.92,328.56,354.93,3.949
1777025854485513138,240.005,0,0.5789,-0.5524,0.8002,-43.663,812.09,321.13,346.89,3.596
1777025854585831315,240.105,0,0.5857,-0.5468,0.8013,-43.036,801.40,317.37,342.84,3.319
1777025854683881409,240.203,0,0.5806,-0.5527,0.8016,-43.593,810.88,320.18,345.87,2.635
1777025854785145667,240.304,0,0.5645,-0.5627,0.7970,-44.909,834.00,329.30,355.72,4.036
1777025854884989499,240.404,0,0.5356,-0.5803,0.7897,-47.296,878.78,347.09,374.94,3.635
1777025854986478514,240.506,0,0.5067,-0.6014,0.7864,-49.886,932.18,366.87,396.31,3.271
1777025855085250469,240.604,0,0.4803,-0.6200,0.7843,-52.234,985.78,386.98,418.04,3.291
1777025855185796070,240.705,0,0.4501,-0.6409,0.7832,-54.917,1054.46,412.95,446.09,4.034
1777025855284883410,240.804,0,0.4239,-0.6589,0.7835,-57.242,1121.81,438.47,473.66,3.530
1777025855386828401,240.906,0,0.3941,-0.6798,0.7858,-59.897,1209.95,471.66,509.51,3.462
1777025855486207738,241.005,0,0.3619,-0.6994,0.7875,-62.639,1317.09,513.62,554.83,4.039
1777025855586980206,241.106,0,0.3338,-0.7255,0.7986,-65.292,1441.52,556.89,601.58,3.604
1777025855686429135,241.206,0,0.3018,-0.7511,0.8094,-68.107,1604.18,615.88,665.30,4.277
1777025855781403359,241.301,0,0.2713,-0.7755,0.8216,-70.720,1795.38,685.23,740.22,1.180
1777025855881432373,241.401,0,0.2384,-0.7948,0.8298,-73.300,2040.38,779.56,842.12,1.758
1777025855982643132,241.502,0,0.2227,-0.8077,0.8378,-74.585,2192.00,834.71,901.69,0.370
1777025856081297997,241.600,0,0.2429,-0.8129,0.8484,-73.364,2047.33,765.25,826.65,1.144
1777025856179632699,241.699,0,0.3029,-0.8037,0.8589,-69.348,1689.23,613.60,662.84,3.089
1777025856282933080,241.802,0,0.3858,-0.7787,0.8690,-63.642,1361.39,481.79,520.46,0.235
1777025856383210554,241.902,0,0.4561,-0.7507,0.8784,-58.717,1169.12,407.55,440.25,0.539
1777025856483801710,242.003,0,0.5245,-0.7131,0.8852,-53.665,1021.31,354.40,382.84,0.357
1777025856586074326,242.105,0,0.5901,-0.6659,0.8897,-48.457,902.03,315.03,340.31,3.013
1777025856678844522,242.198,0,0.6447,-0.6203,0.8947,-43.896,816.11,288.32,311.45,3.920
1777025856780181724,242.299,0,0.6630,-0.6001,0.8942,-42.148,786.64,280.37,302.87,2.945
1777025856882570154,242.402,0,0.6748,-0.5844,0.8927,-40.895,766.49,275.46,297.57,0.710
1777025856978076168,242.497,0,0.6901,-0.5676,0.8935,-39.437,743.98,269.36,290.97,2.928
1777025857076513239,242.596,0,0.7012,-0.5547,0.8941,-38.346,727.76,265.08,286.36,1.258
1777025857179536494,242.699,0,0.6985,-0.5541,0.8916,-38.426,728.93,266.13,287.49,4.173
1777025857279017941,242.798,0,0.6958,-0.5533,0.8890,-38.493,729.92,267.15,288.58,3.986
1777025857381319186,242.900,0,0.6944,-0.5519,0.8870,-38.476,729.67,267.70,289.18,2.918
1777025857480146382,242.999,0,0.6925,-0.5498,0.8842,-38.449,729.28,268.43,289.97,3.936
1777025857576405609,243.096,0,0.6930,-0.5477,0.8833,-38.322,727.40,268.24,289.77,0.595
1777025857777157462,243.296,0,0.6863,-0.5442,0.8759,-38.412,728.72,270.84,292.58,0.120
1777025857876573595,243.396,0,0.6808,-0.5417,0.8700,-38.510,730.17,273.04,294.95,0.524
1777025857976786237,243.496,0,0.6780,-0.5391,0.8661,-38.488,729.85,274.18,296.18,0.122
1777025858081290252,243.600,0,0.6685,-0.5368,0.8573,-38.764,733.92,278.06,300.38,3.120
1777025858176581695,243.696,0,0.6599,-0.5343,0.8491,-38.996,737.36,281.69,304.30,0.288
1777025858272129301,243.791,0,0.6500,-0.5298,0.8386,-39.183,740.17,285.97,308.92,2.257
1777025858382326968,243.901,0,0.6428,-0.5206,0.8272,-39.007,737.53,289.19,312.40,2.447
1777025858476060874,243.995,0,0.6345,-0.5166,0.8182,-39.154,739.73,292.97,316.48,1.416
1777025858579297275,244.098,0,0.6283,-0.5094,0.8089,-39.033,737.92,295.83,319.57,1.537
1777025858680143076,244.199,0,0.6210,-0.5036,0.7995,-39.038,738.00,299.33,323.35,3.172
1777025858779960352,244.299,0,0.6170,-0.5026,0.7958,-39.162,739.86,301.26,325.44,2.960
1777025858879339559,244.398,0,0.6094,-0.5003,0.7885,-39.383,743.18,305.01,329.48,2.332
1777025858981850080,244.501,0,0.6023,-0.4984,0.7818,-39.608,746.58,308.62,333.39,4.668
1777025859079988766,244.599,0,0.5959,-0.4954,0.7749,-39.742,748.62,311.95,336.98,1.868
1777025859178043563,244.697,0,0.5882,-0.4939,0.7681,-40.019,752.86,316.00,341.36,1.051
1777025859279680965,244.799,0,0.5794,-0.4941,0.7615,-40.460,759.68,320.84,346.58,1.512
1777025859379810182,244.899,0,0.5686,-0.4940,0.7532,-40.985,767.91,326.92,353.16,1.364
1777025859481473824,245.001,0,0.5601,-0.4948,0.7473,-41.456,775.42,331.88,358.52,3.920
1777025859578805020,245.098,0,0.5504,-0.4938,0.7395,-41.896,782.53,337.70,364.80,1.009
1777025859679803374,245.199,0,0.5388,-0.4953,0.7319,-42.587,793.89,344.97,372.65,2.063
1777025859778832752,245.298,0,0.5256,-0.4987,0.7245,-43.494,809.19,353.65,382.03,0.749
1777025859881830286,245.401,0,0.5157,-0.4994,0.7178,-44.079,819.31,360.47,389.39,3.519
1777025859982228314,245.501,0,0.5041,-0.5010,0.7107,-44.826,832.53,368.78,398.37,2.910
1777025860082710211,245.602,0,0.4910,-0.5048,0.7042,-45.794,850.15,378.60,408.99,3.691
1777025860179829354,245.699,0,0.4812,-0.5136,0.7038,-46.867,870.44,386.29,417.29,1.235
1777025860279927756,245.799,0,0.4700,-0.5232,0.7033,-48.068,894.13,395.51,427.25,1.327
1777025860383207175,245.902,0,0.4568,-0.5334,0.7022,-49.422,922.20,406.93,439.58,4.008
1777025860479992729,245.999,0,0.4475,-0.5412,0.7022,-50.413,943.74,415.38,448.71,1.243
1777025860584451300,246.104,0,0.4397,-0.5522,0.7058,-51.471,967.76,422.77,456.70,2.498
1777025860681910383,246.201,0,0.4331,-0.5602,0.7081,-52.293,987.19,429.21,463.65,3.311
1777025860781585309,246.301,0,0.4260,-0.5679,0.7099,-53.122,1007.56,436.32,471.33,2.411
1777025860882567385,246.402,0,0.4191,-0.5762,0.7125,-53.968,1029.16,443.55,479.14,2.612
1777025860982644473,246.502,0,0.4115,-0.5862,0.7162,-54.927,1054.72,451.67,487.92,2.573
1777025861081605093,246.601,0,0.4049,-0.5934,0.7184,-55.697,1076.14,459.12,495.96,2.133
1777025861184940882,246.704,0,0.3995,-0.6016,0.7221,-56.415,1096.91,465.34,502.68,3.067
1777025861280871317,246.800,0,0.3960,-0.6097,0.7270,-57.000,1114.39,469.45,507.12,1.172
1777025861382707938,246.902,0,0.3896,-0.6190,0.7314,-57.810,1139.56,477.07,515.35,3.062
1777025861483085263,247.002,0,0.3841,-0.6277,0.7359,-58.537,1163.11,483.92,522.75,3.184
1777025861582781689,247.102,0,0.3814,-0.6344,0.7402,-58.985,1178.13,487.37,526.48,2.376
1777025861680641618,247.200,0,0.3800,-0.6416,0.7457,-59.364,1191.14,489.18,528.44,0.597
1777025861783773687,247.303,0,0.3775,-0.6503,0.7519,-59.861,1208.64,492.35,531.86,3.473
1777025861883913015,247.403,0,0.3748,-0.6593,0.7583,-60.384,1227.63,496.02,535.82,3.829
1777025861981607095,247.501,0,0.3728,-0.6660,0.7633,-60.758,1241.62,498.55,538.56,0.498
1777025862081203300,247.600,0,0.3726,-0.6725,0.7688,-61.012,1251.28,498.91,538.94,0.790
1777025862180666210,247.700,0,0.3726,-0.6792,0.7747,-61.256,1260.69,498.94,538.97,0.913
1777025862282379907,247.801,0,0.3725,-0.6864,0.7809,-61.513,1270.79,499.06,539.11,1.920
1777025862383041117,247.902,0,0.3751,-0.6916,0.7868,-61.529,1271.44,495.61,535.38,2.288
1777025862482900300,248.002,0,0.3694,-0.7022,0.7934,-62.254,1300.89,503.23,543.62,0.040
1777025862580951690,248.100,0,0.3556,-0.7151,0.7986,-63.560,1357.65,522.73,564.67,3.056
1777025862682583018,248.202,0,0.3333,-0.7326,0.8048,-65.538,1454.30,557.76,602.52,1.795
1777025862781235049,248.300,0,0.3111,-0.7466,0.8088,-67.376,1558.29,597.43,645.38,0.037
1777025862881332526,248.400,0,0.2917,-0.7634,0.8172,-69.086,1670.50,637.20,688.33,0.395
1777025862981209616,248.500,0,0.2814,-0.7806,0.8298,-70.179,1751.88,660.67,713.69,0.089
1777025863082411820,248.602,0,0.2565,-0.7960,0.8363,-72.142,1921.95,724.79,782.95,0.077
1777025863182251855,248.701,0,0.2381,-0.8126,0.8468,-73.668,2081.39,780.66,843.30,0.574
1777025863281981169,248.801,0,0.2183,-0.8275,0.8558,-75.220,2276.35,851.44,919.77,0.526
1777025863379832154,248.899,0,0.1997,-0.8423,0.8656,-76.661,2497.03,930.77,1005.46,3.054
1777025863479706004,248.999,0,0.1854,-0.8573,0.8771,-77.800,2707.45,1002.84,1083.32,1.952
1777025863582751222,249.102,0,0.1692,-0.8720,0.8882,-79.019,2980.34,1098.62,1186.78,0.813
1777025863683271193,249.202,0,0.1537,-0.8864,0.8996,-80.162,3296.81,1209.27,1306.32,1.165
1777025863782131499,249.301,0,0.1417,-0.9013,0.9124,-81.066,3603.80,1311.89,1417.17,0.092
1777025863882820542,249.402,0,0.1213,-0.9179,0.9259,-82.470,4225.72,1532.14,1655.09,1.048
1777025863982432099,249.502,0,0.1118,-0.9287,0.9354,-83.138,4609.81,1663.25,1796.72,0.072
1777025864083815096,249.603,0,0.0946,-0.9428,0.9475,-84.272,5466.78,1965.61,2123.34,0.170
1777025864182298889,249.701,0,0.0753,-0.9575,0.9604,-85.506,6888.96,2470.12,2668.34,0.172
1777025864282082591,249.801,0,0.0582,-0.9720,0.9738,-86.574,8944.05,3194.24,3450.57,0.721
1777025864380794992,249.900,0,0.0394,-0.9858,0.9866,-87.710,nan,nan,nan,1.995
1777025864481164669,250.000,0,0.0189,-0.9992,0.9994,-88.918,nan,nan,nan,5.477
1777025864582659535,250.102,0,-0.0015,-1.0104,1.0104,-90.083,nan,nan,nan,0.419
1777025864682549866,250.202,0,-0.0254,-1.0159,1.0162,-91.432,nan,nan,nan,0.357
1777025864783565109,250.303,0,-0.0567,-1.0161,1.0177,-93.194,nan,nan,nan,0.158
1777025864881861756,250.401,0,-0.0805,-1.0171,1.0203,-94.524,nan,nan,nan,1.517
1777025865079517869,250.599,0,-0.0845,-1.0179,1.0214,-94.747,nan,nan,nan,0.844
1777025865181003514,250.700,0,-0.0465,-1.0243,1.0254,-92.599,nan,nan,nan,3.409
1777025865284100268,250.803,0,-0.0372,-1.0261,1.0268,-92.077,nan,nan,nan,0.353
1777025865382744484,250.902,0,-0.0189,-1.0271,1.0273,-91.054,nan,nan,nan,1.093
1777025865482629815,251.002,0,-0.0010,-1.0279,1.0279,-90.056,nan,nan,nan,0.953
1777025865583201471,251.102,0,0.0164,-1.0277,1.0278,-89.084,nan,nan,nan,0.496
1777025865682367459,251.201,0,0.0299,-1.0270,1.0275,-88.334,nan,nan,nan,1.337
1777025865783122964,251.302,0,0.0449,-1.0260,1.0270,-87.493,nan,nan,nan,0.834
1777025865884719274,251.404,0,0.0827,-1.0219,1.0253,-85.375,6701.42,2248.25,2428.66,0.461
1777025865982671369,251.502,0,0.1305,-1.0142,1.0226,-82.669,4333.04,1424.69,1539.02,5.610
1777025866079882362,251.599,0,0.2083,-0.9971,1.0187,-78.203,2791.51,892.55,964.18,4.298
1777025866183650590,251.703,0,0.3020,-0.9656,1.0117,-72.634,1970.35,615.55,664.95,0.951
1777025866283712363,251.803,0,0.3801,-0.9289,1.0037,-67.747,1581.24,489.05,528.29,0.841
1777025866382938647,251.902,0,0.4252,-0.8991,0.9945,-64.690,1411.13,437.19,472.28,1.624
1777025867983453911,253.503,0,0.2979,-0.7952,0.8492,-69.464,1697.70,624.02,674.10,2.757
1777025868084962055,253.604,0,0.2965,-0.7959,0.8494,-69.567,1705.25,626.85,677.16,1.356
1777025868181726739,253.701,0,0.2967,-0.7961,0.8496,-69.562,1704.86,626.57,676.85,3.527
1777025868282679408,253.802,0,0.2970,-0.7963,0.8499,-69.545,1703.63,625.80,676.02,4.097
1777025868382482963,253.902,0,0.2969,-0.7966,0.8502,-69.557,1704.49,625.98,676.22,3.845
1777025868482176333,254.001,0,0.2972,-0.7968,0.8504,-69.542,1703.42,625.39,675.57,3.699
1777025868582441733,254.102,0,0.2790,-0.8042,0.8512,-70.868,1807.72,666.28,719.74,3.710
1777025868685899927,254.205,0,0.2390,-0.8175,0.8517,-73.706,2085.70,777.90,840.32,1.245
1777025868781187481,254.300,0,0.2033,-0.8275,0.8521,-76.198,2421.17,914.46,987.85,2.381
1777025868886535986,254.406,0,0.1591,-0.8372,0.8522,-79.241,3036.73,1168.50,1262.27,1.491
1777025868986434187,254.506,0,0.1151,-0.8454,0.8532,-82.248,4112.16,1615.07,1744.67,0.840
1777025869085752376,254.605,0,0.0714,-0.8513,0.8543,-85.205,6474.66,2602.87,2811.75,1.441
1777025869185986684,254.705,0,0.0215,-0.8562,0.8565,-88.563,nan,nan,nan,1.321
1777025869286904299,254.806,0,-0.0166,-0.8574,0.8576,-91.107,nan,nan,nan,0.747
1777025869388618959,254.908,0,-0.0456,-0.8590,0.8602,-93.042,nan,nan,nan,0.793
1777025869488720676,255.008,0,-0.0958,-0.8568,0.8622,-96.382,nan,nan,nan,1.247
1777025869581922978,255.101,0,-0.1356,-0.8529,0.8636,-99.035,nan,nan,nan,2.531
1777025869679912424,255.199,0,-0.1734,-0.8472,0.8648,-101.567,nan,nan,nan,0.393
1777025869782467797,255.302,0,-0.2153,-0.8392,0.8664,-104.390,nan,nan,nan,2.768
1777025869879383145,255.398,0,-0.2589,-0.8279,0.8674,-107.363,nan,nan,nan,0.445
1777025869980990899,255.500,0,-0.3600,-0.7919,0.8699,-114.447,nan,nan,nan,0.800
1777025870081400057,255.600,0,-0.5049,-0.7123,0.8731,-125.333,nan,nan,nan,1.662
1777025870181457479,255.701,0,-0.6281,-0.6054,0.8724,-136.054,nan,nan,nan,0.589
1777025870281397216,255.800,0,-0.7278,-0.4813,0.8726,-146.527,nan,nan,nan,1.230
1777025870380844163,255.900,0,-0.8052,-0.3407,0.8743,-157.067,nan,nan,nan,0.838
1777025870483728309,256.003,0,-0.8534,-0.1829,0.8728,-167.906,nan,nan,nan,3.143
1777025870585070919,256.104,0,-0.8627,-0.0251,0.8631,-178.337,nan,nan,nan,4.218
1777025870683026532,256.202,0,-0.8507,0.1182,0.8589,172.090,nan,nan,nan,2.406
1777025870782798920,256.302,0,-0.8180,0.2639,0.8595,162.122,nan,nan,nan,2.037
1777025870882268423,256.401,0,-0.7505,0.4087,0.8545,151.426,nan,nan,nan,1.356
1777025870984929479,256.504,0,-0.6515,0.5458,0.8499,140.049,nan,nan,nan,3.739
1777025871082666539,256.602,0,-0.5348,0.6529,0.8440,129.318,nan,nan,nan,0.173
1777025871180829354,256.700,0,-0.3976,0.7387,0.8389,118.294,nan,nan,nan,0.968
1777025871278946985,256.798,0,-0.2460,0.7971,0.8343,107.152,nan,nan,nan,2.604
1777025871380933530,256.900,0,-0.0885,0.8239,0.8287,96.128,nan,nan,nan,0.521
1777025871481844071,257.001,0,0.0807,0.8233,0.8273,84.401,-4947.47,2302.86,2487.66,0.117
1777025871582544373,257.102,0,0.2327,0.7950,0.8284,73.686,-1444.86,798.84,862.94,0.627
1777025871681736620,257.201,0,0.3795,0.7353,0.8275,62.703,-681.22,489.84,529.15,0.283
1777025871781879818,257.301,0,0.4684,0.6816,0.8270,55.501,-432.00,396.82,428.66,0.364
1777025871881168712,257.400,0,0.4877,0.6666,0.8260,53.808,-386.40,381.11,411.69,0.773
1777025871981952680,257.501,0,0.5086,0.6404,0.8177,51.544,-330.85,365.50,394.83,0.584
1777025872082103526,257.601,0,0.5047,0.6294,0.8068,51.275,-324.62,368.29,397.84,0.152
1777025872181343661,257.700,0,0.4860,0.6315,0.7969,52.420,-351.67,382.48,413.17,0.724
1777025872282020241,257.801,0,0.4635,0.6318,0.7836,53.733,-384.47,401.01,433.19,0.380
1777025872381426318,257.901,0,0.4339,0.6319,0.7665,55.525,-432.69,428.42,462.80,1.018
1777025872483723694,258.003,0,0.3976,0.6338,0.7482,57.901,-503.85,467.55,505.06,0.993
1777025872583142475,258.102,0,0.3776,0.6410,0.7440,59.503,-557.39,492.33,531.84,0.064
1777025872683565669,258.203,0,0.3625,0.6493,0.7436,60.825,-605.55,512.78,553.93,0.038
1777025872781497709,258.301,0,0.3366,0.6560,0.7373,62.839,-687.07,552.31,596.64,1.417
1777025872882793245,258.402,0,0.3119,0.6644,0.7340,64.853,-780.63,595.98,643.81,2.157
1777025872981119299,258.500,0,0.2924,0.6701,0.7311,66.425,-863.97,635.71,686.73,4.279
1777025873082565684,258.602,0,0.2696,0.6764,0.7282,68.268,-976.12,689.41,744.74,1.685
1777025873182608587,258.702,0,0.2487,0.6825,0.7263,69.980,-1097.83,747.54,807.53,0.652
1777025873280728569,258.800,0,0.2279,0.6895,0.7262,71.707,-1242.62,815.53,880.97,3.924
1777025873380482513,258.900,0,0.2224,0.6988,0.7334,72.345,-1303.02,835.72,902.78,3.037
1777025873483929671,259.003,0,0.2109,0.7088,0.7395,73.429,-1415.97,881.31,952.03,0.338
1777025873583293211,259.102,0,0.1906,0.7200,0.7448,75.172,-1631.11,975.22,1053.47,2.171
1777025873680500705,259.200,0,0.1748,0.7309,0.7515,76.546,-1839.14,1063.19,1148.50,3.579
1777025873780672921,259.300,0,0.1626,0.7427,0.7603,77.650,-2038.95,1143.08,1234.81,3.329
1777025873882870242,259.402,0,0.1450,0.7543,0.7681,79.120,-2366.97,1282.11,1385.00,1.597
1777025873982262653,259.501,0,0.1283,0.7662,0.7769,80.494,-2764.23,1448.81,1565.08,1.646
1777025874082264723,259.601,0,0.1096,0.7779,0.7856,81.980,-3345.35,1695.96,1832.05,2.230
1777025874283112371,259.802,0,0.0778,0.8015,0.8053,84.455,-4999.07,2388.75,2580.44,1.576
1777025874381533294,259.901,0,0.0624,0.8147,0.8171,85.622,-6425.48,2980.35,3219.52,4.429
1777025874481567345,260.001,0,0.0446,0.8275,0.8287,86.912,nan,nan,nan,3.362
1777025874582137186,260.101,0,0.0274,0.8398,0.8402,88.134,nan,nan,nan,2.447
1777025874681948963,260.201,0,0.0081,0.8523,0.8523,89.458,nan,nan,nan,3.866
1777025874783673863,260.303,0,-0.0094,0.8646,0.8647,90.625,nan,nan,nan,0.958
1777025874883972800,260.403,0,-0.0296,0.8771,0.8776,91.934,nan,nan,nan,1.694
1777025874981147312,260.500,0,-0.0543,0.8848,0.8864,93.514,nan,nan,nan,4.725
1777025875083335837,260.602,0,-0.0724,0.9021,0.9050,94.588,nan,nan,nan,2.235
1777025875182798358,260.702,0,-0.0948,0.9127,0.9176,95.928,nan,nan,nan,2.744
1777025875283422884,260.803,0,-0.1238,0.9175,0.9258,97.683,nan,nan,nan,1.873
1777025875382186043,260.901,0,-0.1423,0.9318,0.9426,98.681,nan,nan,nan,4.085
1777025875482204984,261.001,0,-0.1614,0.9507,0.9643,99.633,nan,nan,nan,4.151
1777025875582182017,261.101,0,-0.1844,0.9633,0.9808,100.835,nan,nan,nan,3.609
1777025875682822116,261.202,0,-0.2039,0.9748,0.9959,101.817,nan,nan,nan,2.986
1777025875783347069,261.302,0,-0.2426,0.9828,1.0123,103.865,nan,nan,nan,2.848
1777025875885302245,261.404,0,-0.2996,0.9827,1.0274,106.953,nan,nan,nan,0.959
1777025875983845110,261.503,0,-0.3414,0.9893,1.0466,109.040,nan,nan,nan,2.146
1777025876083466907,261.603,0,-0.3918,0.9866,1.0615,111.661,nan,nan,nan,4.927
1777025876181738277,261.701,0,-0.4378,0.9871,1.0798,113.921,nan,nan,nan,3.635
1777025876281388684,261.800,0,-0.4868,0.9865,1.1001,116.263,nan,nan,nan,3.372
1777025876383282176,261.902,0,-0.5333,0.9912,1.1256,118.283,nan,nan,nan,3.004
1777025876482908028,262.002,0,-0.5759,0.9913,1.1465,120.156,nan,nan,nan,3.666
1777025876581236434,262.100,0,-0.6166,0.9889,1.1654,121.945,nan,nan,nan,2.722
1777025876682135382,262.201,0,-0.6622,0.9870,1.1886,123.858,nan,nan,nan,3.892
1777025876782202099,262.301,0,-0.7034,0.9861,1.2113,125.502,nan,nan,nan,3.796
1777025876881839452,262.401,0,-0.7487,0.9835,1.2360,127.279,nan,nan,nan,2.379
1777025876983246097,262.502,0,-0.7997,0.9766,1.2623,129.314,nan,nan,nan,4.073
1777025877087737168,262.607,0,-0.8439,0.9716,1.2869,130.976,nan,nan,nan,0.259
1777025877182579597,262.702,0,-0.8840,0.9673,1.3104,132.422,nan,nan,nan,1.643
1777025877281441607,262.801,0,-0.9326,0.9622,1.3400,134.105,nan,nan,nan,2.052
1777025877381033108,262.900,0,-0.9726,0.9585,1.3655,135.421,nan,nan,nan,1.402
1777025877482958174,263.002,0,-1.0157,0.9503,1.3909,136.906,nan,nan,nan,3.228
1777025877582890930,263.102,0,-1.0601,0.9421,1.4182,138.371,nan,nan,nan,1.599
1777025877682042232,263.201,0,-1.0951,0.9443,1.4460,139.228,nan,nan,nan,2.365
1777025877782425002,263.302,0,-1.1146,0.9549,1.4677,139.411,nan,nan,nan,2.088
1777025877880298709,263.399,0,-1.1392,0.9573,1.4880,139.959,nan,nan,nan,0.680
1777025877983433889,263.503,0,-1.1572,0.9656,1.5071,140.158,nan,nan,nan,1.734
1777025878082941780,263.602,0,-1.1595,0.9772,1.5163,139.877,nan,nan,nan,0.648
1777025878183447473,263.703,0,-1.1532,0.9928,1.5217,139.276,nan,nan,nan,0.860
1777025878281860378,263.801,0,-1.1489,1.0095,1.5294,138.697,nan,nan,nan,0.720
1777025878384004181,263.903,0,-1.1447,1.0253,1.5367,138.150,nan,nan,nan,2.431
1777025878481204100,264.000,0,-1.1404,1.0412,1.5442,137.605,nan,nan,nan,0.294
1777025878582604412,264.102,0,-1.1350,1.0582,1.5518,137.006,nan,nan,nan,1.074
1777025878679394689,264.198,0,-1.1317,1.0737,1.5600,136.507,nan,nan,nan,2.538
1777025878781728138,264.301,0,-1.1270,1.0902,1.5680,135.949,nan,nan,nan,0.068
1777025878883223041,264.402,0,-1.1227,1.1068,1.5765,135.407,nan,nan,nan,1.769
1777025878980532163,264.500,0,-1.1174,1.1243,1.5851,134.825,nan,nan,nan,1.127
1777025879082113343,264.601,0,-1.1159,1.1417,1.5965,134.345,nan,nan,nan,0.127
1777025879182379614,264.701,0,-1.1395,1.1416,1.6129,134.946,nan,nan,nan,0.436
1777025879281412011,264.801,0,-1.1887,1.1269,1.6379,136.529,nan,nan,nan,0.192
1777025879382485271,264.902,0,-1.2689,1.0835,1.6685,139.505,nan,nan,nan,1.297
1777025879480122167,264.999,0,-1.3523,1.0306,1.7002,142.690,nan,nan,nan,1.191
1777025879578789216,265.098,0,-1.4323,0.9717,1.7309,145.846,nan,nan,nan,3.144
1777025879680860928,265.200,0,-1.5150,0.8986,1.7615,149.325,nan,nan,nan,3.137
1777025879780047249,265.299,0,-1.5921,0.8289,1.7950,152.497,nan,nan,nan,3.246
1777025879880237928,265.399,0,-1.6663,0.7526,1.8284,155.695,nan,nan,nan,1.619
1777025879981601351,265.501,0,-1.7370,0.6723,1.8626,158.842,nan,nan,nan,0.046
1777025880081394868,265.600,0,-1.8061,0.5836,1.8980,162.092,nan,nan,nan,1.121
1777025880179818810,265.699,0,-1.8689,0.4960,1.9336,165.135,nan,nan,nan,3.507
1777025880281763375,265.801,0,-1.9294,0.3968,1.9698,168.379,nan,nan,nan,0.051
1777025880378972664,265.898,0,-1.9912,0.2345,2.0049,173.284,nan,nan,nan,3.100
1777025880478997753,265.998,0,-2.0353,-0.0162,2.0354,-179.544,nan,nan,nan,3.344
1777025880580137105,266.099,0,-2.0457,-0.2995,2.0675,-171.671,nan,nan,nan,2.062
1777025880680920369,266.200,0,-2.0069,-0.6066,2.0966,-163.182,nan,nan,nan,1.662
1777025880782263478,266.301,0,-1.9267,-0.8985,2.1259,-154.998,nan,nan,nan,0.386
1777025880882285919,266.401,0,-1.8094,-1.1716,2.1556,-147.076,nan,nan,nan,0.760
1777025880982421598,266.502,0,-1.6460,-1.4356,2.1841,-138.906,nan,nan,nan,0.968
1777025881082931625,266.602,0,-1.4251,-1.6888,2.2097,-130.160,nan,nan,nan,0.295
1777025881183612743,266.703,0,-1.1639,-1.9065,2.2337,-121.403,nan,nan,nan,0.861
1777025881283560758,266.803,0,-0.8958,-2.0705,2.2559,-113.395,nan,nan,nan,0.623
1777025881384181061,266.903,0,-0.6791,-2.1752,2.2787,-107.339,nan,nan,nan,0.555
1777025881483909283,267.003,0,-0.5581,-2.2339,2.3026,-104.028,nan,nan,nan,0.482
1777025881583654523,267.103,0,-0.5165,-2.2702,2.3282,-102.817,nan,nan,nan,0.183
1777025881681774449,267.201,0,-0.5651,-2.2857,2.3545,-103.887,nan,nan,nan,1.525
1777025881780712588,267.300,0,-0.6176,-2.3027,2.3841,-105.014,nan,nan,nan,2.385
1777025881886240924,267.405,0,-0.6596,-2.3182,2.4102,-105.884,nan,nan,nan,2.942
1777025881982197673,267.501,0,-0.7085,-2.3301,2.4354,-106.914,nan,nan,nan,1.509
1777025882081186033,267.600,0,-0.7575,-2.3439,2.4633,-107.910,nan,nan,nan,4.075
1777025882180113117,267.699,0,-0.7948,-2.3622,2.4923,-108.595,nan,nan,nan,4.075
1777025882280559089,267.800,0,-0.8264,-2.3824,2.5217,-109.131,nan,nan,nan,3.567
1777025882382756410,267.902,0,-0.8735,-2.3964,2.5506,-110.027,nan,nan,nan,1.149
1777025882483837855,268.003,0,-0.9132,-2.4118,2.5789,-110.738,nan,nan,nan,0.638
1777025882582491368,268.102,0,-0.9601,-2.4255,2.6086,-111.595,nan,nan,nan,1.914
1777025882684315212,268.203,0,-0.9969,-2.4429,2.6385,-112.200,nan,nan,nan,0.220
1777025882781263468,268.300,0,-1.0505,-2.4523,2.6678,-113.189,nan,nan,nan,3.315
1777025882883116589,268.402,0,-1.0969,-2.4656,2.6986,-113.983,nan,nan,nan,1.460
1777025882981957544,268.501,0,-1.1407,-2.4799,2.7296,-114.701,nan,nan,nan,2.516
1777025883081766839,268.601,0,-1.1768,-2.4976,2.7609,-115.228,nan,nan,nan,3.909
1777025883185299736,268.704,0,-1.2185,-2.5050,2.7856,-115.940,nan,nan,nan,0.772
1777025883283974508,268.803,0,-1.2573,-2.5137,2.8106,-116.572,nan,nan,nan,1.431
1777025883381602718,268.901,0,-1.2910,-2.5324,2.8425,-117.013,nan,nan,nan,3.504
1777025883485407815,269.005,0,-1.3221,-2.5483,2.8709,-117.421,nan,nan,nan,0.113
1777025883584364324,269.103,0,-1.3582,-2.5617,2.8995,-117.933,nan,nan,nan,0.968
1777025883682725415,269.202,0,-1.3944,-2.5758,2.9290,-118.429,nan,nan,nan,3.249
1777025883784377650,269.303,0,-1.4227,-2.5943,2.9588,-118.740,nan,nan,nan,1.414
1777025883883986910,269.403,0,-1.4589,-2.6077,2.9881,-119.224,nan,nan,nan,2.391
1777025883982357981,269.501,0,-1.4822,-2.6280,3.0172,-119.422,nan,nan,nan,3.623
1777025884081791614,269.601,0,-1.5312,-2.6298,3.0431,-120.211,nan,nan,nan,4.769
1777025884182718043,269.702,0,-1.5639,-2.6475,3.0749,-120.571,nan,nan,nan,4.016
1777025884281365889,269.800,0,-1.6111,-2.6497,3.1011,-121.302,nan,nan,nan,1.084
1777025884382233615,269.901,0,-1.6261,-2.6694,3.1257,-121.347,nan,nan,nan,3.657
1777025884482162612,270.001,0,-1.6357,-2.6862,3.1450,-121.338,nan,nan,nan,4.003
1777025884581767891,270.101,0,-1.6754,-2.6970,3.1750,-121.849,nan,nan,nan,3.958
1777025884682466619,270.202,0,-1.7126,-2.7108,3.2064,-122.283,nan,nan,nan,4.867
1777025884780198847,270.299,0,-1.7647,-2.7046,3.2294,-123.124,nan,nan,nan,1.954
1777025884884568623,270.404,0,-1.7852,-2.7251,3.2577,-123.229,nan,nan,nan,2.239
1777025884983357411,270.502,0,-1.8015,-2.7443,3.2828,-123.283,nan,nan,nan,3.567
1777025885084464153,270.604,0,-1.8276,-2.7570,3.3078,-123.540,nan,nan,nan,2.801
1777025885180463624,270.700,0,-1.8469,-2.7731,3.3318,-123.664,nan,nan,nan,1.651
1777025885281349498,270.800,0,-1.8585,-2.7946,3.3562,-123.625,nan,nan,nan,2.698
1777025885383530060,270.903,0,-1.8453,-2.8329,3.3809,-123.080,nan,nan,nan,3.382
1777025885483027118,271.002,0,-1.7888,-2.8924,3.4009,-121.735,nan,nan,nan,3.918
1777025885581924091,271.101,0,-1.7420,-2.9425,3.4195,-120.626,nan,nan,nan,1.511
1777025885685014715,271.204,0,-1.6964,-2.9921,3.4396,-119.551,nan,nan,nan,2.335
1777025885781218369,271.300,0,-1.6594,-3.0315,3.4560,-118.696,nan,nan,nan,1.603
1777025885883659909,271.403,0,-1.6157,-3.0734,3.4723,-117.731,nan,nan,nan,4.412
1777025885980095782,271.499,0,-1.5634,-3.1180,3.4880,-116.630,nan,nan,nan,0.698
1777025886083128538,271.602,0,-1.5108,-3.1601,3.5027,-115.552,nan,nan,nan,3.499
1777025886181187039,271.700,0,-1.4535,-3.2016,3.5161,-114.417,nan,nan,nan,0.138
1777025886281721214,271.801,0,-1.3932,-3.2407,3.5275,-113.264,nan,nan,nan,1.804
1777025886383254098,271.902,0,-1.3339,-3.2765,3.5376,-112.151,nan,nan,nan,3.380
1777025886480029745,271.999,0,-1.2363,-3.3241,3.5466,-110.401,nan,nan,nan,0.088
1777025886582850336,272.102,0,-0.9796,-3.4147,3.5524,-106.007,nan,nan,nan,2.757
1777025886682939813,272.202,0,-0.5801,-3.5077,3.5553,-99.390,nan,nan,nan,1.542
1777025886782596646,272.302,0,-0.0468,-3.5511,3.5514,-90.756,nan,nan,nan,1.649
1777025886880523038,272.400,0,0.5777,-3.4966,3.5440,-80.618,3444.43,321.76,347.58,0.217
1777025886982492658,272.502,0,1.0960,-3.3577,3.5320,-71.923,1901.24,169.61,183.22,1.181
1777025887084199911,272.603,0,1.4380,-3.2104,3.5178,-65.872,1472.10,129.27,139.64,3.839
1777025887182919867,272.702,0,1.7376,-3.0391,3.5008,-60.241,1222.39,106.98,115.56,2.655
1777025887290528233,272.810,0,1.9319,-2.8944,3.4799,-56.279,1092.90,96.22,103.94,0.518
1777025887385977266,272.905,0,1.9977,-2.8165,3.4530,-54.652,1047.27,93.05,100.52,3.824
1777025887484100471,273.003,0,1.9612,-2.8139,3.4299,-55.125,1060.14,94.78,102.39,2.767
1777025887583691490,273.103,0,1.9375,-2.8013,3.4061,-55.330,1065.83,95.94,103.64,2.249
1777025887683166104,273.202,0,1.9144,-2.7860,3.3804,-55.505,1070.73,97.10,104.89,4.282
1777025887782934473,273.302,0,1.8913,-2.7706,3.3546,-55.681,1075.68,98.28,106.17,1.774
1777025887882342088,273.401,0,1.8662,-2.7553,3.3278,-55.890,1081.65,99.61,107.60,1.136
1777025887983338146,273.502,0,1.8354,-2.7422,3.2997,-56.204,1090.74,101.28,109.40,1.893
1777025888085460597,273.605,0,1.8100,-2.7225,3.2692,-56.382,1095.94,102.70,110.94,3.813
1777025888183010771,273.702,0,1.7879,-2.7072,3.2443,-56.559,1101.17,103.97,112.31,0.539
1777025888283656093,273.803,0,1.7652,-2.6886,3.2163,-56.713,1105.74,105.30,113.76,1.925
1777025888382375382,273.901,0,1.7372,-2.6726,3.1876,-56.976,1113.67,107.00,115.59,0.383
1777025888480194702,273.999,0,1.7103,-2.6532,3.1567,-57.194,1120.34,108.69,117.41,1.945
1777025888585844702,274.105,0,1.6824,-2.6360,3.1272,-57.453,1128.34,110.49,119.36,3.414
1777025888683547153,274.203,0,1.6511,-2.6192,3.0962,-57.774,1138.40,112.58,121.62,0.347
1777025888782682919,274.302,0,1.6220,-2.6020,3.0662,-58.063,1147.63,114.60,123.80,0.087
1777025888886613348,274.406,0,1.5979,-2.5820,3.0364,-58.248,1153.65,116.33,125.67,3.673
1777025888984608295,274.504,0,1.5912,-2.5505,3.0062,-58.041,1146.93,116.82,126.19,1.919
1777025889086976058,274.606,0,1.7102,-2.4382,2.9782,-54.954,1055.46,108.69,117.41,4.024
1777025889187066590,274.706,0,1.8618,-2.2841,2.9468,-50.817,952.78,99.84,107.85,3.935
1777025889286467464,274.806,0,1.9576,-2.1633,2.9175,-47.857,889.88,94.95,102.57,2.790
1777025889387741037,274.907,0,2.0657,-2.0098,2.8821,-44.214,821.66,89.98,97.21,3.459
1777025889485766150,275.005,0,2.1414,-1.8833,2.8517,-41.331,773.41,86.81,93.77,1.355
1777025889586803689,275.106,0,2.2134,-1.7448,2.8185,-38.248,726.33,83.98,90.72,3.536
1777025889686580984,275.206,0,2.2750,-1.6151,2.7900,-35.373,685.88,81.71,88.26,3.148
1777025889786018838,275.305,0,2.2817,-1.5389,2.7521,-33.999,667.56,81.47,88.01,2.489
1777025889885101364,275.404,0,2.2543,-1.4979,2.7066,-33.603,662.39,82.46,89.07,1.251
1777025889983406677,275.503,0,2.2191,-1.4811,2.6680,-33.719,663.91,83.76,90.49,0.082
1777025890081052776,275.600,0,2.1723,-1.4836,2.6306,-34.332,671.95,85.57,92.44,6.045
1777025890183008730,275.702,0,2.1345,-1.4618,2.5871,-34.405,672.91,87.08,94.07,1.169
1777025890284118638,275.803,0,2.0979,-1.4461,2.5480,-34.579,675.23,88.61,95.72,0.330
1777025890387168986,275.906,0,2.0541,-1.4386,2.5078,-35.005,680.91,90.49,97.75,3.464
1777025890482062193,276.001,0,2.0273,-1.4183,2.4742,-34.976,680.52,91.69,99.05,1.932
1777025890581609435,276.101,0,1.9751,-1.4206,2.4329,-35.726,690.68,94.12,101.67,2.199
1777025890682693714,276.202,0,1.9454,-1.3968,2.3949,-35.678,690.03,95.55,103.22,1.184
1777025890782556638,276.302,0,1.9237,-1.3798,2.3674,-35.651,689.66,96.63,104.38,3.374
1777025890884061412,276.403,0,1.9311,-1.3383,2.3495,-34.723,677.14,96.26,103.98,0.738
1777025890982854552,276.502,0,1.9255,-1.3199,2.3345,-34.430,673.25,96.54,104.28,3.052
1777025891082721365,276.602,0,1.9230,-1.2984,2.3204,-34.027,667.93,96.66,104.42,2.809
1777025891184932649,276.704,0,1.9236,-1.2717,2.3059,-33.469,660.66,96.64,104.39,0.106
1777025891283327016,276.802,0,1.9194,-1.2522,2.2918,-33.120,656.15,96.84,104.62,1.523
1777025891381863512,276.901,0,1.9156,-1.2327,2.2780,-32.761,651.56,97.04,104.82,3.147
1777025891483171566,277.002,0,1.9124,-1.2122,2.2643,-32.369,646.59,97.20,105.00,1.865
1777025891585721253,277.105,0,1.9030,-1.2011,2.2504,-32.259,645.20,97.68,105.52,1.005
1777025891683126170,277.202,0,1.8989,-1.1812,2.2363,-31.884,640.50,97.89,105.74,2.635
1777025891782193418,277.301,1,1.8950,-1.1609,2.2224,-31.492,635.62,98.09,105.96,2.462
1777025891883983874,277.403,1,1.8957,-1.1338,2.2089,-30.882,628.11,98.05,105.92,2.342
1777025891985178336,277.504,1,1.8866,-1.1224,2.1952,-30.751,626.50,98.53,106.44,0.402
1777025892082178462,277.601,1,1.8877,-1.0947,2.1822,-30.110,618.73,98.47,106.37,3.324
1777025892183315444,277.702,1,1.8782,-1.0825,2.1678,-29.955,616.87,98.97,106.91,4.096
1777025892283821378,277.803,1,1.8781,-1.0553,2.1543,-29.332,609.44,98.97,106.91,2.063
1777025892381119704,277.900,1,1.8755,-1.0373,2.1433,-28.945,604.87,99.11,107.06,3.260
1777025892484283717,278.003,1,1.8731,-1.0292,2.1372,-28.787,603.01,99.24,107.20,1.377
1777025892580901162,278.100,1,1.8709,-1.0237,2.1327,-28.685,601.82,99.35,107.33,3.021
1777025892682647914,278.202,1,1.8691,-1.0186,2.1286,-28.588,600.69,99.45,107.43,3.743
1777025892783695694,278.303,1,1.8617,-1.0227,2.1241,-28.781,602.95,99.85,107.86,2.779
1777025892883735856,278.403,1,1.8592,-1.0184,2.1198,-28.712,602.13,99.98,108.00,2.593
1777025892981179754,278.500,1,1.8555,-1.0157,2.1154,-28.697,601.95,100.18,108.22,2.872
1777025893083529906,278.603,1,1.8514,-1.0113,2.1096,-28.646,601.36,100.40,108.46,3.276
1777025893182099086,278.701,1,1.8475,-1.0081,2.1046,-28.619,601.04,100.61,108.69,2.649
1777025893282315913,278.801,1,1.8440,-1.0069,2.1010,-28.637,601.25,100.80,108.89,4.089
1777025893382914809,278.902,1,1.8379,-1.0007,2.0927,-28.569,600.45,101.14,109.26,4.651
1777025893481839207,279.001,1,1.8271,-0.9948,2.0803,-28.567,600.43,101.74,109.90,3.533
1777025893582624046,279.102,1,1.8216,-0.9878,2.0722,-28.470,599.30,102.04,110.23,3.978
1777025893682698059,279.202,1,1.8208,-0.9881,2.0716,-28.487,599.50,102.09,110.28,4.111
1777025893782907516,279.302,1,1.8216,-0.9880,2.0723,-28.473,599.34,102.04,110.23,4.102
1777025893882238316,279.401,1,1.8214,-0.9879,2.0721,-28.476,599.37,102.06,110.24,3.526
1777025893982034315,279.501,1,1.8213,-0.9884,2.0722,-28.489,599.52,102.06,110.25,2.957
1777025894082547601,279.602,1,1.8212,-0.9887,2.0722,-28.496,599.61,102.07,110.26,0.832
1777025894184475240,279.704,1,1.8211,-0.9888,2.0722,-28.500,599.66,102.07,110.26,5.439
1777025894281249646,279.800,1,1.8213,-0.9883,2.0722,-28.485,599.47,102.06,110.25,1.883
1777025894382174372,279.901,1,1.8249,-0.9812,2.0719,-28.266,596.93,101.86,110.04,2.253
1777025894483546369,280.003,1,1.8212,-0.9885,2.0722,-28.492,599.56,102.06,110.25,3.983
1777025894581874719,280.101,1,1.8256,-0.9800,2.0720,-28.226,596.47,101.82,109.99,1.999
1777025894683301753,280.202,1,1.8212,-0.9885,2.0722,-28.491,599.55,102.06,110.26,3.050
1777025894782604314,280.302,1,1.8213,-0.9884,2.0722,-28.489,599.52,102.06,110.25,2.661
1777025894880881738,280.400,1,1.8215,-0.9880,2.0722,-28.477,599.38,102.05,110.24,1.374
1777025894981946129,280.501,1,1.8212,-0.9886,2.0722,-28.495,599.60,102.07,110.26,2.725
1777025895081599888,280.601,1,1.8215,-0.9881,2.0722,-28.479,599.40,102.05,110.24,1.451
1777025895182857573,280.702,1,1.8248,-0.9814,2.0719,-28.272,597.00,101.87,110.04,2.672
1777025895281388587,280.800,1,1.8214,-0.9881,2.0722,-28.480,599.42,102.05,110.24,1.119
1777025895380239227,280.899,1,1.8249,-0.9812,2.0719,-28.267,596.94,101.86,110.04,0.262
1777025895483258834,281.002,1,1.8254,-0.9804,2.0720,-28.239,596.61,101.83,110.00,2.745
1777025895582460858,281.102,1,1.8215,-0.9881,2.0722,-28.479,599.41,102.05,110.24,1.696
1777025895681976249,281.201,1,1.8213,-0.9884,2.0722,-28.489,599.53,102.06,110.25,2.166
1777025895780355728,281.299,1,1.8213,-0.9885,2.0723,-28.490,599.54,102.06,110.25,0.735
1777025895882586937,281.402,1,1.8211,-0.9887,2.0722,-28.499,599.64,102.07,110.26,1.668
1777025895982700988,281.502,1,1.8211,-0.9884,2.0720,-28.491,599.55,102.07,110.27,1.287
1777025896083649472,281.603,1,1.8213,-0.9882,2.0721,-28.483,599.45,102.06,110.25,2.458
1777025896181559734,281.701,1,1.8208,-0.9893,2.0722,-28.516,599.84,102.09,110.28,0.036
1777025896283100841,281.802,1,1.8203,-0.9902,2.0722,-28.547,600.20,102.12,110.31,1.378
1777025896382492641,281.902,1,1.8152,-0.9861,2.0657,-28.514,599.82,102.41,110.62,0.936
1777025896482873262,282.002,1,1.8024,-0.9802,2.0517,-28.539,600.11,103.13,111.41,1.501
1777025896579953609,282.099,1,1.7896,-0.9764,2.0387,-28.616,601.01,103.87,112.20,1.687
1777025896684271330,282.203,1,1.7742,-0.9694,2.0218,-28.652,601.43,104.77,113.18,1.559
1777025896779125482,282.298,1,1.7607,-0.9641,2.0074,-28.703,602.03,105.57,114.05,2.332
1777025896882951727,282.402,1,1.7474,-0.9597,1.9936,-28.775,602.87,106.38,114.91,0.896
1777025896982586728,282.502,1,1.7331,-0.9476,1.9753,-28.667,601.60,107.25,115.86,0.565
1777025897083679099,282.603,1,1.7170,-0.9438,1.9593,-28.797,603.13,108.26,116.95,1.641
1777025897181404364,282.701,1,1.6946,-0.9467,1.9411,-29.189,607.75,109.69,118.49,1.272
1777025897282264609,282.801,1,1.6780,-0.9441,1.9253,-29.363,609.81,110.78,119.67,0.117
1777025897381317024,282.900,1,1.6583,-0.9410,1.9066,-29.572,612.30,112.10,121.09,1.354
1777025897483256163,283.002,1,1.6353,-0.9372,1.8848,-29.819,615.24,113.67,122.79,0.722
1777025897583668580,283.103,1,1.6172,-0.9337,1.8674,-30.001,617.42,114.94,124.16,1.110
1777025897683947832,283.203,1,1.5969,-0.9317,1.8488,-30.262,620.57,116.41,125.75,1.553
1777025897783371594,283.302,1,1.5764,-0.9295,1.8300,-30.523,623.73,117.91,127.38,0.677
1777025897882159234,283.401,1,1.5544,-0.9241,1.8083,-30.732,626.27,119.59,129.18,1.285
1777025897983566232,283.503,1,1.5217,-0.9193,1.7779,-31.138,631.24,122.15,131.95,0.071
1777025898082344317,283.601,1,1.4872,-0.9137,1.7455,-31.567,636.55,124.99,135.02,0.842
1777025898181813949,283.701,0,1.4578,-0.9082,1.7175,-31.922,640.98,127.51,137.74,2.193
1777025898282891302,283.802,0,1.4278,-0.9041,1.6899,-32.342,646.25,130.19,140.64,0.604
1777025898382354157,283.901,0,1.3973,-0.8990,1.6615,-32.756,651.49,133.03,143.71,1.220
1777025898483938430,284.003,0,1.3709,-0.8889,1.6339,-32.959,654.09,135.59,146.47,1.106
1777025898585695145,284.105,0,1.3407,-0.8845,1.6062,-33.412,659.93,138.64,149.77,0.847
1777025898682713048,284.202,0,1.3098,-0.8804,1.5782,-33.907,666.37,141.92,153.30,1.119
1777025898782467418,284.302,0,1.2814,-0.8819,1.5556,-34.539,674.69,145.07,156.71,15.883
1777025898881970772,284.401,0,1.2494,-0.8760,1.5259,-35.036,681.34,148.78,160.72,2.191
1777025898982822405,284.502,0,1.2276,-0.8647,1.5016,-35.162,683.02,151.42,163.58,1.335
1777025899082439869,284.602,0,1.2000,-0.8634,1.4783,-35.734,690.80,154.90,167.33,1.592
1777025899183145097,284.702,0,1.1788,-0.8562,1.4569,-35.992,694.33,157.69,170.35,3.376
1777025899282160198,284.801,0,1.1570,-0.8473,1.4341,-36.217,697.45,160.66,173.55,1.892
1777025899381510239,284.901,0,1.1417,-0.8389,1.4168,-36.310,698.73,162.82,175.89,3.010
1777025899483589321,285.003,0,1.1270,-0.8281,1.3985,-36.310,698.73,164.94,178.18,0.946
1777025899579957750,285.099,0,1.1188,-0.8117,1.3822,-35.961,693.91,166.15,179.48,2.828
1777025899682185867,285.201,0,1.1016,-0.7996,1.3612,-35.973,694.08,168.74,182.28,2.476
1777025899780267442,285.299,0,1.0961,-0.7798,1.3452,-35.430,686.66,169.58,183.19,3.770
1777025899881201779,285.400,0,1.0884,-0.7631,1.3292,-35.033,681.30,170.79,184.49,3.818
1777025899981679214,285.501,0,1.0756,-0.7461,1.3090,-34.748,677.47,172.82,186.69,4.119
1777025900082370460,285.601,0,1.0698,-0.7266,1.2933,-34.183,669.99,173.75,187.69,3.091
1777025900188384309,285.707,0,1.0660,-0.7066,1.2789,-33.538,661.56,174.38,188.37,2.795
1777025900281850014,285.801,0,1.0672,-0.6803,1.2656,-32.517,648.46,174.17,188.15,3.638
1777025900381504496,285.901,1,1.0676,-0.6621,1.2562,-31.809,639.55,174.12,188.09,3.690
1777025900481816063,286.001,1,1.0691,-0.6404,1.2462,-30.922,628.59,173.87,187.83,3.995
1777025900582418144,286.102,1,1.0723,-0.6207,1.2390,-30.066,618.21,173.35,187.26,4.485
1777025900680169649,286.199,1,1.0752,-0.6078,1.2351,-29.481,611.20,172.89,186.76,2.303
1777025900781578387,286.301,1,1.0825,-0.5884,1.2321,-28.527,599.97,171.71,185.49,3.836
1777025900882202320,286.401,1,1.0948,-0.5632,1.2312,-27.225,584.94,169.79,183.42,3.592
1777025900980506096,286.500,1,1.1042,-0.5485,1.2329,-26.418,575.81,168.34,181.85,1.533
1777025901080299484,286.599,1,1.1139,-0.5367,1.2365,-25.724,568.06,166.87,180.26,2.827
1777025901180667494,286.700,1,1.1282,-0.5210,1.2427,-24.787,557.74,164.76,177.98,2.791
1777025901283193607,286.802,1,1.1439,-0.5062,1.2509,-23.872,547.81,162.50,175.54,3.358
1777025901382491463,286.902,1,1.1607,-0.4902,1.2600,-22.895,537.36,160.15,173.00,0.853
1777025901483411633,287.003,1,1.1771,-0.4840,1.2727,-22.349,531.58,157.91,170.58,2.652
1777025901580508109,287.100,1,1.1937,-0.4756,1.2850,-21.725,525.04,155.72,168.21,2.267
1777025901682239547,287.201,1,1.2123,-0.4685,1.2997,-21.128,518.83,153.33,165.64,3.678
1777025901783552305,287.303,1,1.2314,-0.4631,1.3156,-20.611,513.49,150.96,163.07,4.574
1777025901880177731,287.399,1,1.2529,-0.4540,1.3326,-19.918,506.40,148.37,160.27,1.207
1777025901980716425,287.500,1,1.2712,-0.4583,1.3513,-19.826,505.46,146.23,157.96,2.028
1777025902082325290,287.601,1,1.2916,-0.4582,1.3705,-19.530,502.45,143.91,155.46,3.571
1777025902182587449,287.702,1,1.3118,-0.4589,1.3898,-19.282,499.94,141.70,153.07,3.904
1777025902282528817,287.802,1,1.3310,-0.4637,1.4095,-19.209,499.20,139.65,150.86,4.016
1777025902385921456,287.905,1,1.3546,-0.4634,1.4317,-18.886,495.94,137.22,148.23,1.166
1777025902482121277,288.001,1,1.3727,-0.4706,1.4511,-18.923,496.31,135.42,146.28,2.883
1777025902582371233,288.101,1,1.3890,-0.4856,1.4714,-19.269,499.81,133.83,144.57,2.664
1777025902682044325,288.201,1,1.4062,-0.4963,1.4912,-19.439,501.53,132.19,142.80,1.281
1777025902781344626,288.300,1,1.4218,-0.5092,1.5102,-19.703,504.21,130.74,141.23,1.748
1777025902882949843,288.402,1,1.4372,-0.5224,1.5292,-19.977,507.00,129.34,139.72,3.062
1777025902980777385,288.500,1,1.4504,-0.5383,1.5471,-20.364,510.95,128.16,138.45,0.984
1777025903082978817,288.602,1,1.4625,-0.5556,1.5645,-20.800,515.44,127.10,137.30,2.958
1777025903182781908,288.702,1,1.4730,-0.5729,1.5805,-21.253,520.13,126.19,136.32,2.575
1777025903282135449,288.801,1,1.4840,-0.5846,1.5950,-21.500,522.69,125.26,135.31,2.150
1777025903383239913,288.902,1,1.4883,-0.6105,1.6086,-22.303,531.10,124.90,134.92,3.022
1777025903481703335,289.001,1,1.4937,-0.6304,1.6213,-22.883,537.23,124.45,134.43,1.518
1777025903583107295,289.102,1,1.4970,-0.6512,1.6325,-23.509,543.90,124.17,134.13,1.593
1777025903685483096,289.205,1,1.4980,-0.6731,1.6423,-24.198,551.33,124.09,134.05,3.295
1777025903782065504,289.301,1,1.4977,-0.6928,1.6502,-24.825,558.16,124.11,134.07,1.513
1777025903885068667,289.404,1,1.4965,-0.7138,1.6580,-25.499,565.58,124.21,134.18,4.227
1777025903982195791,289.501,1,1.4951,-0.7286,1.6632,-25.981,570.93,124.33,134.31,1.105
1777025904083989265,289.603,1,1.4892,-0.7473,1.6662,-26.649,578.42,124.82,134.84,2.945
1777025904180992576,289.700,1,1.4781,-0.7753,1.6691,-27.679,590.14,125.76,135.85,0.255
1777025904281464418,289.801,1,1.4727,-0.7871,1.6698,-28.123,595.27,126.22,136.35,0.619
1777025904382492994,289.902,1,1.4582,-0.8129,1.6695,-29.140,607.17,127.48,137.71,0.321
1777025904483224555,290.002,1,1.4459,-0.8311,1.6677,-29.889,616.08,128.56,138.88,2.212
1777025904582399913,290.101,1,1.4326,-0.8480,1.6647,-30.622,624.93,129.75,140.17,1.051
1777025904684421718,290.204,1,1.4175,-0.8638,1.6599,-31.358,633.96,131.14,141.66,3.138
1777025904782710809,290.302,0,1.4009,-0.8787,1.6537,-32.098,643.17,132.69,143.33,1.705
1777025904882293032,290.401,0,1.3826,-0.8936,1.6462,-32.876,653.03,134.45,145.24,0.298
1777025904981371873,290.500,0,1.3644,-0.9054,1.6374,-33.569,661.95,136.24,147.18,0.789
1777025905083678637,290.603,0,1.3472,-0.9120,1.6269,-34.096,668.84,137.98,149.05,1.945
1777025905183785465,290.703,0,1.3254,-0.9229,1.6150,-34.850,678.83,140.25,151.51,1.827
1777025905283465335,290.803,0,1.2996,-0.9381,1.6028,-35.824,692.02,143.04,154.51,1.080
1777025905381459208,290.901,0,1.2814,-0.9455,1.5925,-36.424,700.32,145.07,156.71,9.255
1777025905483787361,291.003,0,1.2438,-0.9594,1.5708,-37.644,717.58,149.45,161.44,1.467
1777025905586373844,291.105,0,1.2141,-0.9708,1.5545,-38.646,732.17,153.11,165.39,3.700
1777025905684615750,291.204,0,1.1852,-0.9819,1.5391,-39.640,747.06,156.83,169.42,2.469
1777025905782259590,291.301,0,1.1601,-0.9875,1.5235,-40.405,758.81,160.23,173.09,1.520
1777025905884601631,291.404,0,1.1275,-1.0038,1.5096,-41.679,779.00,164.87,178.10,1.842
1777025905982931055,291.502,0,1.0984,-1.0143,1.4951,-42.722,796.13,169.23,182.81,0.172
1777025906083110438,291.602,0,1.0739,-1.0204,1.4814,-43.535,809.89,173.09,186.98,0.094
1777025906183522799,291.703,0,1.0448,-1.0319,1.4685,-44.645,829.28,177.92,192.20,0.574
1777025906282262348,291.801,0,1.0114,-1.0471,1.4558,-45.994,853.88,183.78,198.53,0.961
1777025906381841979,291.901,0,0.9848,-1.0569,1.4446,-47.021,873.43,188.75,203.89,1.535
1777025906482768445,292.002,0,0.9632,-1.0656,1.4364,-47.889,890.54,192.99,208.48,0.676
1777025906580472580,292.100,0,0.9411,-1.0765,1.4299,-48.838,909.91,197.51,213.36,2.656
1777025906682269740,292.201,0,0.9202,-1.0879,1.4250,-49.774,929.74,201.99,218.20,1.335
1777025906782454715,292.302,0,0.9022,-1.0998,1.4225,-50.637,948.74,206.03,222.56,0.958
1777025906882670338,292.402,0,0.8850,-1.1126,1.4216,-51.499,968.42,210.04,226.89,0.796
1777025906983047718,292.502,0,0.8689,-1.1270,1.4230,-52.367,988.99,213.93,231.10,0.606
1777025907082589109,292.602,0,0.8589,-1.1394,1.4269,-52.989,1004.25,216.41,233.78,1.170
1777025907183911866,292.703,0,0.8404,-1.1609,1.4332,-54.098,1032.54,221.18,238.93,0.182
1777025907283367054,292.802,0,0.8279,-1.1778,1.4397,-54.896,1053.88,224.53,242.55,1.750
1777025907380695491,292.900,0,0.8235,-1.1908,1.4479,-55.334,1065.95,225.72,243.83,3.576
1777025907484776270,293.004,0,0.8072,-1.2153,1.4590,-56.409,1096.72,230.28,248.76,0.050
1777025907581281494,293.100,0,0.7998,-1.2351,1.4714,-57.073,1116.63,232.41,251.06,3.442
1777025907680848162,293.200,0,0.7932,-1.2564,1.4858,-57.734,1137.15,234.34,253.15,3.886
1777025907782009014,293.301,0,0.7885,-1.2783,1.5019,-58.331,1156.36,235.74,254.65,2.398
1777025907882480820,293.402,0,0.7915,-1.2964,1.5189,-58.594,1165.01,234.85,253.69,2.512
1777025907982549518,293.502,0,0.7838,-1.3216,1.5366,-59.330,1189.96,237.16,256.19,2.190
1777025908081240290,293.600,0,0.7887,-1.3335,1.5493,-59.398,1192.32,235.68,254.59,3.565
1777025908183338779,293.702,0,0.7833,-1.3498,1.5606,-59.872,1209.05,237.31,256.35,2.404
1777025908283181073,293.802,0,0.7867,-1.3785,1.5872,-60.286,1224.03,236.28,255.24,2.657
1777025908382988664,293.902,0,0.8014,-1.4051,1.6176,-60.300,1224.53,231.94,250.55,2.360
1777025908483056215,294.002,0,0.8045,-1.4202,1.6322,-60.470,1230.81,231.06,249.60,2.227
1777025908582387960,294.101,0,0.8049,-1.4409,1.6505,-60.811,1243.60,230.93,249.46,2.888
1777025908682201051,294.201,0,0.8151,-1.4672,1.6784,-60.945,1248.70,228.04,246.34,3.777
1777025908783505975,294.303,0,0.8347,-1.4840,1.7026,-60.644,1237.29,222.70,240.57,3.429
1777025908882063971,294.401,0,0.8460,-1.5014,1.7234,-60.599,1235.63,219.71,237.34,3.657
1777025908984064201,294.503,0,0.8514,-1.5225,1.7444,-60.784,1242.59,218.32,235.84,2.015
1777025909083217837,294.602,0,0.8659,-1.5390,1.7659,-60.635,1236.97,214.66,231.89,3.166
1777025909182122940,294.701,0,0.8813,-1.5537,1.7862,-60.436,1229.57,210.92,227.84,3.759
1777025909282499801,294.802,0,0.8971,-1.5661,1.8049,-60.196,1220.72,207.21,223.83,4.346
1777025909382661907,294.902,0,0.9182,-1.5776,1.8253,-59.798,1206.38,202.43,218.68,3.892
1777025909482871567,295.002,0,0.9317,-1.5922,1.8448,-59.665,1201.68,199.51,215.52,3.996
1777025909582835526,295.102,0,0.9487,-1.6030,1.8627,-59.383,1191.79,195.94,211.67,3.738
1777025909682577711,295.202,0,0.9708,-1.6118,1.8815,-58.939,1176.56,191.48,206.84,4.384
1777025909781278649,295.300,0,0.9968,-1.6139,1.8969,-58.299,1155.31,186.48,201.44,2.488
1777025909881741213,295.401,0,1.0115,-1.6249,1.9140,-58.098,1148.77,183.77,198.51,1.315
1777025909980511020,295.500,0,1.0319,-1.6293,1.9286,-57.651,1134.54,180.13,194.59,1.469
1777025910080961752,295.600,0,1.0536,-1.6316,1.9422,-57.147,1118.89,176.42,190.58,1.555
1777025910181685387,295.701,0,1.0825,-1.6273,1.9544,-56.367,1095.48,171.71,185.49,2.545
1777025910282332857,295.801,0,1.0968,-1.6323,1.9666,-56.102,1087.76,169.48,183.08,2.481
1777025910383318081,295.902,0,1.1208,-1.6300,1.9782,-55.487,1070.23,165.85,179.15,3.931
1777025910483569704,296.003,0,1.1412,-1.6263,1.9868,-54.943,1055.16,162.89,175.96,3.749
1777025910583112761,296.102,0,1.1610,-1.6216,1.9944,-54.398,1040.48,160.10,172.95,3.766
1777025910682464321,296.202,0,1.1878,-1.6095,2.0004,-53.574,1019.00,156.50,169.06,3.454
1777025910783041199,296.302,0,1.2001,-1.6071,2.0057,-53.249,1010.76,154.89,167.32,3.728
1777025910881356697,296.400,0,1.2208,-1.5968,2.0100,-52.601,994.67,152.26,164.48,1.914
1777025910981959463,296.501,0,1.2478,-1.5792,2.0126,-51.687,972.79,148.97,160.93,2.394
1777025911082465027,296.602,0,1.2647,-1.5704,2.0164,-51.154,960.45,146.98,158.77,2.330
1777025911180277902,296.699,0,1.2853,-1.5563,2.0184,-50.449,944.54,144.63,156.23,1.173
1777025911282196319,296.801,0,1.3061,-1.5405,2.0197,-49.708,928.32,142.32,153.74,2.101
1777025911381146217,296.900,0,1.3335,-1.5167,2.0196,-48.677,906.57,139.39,150.58,1.108
1777025911485744509,297.005,0,1.3538,-1.4978,2.0190,-47.890,890.54,137.30,148.32,2.457
1777025911581003359,297.100,0,1.3647,-1.4877,2.0188,-47.470,882.21,136.21,147.14,0.585
1777025911686893653,297.206,0,1.3831,-1.4672,2.0164,-46.689,867.03,134.39,145.18,1.692
1777025911780035696,297.299,0,1.4046,-1.4417,2.0128,-45.747,849.28,132.34,142.96,1.221
1777025911884200678,297.403,0,1.4138,-1.4290,2.0102,-45.307,841.21,131.48,142.03,2.943
1777025911981490800,297.501,0,1.4368,-1.3992,2.0056,-44.241,822.14,129.37,139.75,0.301
1777025912082934408,297.602,0,1.4538,-1.3757,2.0015,-43.419,807.91,127.86,138.12,1.741
1777025912183253826,297.702,0,1.4664,-1.3565,1.9976,-42.772,796.97,126.77,136.94,2.408
1777025912282052911,297.801,0,1.4911,-1.3250,1.9948,-41.624,778.12,124.66,134.66,0.857
1777025912382066278,297.901,0,1.5048,-1.3079,1.9937,-40.996,768.09,123.53,133.44,1.127
1777025912483313314,298.002,0,1.5216,-1.2827,1.9901,-40.132,754.60,122.17,131.97,1.632
1777025912582937666,298.102,0,1.5388,-1.2591,1.9883,-39.291,741.79,120.80,130.49,1.276
1777025912680990983,298.200,0,1.5550,-1.2381,1.9877,-38.527,730.42,119.54,129.13,0.082
1777025912785310463,298.304,0,1.5777,-1.2109,1.9888,-37.505,715.58,117.82,127.27,3.798
1777025912883424241,298.403,0,1.5922,-1.1989,1.9930,-36.979,708.10,116.75,126.12,1.574
1777025912981900571,298.501,0,1.6098,-1.1809,1.9965,-36.263,698.08,115.47,124.74,0.444
1777025913082260859,298.601,0,1.6241,-1.1657,1.9992,-35.669,689.91,114.45,123.64,0.860
1777025913183979019,298.703,0,1.6457,-1.1505,2.0080,-34.956,680.26,112.95,122.02,2.132
1777025913284228901,298.803,0,1.6644,-1.1362,2.0153,-34.320,671.79,111.68,120.64,2.787
1777025913382828859,298.902,0,1.6794,-1.1294,2.0238,-33.919,666.52,110.68,119.56,0.948
1777025913482568247,299.002,0,1.6987,-1.1207,2.0351,-33.416,659.97,109.43,118.21,0.827
1777025913584040540,299.103,0,1.7159,-1.1160,2.0469,-33.040,655.13,108.33,117.03,1.828
1777025913683940981,299.203,0,1.7341,-1.1125,2.0603,-32.683,650.57,107.20,115.80,1.788
1777025913781498248,299.301,0,1.7505,-1.1111,2.0733,-32.405,647.04,106.19,114.71,2.249
1777025913883105021,299.402,0,1.7687,-1.1117,2.0891,-32.149,643.82,105.09,113.53,0.642
1777025913982481673,299.502,0,1.7870,-1.1162,2.1070,-31.991,641.84,104.02,112.37,0.124
1777025914082191543,299.601,1,1.8061,-1.1214,2.1259,-31.836,639.90,102.92,111.18,0.270
1777025914183279748,299.702,1,1.8222,-1.1267,2.1424,-31.728,638.55,102.01,110.20,0.447
1777025914281448155,299.801,1,1.8396,-1.1369,2.1626,-31.716,638.40,101.05,109.15,2.113
1777025914382081180,299.901,1,1.8550,-1.1471,2.1811,-31.732,638.60,100.20,108.25,1.166
1777025914484815032,300.004,1,1.8694,-1.1586,2.1993,-31.790,639.32,99.44,107.42,1.343
1777025914581983322,300.101,0,1.8815,-1.1726,2.2170,-31.933,641.11,98.80,106.73,1.618
1777025914681849783,300.201,0,1.8928,-1.1875,2.2344,-32.103,643.23,98.21,106.09,1.317
1777025914781708354,300.301,0,1.9014,-1.2031,2.2501,-32.324,646.02,97.76,105.61,1.325
1777025914883129148,300.402,0,1.9102,-1.2195,2.2663,-32.555,648.95,97.31,105.12,0.557
1777025914983452103,300.503,0,1.9160,-1.2377,2.2810,-32.862,652.85,97.02,104.80,0.193
1777025915084009537,300.603,0,1.9188,-1.2567,2.2937,-33.222,657.48,96.88,104.65,0.571
1777025915183892516,300.703,0,1.9210,-1.2738,2.3050,-33.546,661.66,96.76,104.53,0.060
1777025915283285408,300.802,0,1.9205,-1.2932,2.3153,-33.955,666.99,96.79,104.56,0.894
1777025915382503377,300.902,0,1.9191,-1.3116,2.3244,-34.350,672.19,96.86,104.63,1.416
1777025915482817665,301.002,0,1.9144,-1.3302,2.3311,-34.793,678.08,97.10,104.89,1.661
1777025915585755847,301.105,0,1.9080,-1.3476,2.3359,-35.234,684.00,97.42,105.24,1.039
1777025915683527982,301.203,0,1.8988,-1.3646,2.3383,-35.702,690.36,97.89,105.75,2.105
1777025915783494090,301.303,0,1.8936,-1.3662,2.3350,-35.810,691.84,98.17,106.04,0.477
1777025915884018468,301.403,0,1.8581,-1.3899,2.3204,-36.797,705.53,100.04,108.07,1.145
1777025915984484236,301.504,0,1.8117,-1.4114,2.2966,-37.921,721.57,102.60,110.84,0.023
1777025916084278642,301.603,0,1.7919,-1.4096,2.2799,-38.191,725.49,103.74,112.06,1.299
1777025916184014975,301.703,0,1.7708,-1.4103,2.2638,-38.535,730.54,104.97,113.40,1.534
1777025916282754875,301.802,0,1.7756,-1.3696,2.2424,-37.646,717.60,104.69,113.09,5.996
1777025916383081979,301.902,0,1.7994,-1.2928,2.2157,-35.695,690.27,103.30,111.59,1.606
1777025916483173029,302.002,0,1.8259,-1.1943,2.1818,-33.188,657.04,101.81,109.98,2.289
1777025916582202907,302.101,1,1.8387,-1.1092,2.1473,-31.101,630.79,101.10,109.21,3.091
1777025916683212410,302.202,1,1.8513,-1.0185,2.1129,-28.818,603.37,100.41,108.47,2.023
1777025916782379805,302.301,1,1.8618,-0.9185,2.0760,-26.259,574.03,99.84,107.85,2.885
1777025916881973565,302.401,1,1.8511,-0.8417,2.0334,-24.453,554.10,100.42,108.48,2.873
1777025916984298384,302.503,1,1.8376,-0.7665,1.9911,-22.641,534.67,101.15,109.27,1.298
1777025917083774331,302.603,1,1.8191,-0.6882,1.9450,-20.723,514.65,102.18,110.38,3.614
1777025917182667489,302.702,1,1.7920,-0.6153,1.8947,-18.950,496.59,103.73,112.05,3.240
1777025917283879545,302.803,1,1.7579,-0.5361,1.8378,-16.959,476.76,105.74,114.23,2.178
1777025917381624087,302.901,1,1.7241,-0.4628,1.7852,-15.026,457.90,107.81,116.46,3.934
1777025917482154206,303.001,1,1.6880,-0.3921,1.7329,-13.077,439.24,110.12,118.96,4.114
1777025917581804058,303.101,1,1.6525,-0.3373,1.6866,-11.536,424.69,112.49,121.51,3.985
1777025917682506175,303.202,1,1.6166,-0.2800,1.6407,-9.828,408.75,114.99,124.21,4.993
1777025917782385414,303.301,1,1.5784,-0.2026,1.5914,-7.314,385.57,117.76,127.21,3.935
1777025917884391255,303.403,1,1.5411,-0.1534,1.5487,-5.686,370.71,120.62,130.30,2.835
1777025917984185458,303.503,1,1.5051,-0.1088,1.5090,-4.134,356.62,123.51,133.42,3.276
1777025918083226854,303.602,1,1.4691,-0.0601,1.4703,-2.344,340.44,126.53,136.69,4.455
1777025918182385176,303.701,1,1.4348,-0.0284,1.4351,-1.134,329.52,129.55,139.95,3.805
1777025918281758031,303.801,1,1.3983,0.0215,1.3985,0.879,311.38,132.93,143.60,3.203
1777025918384448846,303.904,1,1.3598,0.0610,1.3611,2.570,296.13,136.70,147.67,2.657
1777025918484116383,304.003,1,1.3242,0.0965,1.3277,4.167,281.68,140.37,151.64,3.081
1777025918582743137,304.102,1,1.2929,0.1257,1.2990,5.552,269.11,143.77,155.31,3.198
1777025918683388959,304.202,1,1.2562,0.1722,1.2679,7.806,248.51,147.98,159.85,3.785
1777025918783254345,304.302,1,1.2262,0.2033,1.2429,9.412,233.71,151.60,163.76,4.315
1777025918885890439,304.405,1,1.1948,0.2332,1.2173,11.046,218.50,155.58,168.07,1.712
1777025918985943601,304.505,1,1.1646,0.2637,1.1941,12.759,202.38,159.61,172.42,2.163
1777025919084538873,304.604,1,1.1367,0.2934,1.1740,14.475,186.01,163.53,176.65,3.284
1777025919184846125,304.704,1,1.1105,0.3244,1.1569,16.282,168.48,167.39,180.82,3.337
1777025919285158043,304.804,1,1.0826,0.3615,1.1413,18.465,146.89,171.71,185.49,2.663
1777025919384918375,304.904,1,1.0555,0.3942,1.1267,20.480,126.45,176.11,190.24,3.153
1777025919484445118,305.004,1,1.0328,0.4174,1.1139,22.004,110.64,179.98,194.42,3.215
1777025919584785499,305.104,1,1.0164,0.4155,1.0980,22.235,108.22,182.89,197.56,3.780
1777025919686302087,305.205,1,0.9989,0.4159,1.0820,22.607,104.29,186.10,201.03,2.189
1777025919792004550,305.311,1,0.9883,0.4081,1.0693,22.438,106.07,188.08,203.17,3.066
1777025919879468682,305.399,1,0.9762,0.4080,1.0580,22.683,103.49,190.42,205.70,0.738
1777025919980077985,305.499,1,0.9645,0.4052,1.0461,22.788,102.37,192.73,208.20,0.272
1777025920082543062,305.602,1,0.9527,0.4057,1.0355,23.066,99.43,195.11,210.77,1.537
1777025920179488836,305.699,1,0.9418,0.4087,1.0267,23.460,95.21,197.37,213.20,1.478
1777025920279798884,305.799,1,0.9285,0.4182,1.0183,24.247,86.74,200.20,216.27,1.459
1777025920382910972,305.902,1,0.9110,0.4422,1.0127,25.891,68.68,204.04,220.41,2.728
1777025920482902875,306.002,1,0.8812,0.4996,1.0130,29.554,26.52,210.95,227.88,2.350
1777025920584252947,306.103,0,0.8428,0.5605,1.0122,33.626,-24.09,220.54,238.24,3.482
1777025920682926923,306.202,0,0.8015,0.6190,1.0127,37.678,-79.46,231.92,250.53,1.469
1777025920782343889,306.301,0,0.7529,0.6822,1.0160,42.181,-148.57,246.91,266.72,0.365
1777025920883003081,306.402,0,0.6973,0.7378,1.0152,46.619,-227.07,266.59,287.98,1.052
1777025920985786061,306.505,0,0.6338,0.7959,1.0174,51.466,-329.05,293.27,316.80,3.743
1777025921081752662,306.601,0,0.5862,0.8392,1.0237,55.065,-419.90,317.09,342.54,0.318
1777025921181422144,306.701,0,0.5321,0.8808,1.0290,58.865,-535.49,349.36,377.40,0.148
1777025921282971917,306.802,0,0.4770,0.9238,1.0397,62.694,-680.83,389.73,421.01,1.001
1777025921381780687,306.901,0,0.4143,0.9627,1.0481,66.714,-880.45,448.64,484.64,0.060
1777025921481680166,307.001,0,0.3551,0.9940,1.0555,70.339,-1125.90,523.43,565.43,0.150
1777025921582226377,307.101,0,0.2964,1.0176,1.0598,73.763,-1453.64,627.24,677.57,0.303
1777025921681442531,307.201,0,0.2400,1.0375,1.0649,76.973,-1912.36,774.39,836.53,0.990
1777025921784286937,307.303,0,0.1762,1.0613,1.0758,80.575,-2791.33,1055.18,1139.86,0.615
1777025921881256081,307.400,0,0.1116,1.0801,1.0858,84.100,-4677.60,1665.54,1799.20,0.965
1777025921981862014,307.501,0,0.0480,1.1024,1.1034,87.506,nan,nan,nan,0.765
1777025922080686099,307.600,0,-0.0208,1.1219,1.1221,91.061,nan,nan,nan,2.707
1777025922182285131,307.701,0,-0.0813,1.1369,1.1398,94.092,nan,nan,nan,4.359
1777025922281457026,307.801,0,-0.1413,1.1549,1.1635,96.975,nan,nan,nan,2.316
1777025922380476868,307.900,0,-0.1976,1.1705,1.1870,99.584,nan,nan,nan,2.465
1777025922479447487,307.999,0,-0.2534,1.1851,1.2119,102.070,nan,nan,nan,3.624
1777025922580244140,308.099,0,-0.2976,1.2011,1.2375,103.917,nan,nan,nan,2.664
1777025922680762834,308.200,0,-0.3385,1.2190,1.2651,105.521,nan,nan,nan,2.351
1777025922781531617,308.301,0,-0.3753,1.2339,1.2897,106.917,nan,nan,nan,1.729
1777025922879615507,308.399,0,-0.4099,1.2464,1.3120,108.204,nan,nan,nan,4.583
1777025922981229168,308.500,0,-0.4521,1.2615,1.3400,109.718,nan,nan,nan,2.102
1777025923079576647,308.599,0,-0.4825,1.2742,1.3625,110.739,nan,nan,nan,4.312
1777025923180524317,308.700,0,-0.5234,1.2887,1.3910,112.105,nan,nan,nan,2.964
1777025923283895716,308.803,0,-0.5827,1.2926,1.4179,114.267,nan,nan,nan,0.186
1777025923379705856,308.899,0,-0.6628,1.2828,1.4440,117.325,nan,nan,nan,3.954
1777025923480096144,308.999,0,-0.7409,1.2676,1.4683,120.305,nan,nan,nan,3.969
1777025923583567320,309.103,0,-0.8143,1.2503,1.4921,123.076,nan,nan,nan,0.437
1777025923681543600,309.201,0,-0.8891,1.2295,1.5173,125.871,nan,nan,nan,2.129
1777025923782921542,309.302,0,-0.9650,1.2055,1.5442,128.677,nan,nan,nan,1.595
1777025923884478148,309.404,0,-1.0399,1.1791,1.5722,131.409,nan,nan,nan,0.128
1777025923980125920,309.499,0,-1.1083,1.1514,1.5981,133.905,nan,nan,nan,3.650
1777025924081548454,309.601,0,-1.1725,1.1261,1.6257,136.158,nan,nan,nan,3.359
1777025924181727133,309.701,0,-1.2466,1.0918,1.6571,138.788,nan,nan,nan,3.771
1777025924280074742,309.799,0,-1.3048,1.0636,1.6834,140.816,nan,nan,nan,2.733
1777025924381353926,309.900,0,-1.3701,1.0252,1.7112,143.194,nan,nan,nan,3.492
1777025924481423403,310.001,0,-1.4417,0.9814,1.7440,145.756,nan,nan,nan,4.288
1777025924579517756,310.099,0,-1.5067,0.9251,1.7680,148.450,nan,nan,nan,1.996
1777025924678758521,310.198,0,-1.5985,0.8161,1.7948,152.954,nan,nan,nan,2.083
1777025924778464854,310.298,0,-1.7035,0.6350,1.8179,159.557,nan,nan,nan,1.746
1777025924881543127,310.401,0,-1.7927,0.4263,1.8427,166.623,nan,nan,nan,3.499
1777025924980408322,310.500,0,-1.8482,0.2473,1.8646,172.379,nan,nan,nan,3.178
1777025925077094173,310.596,0,-1.8872,0.0553,1.8880,178.321,nan,nan,nan,0.310
1777025925177667681,310.697,0,-1.9069,-0.1321,1.9115,-176.036,nan,nan,nan,1.375
1777025925278870033,310.798,0,-1.9053,-0.3343,1.9344,-170.048,nan,nan,nan,1.138
1777025925378671161,310.898,0,-1.8765,-0.5552,1.9569,-163.519,nan,nan,nan,1.227
1777025925481877099,311.001,0,-1.8573,-0.6933,1.9825,-159.531,nan,nan,nan,4.105
1777025925580236319,311.099,0,-1.8676,-0.7406,2.0091,-158.369,nan,nan,nan,2.658
1777025925678947072,311.198,0,-1.9015,-0.7350,2.0387,-158.866,nan,nan,nan,1.706
1777025925779821464,311.299,0,-1.9419,-0.7119,2.0682,-159.868,nan,nan,nan,1.354
1777025925881851565,311.401,0,-1.9756,-0.7036,2.0971,-160.398,nan,nan,nan,1.927
1777025925982504627,311.502,0,-2.0116,-0.6901,2.1267,-161.064,nan,nan,nan,3.917
1777025926081510210,311.601,0,-2.0423,-0.6819,2.1532,-161.538,nan,nan,nan,3.433
1777025926182284104,311.701,0,-2.0742,-0.6737,2.1809,-162.006,nan,nan,nan,3.637
1777025926279237767,311.798,0,-2.1129,-0.6290,2.2046,-163.422,nan,nan,nan,0.570
1777025926379106968,311.898,0,-2.1389,-0.6516,2.2359,-163.056,nan,nan,nan,0.916
1777025926479551144,311.999,0,-2.1761,-0.6048,2.2586,-164.468,nan,nan,nan,1.273
1777025926583722255,312.103,0,-2.2073,-0.5958,2.2863,-164.895,nan,nan,nan,4.106
1777025926681481353,312.201,0,-2.2349,-0.5945,2.3126,-165.103,nan,nan,nan,2.281
1777025926779707723,312.299,0,-2.2658,-0.5548,2.3327,-166.241,nan,nan,nan,0.623
1777025926880941333,312.400,0,-2.2937,-0.5546,2.3598,-166.407,nan,nan,nan,1.540
1777025926981979243,312.501,0,-2.3208,-0.5756,2.3912,-166.070,nan,nan,nan,3.237
1777025927079521917,312.599,0,-2.3458,-0.5597,2.4117,-166.580,nan,nan,nan,0.231
1777025927182411489,312.702,0,-2.3793,-0.5489,2.4418,-167.009,nan,nan,nan,3.085
1777025927279734129,312.799,0,-2.4044,-0.5352,2.4633,-167.451,nan,nan,nan,0.323
1777025927380388098,312.899,0,-2.4269,-0.5090,2.4797,-168.154,nan,nan,nan,1.503
1777025927481341823,313.000,0,-2.4465,-0.4997,2.4970,-168.455,nan,nan,nan,2.111
1777025927584048175,313.103,0,-2.4643,-0.4935,2.5132,-168.675,nan,nan,nan,3.230
1777025927683234441,313.202,0,-2.4672,-0.5365,2.5248,-167.732,nan,nan,nan,2.017
1777025927782030803,313.301,0,-2.4527,-0.6307,2.5325,-165.578,nan,nan,nan,0.454
1777025927884876838,313.404,0,-2.4277,-0.7375,2.5372,-163.102,nan,nan,nan,4.676
1777025927980025079,313.499,0,-2.3630,-0.9282,2.5388,-158.555,nan,nan,nan,0.717
1777025928083433200,313.603,0,-2.2836,-1.1075,2.5380,-154.126,nan,nan,nan,3.185
1777025928183708063,313.703,0,-2.1860,-1.2857,2.5361,-149.538,nan,nan,nan,2.617
1777025928282445093,313.802,0,-2.0510,-1.4855,2.5325,-144.085,nan,nan,nan,1.119
1777025928385216704,313.904,0,-1.8946,-1.6755,2.5291,-138.512,nan,nan,nan,1.852
1777025928481344414,314.000,0,-1.7193,-1.8459,2.5226,-132.966,nan,nan,nan,1.771
1777025928582998649,314.102,0,-1.6002,-1.9324,2.5090,-129.627,nan,nan,nan,0.206
1777025928686533027,314.206,0,-1.5399,-1.9592,2.4920,-128.167,nan,nan,nan,4.397
1777025928783430025,314.303,0,-1.5276,-1.9466,2.4744,-128.123,nan,nan,nan,0.790
1777025928883206560,314.402,0,-1.5108,-1.9385,2.4577,-127.932,nan,nan,nan,0.209
1777025928984391023,314.503,0,-1.4886,-1.9350,2.4414,-127.571,nan,nan,nan,2.043
1777025929082563301,314.602,0,-1.4691,-1.9301,2.4256,-127.277,nan,nan,nan,0.306
1777025929181437570,314.701,0,-1.4478,-1.9286,2.4115,-126.896,nan,nan,nan,1.556
1777025929282369166,314.801,0,-1.4219,-1.9280,2.3956,-126.409,nan,nan,nan,0.285
1777025929382584085,314.902,0,-1.3955,-1.9293,2.3811,-125.879,nan,nan,nan,1.292
1777025929482636062,315.002,0,-1.3673,-1.9309,2.3660,-125.304,nan,nan,nan,0.939
1777025929581513831,315.101,0,-1.3357,-1.9321,2.3489,-124.657,nan,nan,nan,1.813
1777025929683154733,315.202,0,-1.3065,-1.9334,2.3334,-124.048,nan,nan,nan,0.744
1777025929782817271,315.302,0,-1.2769,-1.9345,2.3179,-123.428,nan,nan,nan,2.085
1777025929881717632,315.401,0,-1.2624,-1.9345,2.3099,-123.128,nan,nan,nan,3.355
1777025929984295078,315.503,0,-1.2569,-1.9346,2.3070,-123.012,nan,nan,nan,0.326
1777025930083764488,315.603,0,-1.2584,-1.9346,2.3079,-123.043,nan,nan,nan,0.304
1777025930182386112,315.701,0,-1.2587,-1.9345,2.3079,-123.050,nan,nan,nan,1.590
1777025930282893472,315.802,0,-1.2585,-1.9345,2.3078,-123.047,nan,nan,nan,1.976
1777025930383144262,315.902,0,-1.2584,-1.9346,2.3078,-123.042,nan,nan,nan,0.542
1777025930483613456,316.003,0,-1.2585,-1.9345,2.3078,-123.047,nan,nan,nan,0.517
1777025930584977102,316.104,0,-1.2586,-1.9344,2.3078,-123.050,nan,nan,nan,0.798
1777025930682656571,316.202,0,-1.2587,-1.9344,2.3078,-123.051,nan,nan,nan,1.555
1777025930781386360,316.300,0,-1.2585,-1.9345,2.3078,-123.047,nan,nan,nan,2.936
1777025930881451744,316.401,0,-1.2587,-1.9344,2.3078,-123.052,nan,nan,nan,4.659
1777025930982407191,316.502,0,-1.2585,-1.9345,2.3078,-123.046,nan,nan,nan,5.154
1777025931084924860,316.604,0,-1.2587,-1.9344,2.3078,-123.051,nan,nan,nan,0.451
1777025931181592749,316.701,0,-1.2585,-1.9345,2.3078,-123.045,nan,nan,nan,4.207
1777025931281293379,316.800,0,-1.2586,-1.9344,2.3079,-123.050,nan,nan,nan,3.579
1777025931385178383,316.904,0,-1.2586,-1.9344,2.3078,-123.050,nan,nan,nan,0.665
1777025931483687230,317.003,0,-1.2586,-1.9344,2.3078,-123.050,nan,nan,nan,2.918
1777025931585286670,317.104,0,-1.2588,-1.9343,2.3078,-123.057,nan,nan,nan,0.506
1777025931682738364,317.202,0,-1.2587,-1.9343,2.3078,-123.053,nan,nan,nan,4.735
1777025931784922351,317.304,0,-1.2586,-1.9344,2.3078,-123.050,nan,nan,nan,1.009
1777025931883003464,317.402,0,-1.2585,-1.9345,2.3078,-123.047,nan,nan,nan,3.417
1777025931982272154,317.501,0,-1.2585,-1.9345,2.3078,-123.046,nan,nan,nan,4.062
1777025932082172114,317.601,0,-1.2586,-1.9344,2.3078,-123.049,nan,nan,nan,3.818
1777025932182063167,317.701,0,-1.2586,-1.9344,2.3078,-123.051,nan,nan,nan,4.303
1777025932284036898,317.803,0,-1.2587,-1.9344,2.3078,-123.052,nan,nan,nan,3.385
1777025932382444395,317.902,0,-1.2586,-1.9344,2.3078,-123.049,nan,nan,nan,3.717
1777025932483642062,318.003,0,-1.2586,-1.9344,2.3078,-123.050,nan,nan,nan,3.108
1777025932582789865,318.102,0,-1.2586,-1.9344,2.3078,-123.049,nan,nan,nan,3.991
1777025932682584271,318.202,0,-1.2587,-1.9344,2.3078,-123.052,nan,nan,nan,3.529
1777025932781876627,318.301,0,-1.2587,-1.9344,2.3078,-123.051,nan,nan,nan,4.100
1777025932881388870,318.400,0,-1.2585,-1.9345,2.3078,-123.046,nan,nan,nan,3.071
1777025932985029303,318.504,0,-1.2587,-1.9344,2.3078,-123.052,nan,nan,nan,2.378
1777025933083459652,318.603,0,-1.2569,-1.9358,2.3080,-122.996,nan,nan,nan,4.763
1777025933181380173,318.700,0,-1.2586,-1.9344,2.3078,-123.050,nan,nan,nan,2.195
1777025933283208203,318.802,0,-1.2585,-1.9345,2.3078,-123.046,nan,nan,nan,5.058
1777025933382208766,318.901,0,-1.2584,-1.9346,2.3078,-123.043,nan,nan,nan,2.388
1777025933482634942,319.002,0,-1.2587,-1.9344,2.3078,-123.052,nan,nan,nan,3.709
1777025933582824658,319.102,0,-1.2585,-1.9345,2.3078,-123.046,nan,nan,nan,3.012
1777025933683121410,319.202,0,-1.2586,-1.9344,2.3078,-123.049,nan,nan,nan,3.801
1777025933784767812,319.304,0,-1.2587,-1.9343,2.3078,-123.052,nan,nan,nan,3.393
1777025933882199210,319.401,0,-1.2587,-1.9343,2.3078,-123.053,nan,nan,nan,3.347
1777025933982913586,319.502,0,-1.2585,-1.9345,2.3078,-123.047,nan,nan,nan,3.275
1777025934083920199,319.603,0,-1.2587,-1.9344,2.3078,-123.052,nan,nan,nan,4.967
1777025934183397128,319.702,0,-1.2587,-1.9343,2.3078,-123.054,nan,nan,nan,4.744
1777025934285061529,319.804,0,-1.2586,-1.9344,2.3078,-123.051,nan,nan,nan,3.769
1777025934384748233,319.904,0,-1.2558,-1.9343,2.3062,-122.991,nan,nan,nan,4.861
1777025934484547028,320.004,0,-1.2526,-1.9346,2.3047,-122.921,nan,nan,nan,4.505
1777025934580901476,320.100,0,-1.2533,-1.9346,2.3051,-122.936,nan,nan,nan,1.617
1777025934680879509,320.200,0,-1.2537,-1.9346,2.3053,-122.945,nan,nan,nan,0.621
1777025934782992461,320.302,0,-1.2536,-1.9345,2.3052,-122.944,nan,nan,nan,3.219
1777025934884047111,320.403,0,-1.2536,-1.9346,2.3052,-122.942,nan,nan,nan,2.897
1777025934984774283,320.504,0,-1.2520,-1.9359,2.3054,-122.892,nan,nan,nan,4.028
1777025935084051418,320.603,0,-1.2535,-1.9346,2.3052,-122.941,nan,nan,nan,2.229
1777025935182581821,320.702,0,-1.2537,-1.9344,2.3052,-122.948,nan,nan,nan,1.507
1777025935282037175,320.801,0,-1.2536,-1.9346,2.3052,-122.943,nan,nan,nan,1.842
1777025935381608010,320.901,0,-1.2535,-1.9346,2.3052,-122.942,nan,nan,nan,0.462
1777025935485062130,321.004,0,-1.2536,-1.9345,2.3052,-122.944,nan,nan,nan,3.346
1777025935581994757,321.101,0,-1.2536,-1.9345,2.3052,-122.945,nan,nan,nan,1.235
1777025935681699442,321.201,0,-1.2537,-1.9345,2.3052,-122.946,nan,nan,nan,0.295
1777025935786807245,321.306,0,-1.2536,-1.9346,2.3052,-122.942,nan,nan,nan,2.187
1777025935883883222,321.403,0,-1.2521,-1.9357,2.3054,-122.898,nan,nan,nan,2.324
1777025935982137906,321.501,0,-1.2522,-1.9357,2.3054,-122.897,nan,nan,nan,1.304
1777025936082519934,321.602,0,-1.2520,-1.9359,2.3054,-122.892,nan,nan,nan,1.453
1777025936183586917,321.703,0,-1.2537,-1.9345,2.3052,-122.946,nan,nan,nan,2.101
1777025936283499563,321.803,0,-1.2536,-1.9346,2.3052,-122.943,nan,nan,nan,2.211
1777025936381853357,321.901,0,-1.2538,-1.9345,2.3052,-122.949,nan,nan,nan,0.554
1777025936484134029,322.003,0,-1.2536,-1.9345,2.3052,-122.945,nan,nan,nan,1.651
1777025936583996804,322.103,0,-1.2537,-1.9345,2.3052,-122.945,nan,nan,nan,2.322
1777025936683498640,322.203,0,-1.2536,-1.9346,2.3052,-122.943,nan,nan,nan,1.011
1777025936782891199,322.302,0,-1.2536,-1.9346,2.3052,-122.943,nan,nan,nan,0.983
1777025936886984719,322.406,0,-1.2536,-1.9345,2.3052,-122.944,nan,nan,nan,3.424
1777025936981343525,322.500,0,-1.2519,-1.9358,2.3054,-122.891,nan,nan,nan,1.442
1777025937083190035,322.602,0,-1.2443,-1.9409,2.3055,-122.665,nan,nan,nan,0.385
1777025937182549761,322.702,0,-1.2484,-1.9436,2.3100,-122.714,nan,nan,nan,1.515
1777025937284422605,322.804,0,-1.2677,-1.9425,2.3196,-123.129,nan,nan,nan,3.416
1777025937384460489,322.904,0,-1.2857,-1.9485,2.3345,-123.417,nan,nan,nan,2.685
1777025937482637693,323.002,0,-1.2921,-1.9588,2.3466,-123.410,nan,nan,nan,1.785
1777025937582171954,323.101,0,-1.3253,-1.9448,2.3535,-124.271,nan,nan,nan,0.523
1777025937681768362,323.201,0,-1.3507,-1.9355,2.3602,-124.910,nan,nan,nan,0.595
1777025937784146125,323.303,0,-1.3611,-1.9339,2.3649,-125.139,nan,nan,nan,2.637
1777025937882461809,323.402,0,-1.3830,-1.9342,2.3777,-125.565,nan,nan,nan,0.961
1777025937982010403,323.501,0,-1.3986,-1.9365,2.3887,-125.837,nan,nan,nan,0.214
1777025938080700619,323.600,0,-1.4223,-1.9254,2.3937,-126.453,nan,nan,nan,1.091
1777025938183186029,323.702,0,-1.4161,-1.9446,2.4056,-126.063,nan,nan,nan,1.515
1777025938283387226,323.802,0,-1.4694,-1.9159,2.4145,-127.486,nan,nan,nan,1.536
1777025938380783514,323.900,0,-1.5538,-1.8559,2.4204,-129.937,nan,nan,nan,1.224
1777025938483144851,324.002,0,-1.6498,-1.7804,2.4273,-132.821,nan,nan,nan,1.101
1777025938584632199,324.104,0,-1.8017,-1.6342,2.4324,-137.791,nan,nan,nan,2.132
1777025938685673146,324.205,0,-1.9758,-1.4242,2.4356,-144.214,nan,nan,nan,3.454
1777025938788042279,324.307,0,-2.1211,-1.2110,2.4424,-150.277,nan,nan,nan,3.713
1777025938885459770,324.405,0,-2.2274,-1.0137,2.4472,-155.530,nan,nan,nan,2.791
1777025938985383082,324.504,0,-2.3253,-0.7745,2.4509,-161.577,nan,nan,nan,2.672
1777025939083405009,324.603,0,-2.3965,-0.5415,2.4569,-167.268,nan,nan,nan,0.391
1777025939184328772,324.703,0,-2.4437,-0.2958,2.4615,-173.097,nan,nan,nan,1.278
1777025939287480489,324.807,0,-2.4681,-0.0339,2.4683,-179.212,nan,nan,nan,3.943
1777025939381580927,324.901,0,-2.4501,0.2944,2.4677,173.149,nan,nan,nan,2.375
1777025939483330180,325.002,0,-2.3624,0.6968,2.4630,163.567,nan,nan,nan,0.032
1777025939580966131,325.100,0,-2.2250,1.0473,2.4592,154.793,nan,nan,nan,1.883
1777025939680843073,325.200,0,-2.0243,1.3835,2.4519,145.650,nan,nan,nan,2.873
1777025939788724769,325.308,0,-1.7812,1.6775,2.4468,136.717,nan,nan,nan,4.262
1777025939880185277,325.399,0,-1.5667,1.8739,2.4426,129.897,nan,nan,nan,3.649
1777025939982134786,325.501,0,-1.2737,2.0815,2.4403,121.462,nan,nan,nan,4.047
1777025940084189127,325.603,0,-1.1139,2.1694,2.4387,117.179,nan,nan,nan,0.371
1777025940180255838,325.699,0,-1.0519,2.1971,2.4359,115.584,nan,nan,nan,3.591
1777025940284145453,325.803,0,-1.0130,2.2165,2.4370,114.561,nan,nan,nan,0.102
1777025940382087086,325.901,0,-0.9534,2.2442,2.4383,113.017,nan,nan,nan,2.361
1777025940484007947,326.003,0,-0.9036,2.2657,2.4392,111.744,nan,nan,nan,0.521
1777025940584428975,326.104,0,-0.9223,2.2623,2.4431,112.180,nan,nan,nan,0.196
1777025940684868318,326.204,0,-0.9398,2.2557,2.4437,112.618,nan,nan,nan,0.438
1777025940783318555,326.302,0,-0.9671,2.2416,2.4413,113.338,nan,nan,nan,1.285
1777025940882691744,326.402,0,-0.9526,2.2507,2.4440,112.939,nan,nan,nan,1.906
1777025940983519656,326.503,0,-0.9559,2.2527,2.4471,112.993,nan,nan,nan,1.348
1777025941086043862,326.605,0,-0.9760,2.2474,2.4502,113.474,nan,nan,nan,0.887
1777025941182566919,326.702,0,-0.9849,2.2484,2.4547,113.656,nan,nan,nan,2.126
1777025941282285307,326.801,0,-0.9659,2.2661,2.4633,113.086,nan,nan,nan,5.139
1777025941384540424,326.904,0,-0.9357,2.2829,2.4672,112.287,nan,nan,nan,1.357
1777025941481833897,327.001,0,-0.9084,2.2912,2.4647,111.626,nan,nan,nan,3.088
1777025941586292746,327.105,0,-0.8669,2.3115,2.4687,110.558,nan,nan,nan,1.327
1777025941682069572,327.201,0,-0.8376,2.3258,2.4720,109.805,nan,nan,nan,3.736
1777025941783993859,327.303,0,-0.8222,2.3368,2.4773,109.384,nan,nan,nan,1.357
1777025941883826617,327.403,0,-0.7815,2.3594,2.4855,108.327,nan,nan,nan,3.557
1777025941985899050,327.505,0,-0.7772,2.3666,2.4910,108.181,nan,nan,nan,0.165
1777025942082920750,327.602,0,-0.7231,2.3968,2.5034,106.788,nan,nan,nan,3.582
1777025942186111818,327.705,0,-0.6805,2.4151,2.5092,105.735,nan,nan,nan,0.429
1777025942283585789,327.803,0,-0.6553,2.4297,2.5165,105.095,nan,nan,nan,2.795
1777025942382882442,327.902,0,-0.6623,2.4363,2.5247,105.207,nan,nan,nan,2.809
1777025942483176879,328.002,0,-0.6292,2.4551,2.5344,104.375,nan,nan,nan,3.262
1777025942583942310,328.103,0,-0.6337,2.4631,2.5433,104.429,nan,nan,nan,2.867
1777025942680274647,328.199,0,-0.6016,2.4807,2.5526,103.632,nan,nan,nan,1.824
1777025942782624096,328.302,0,-0.4522,2.5204,2.5606,100.173,nan,nan,nan,4.022
1777025942884053019,328.403,0,-0.2926,2.5514,2.5681,96.543,nan,nan,nan,2.634
1777025942983542799,328.503,0,-0.1722,2.5683,2.5741,93.836,nan,nan,nan,3.408
1777025943083293039,328.602,0,-0.0526,2.5797,2.5803,91.168,nan,nan,nan,3.703
1777025943184426095,328.704,0,0.0765,2.5862,2.5873,88.305,-17132.01,2429.26,2624.20,3.028
1777025943283591176,328.803,0,0.1745,2.5859,2.5918,86.139,-7332.39,1065.22,1150.70,4.184
1777025943381668269,328.901,0,0.2121,2.5888,2.5974,85.317,-5984.29,876.59,946.93,2.801
1777025943482796270,329.002,0,0.1634,2.5985,2.6036,86.402,-7891.83,1137.59,1228.88,2.209
1777025943584116232,329.103,0,0.1131,2.6085,2.6110,87.517,-11588.74,1643.41,1775.29,3.454
1777025943682407767,329.202,0,0.0777,2.6174,2.6186,88.301,-17084.86,2393.76,2585.85,3.479
1777025943780577712,329.300,0,0.0328,2.6258,2.6260,89.284,nan,nan,nan,0.422
1777025943882481925,329.402,0,-0.0026,2.6342,2.6342,90.056,nan,nan,nan,2.425
1777025943980974328,329.500,0,-0.0399,2.6435,2.6438,90.864,nan,nan,nan,1.073
1777025944084969090,329.604,0,-0.0783,2.6535,2.6547,91.691,nan,nan,nan,3.843
1777025944181683997,329.701,0,-0.1119,2.6611,2.6634,92.407,nan,nan,nan,2.263
1777025944286092624,329.805,0,-0.1452,2.6727,2.6766,93.110,nan,nan,nan,2.329
1777025944384441844,329.904,0,-0.1733,2.6822,2.6878,93.698,nan,nan,nan,4.284
1777025944484760096,330.004,0,-0.2052,2.6932,2.7010,94.358,nan,nan,nan,3.314
1777025944583669938,330.103,0,-0.1529,2.7077,2.7120,93.233,nan,nan,nan,3.630
1777025944685197045,330.204,0,0.0442,2.7236,2.7239,89.070,nan,nan,nan,3.096
1777025944782899588,330.302,0,0.2180,2.7235,2.7322,85.423,-6131.30,852.67,921.10,2.732
1777025944883444504,330.403,0,0.3670,2.7152,2.7399,82.302,-3500.64,506.48,547.12,2.109
1777025944983601090,330.503,0,0.5273,2.6965,2.7476,78.936,-2321.39,352.55,380.84,2.192
1777025945084187264,330.603,0,0.6774,2.6697,2.7543,75.763,-1715.78,274.42,296.44,3.553
1777025945182668983,330.702,0,0.7901,2.6442,2.7597,73.363,-1408.68,235.26,254.14,1.690
1777025945282100134,330.801,0,0.8019,2.6446,2.7635,73.132,-1383.62,231.81,250.41,0.923
1777025945383787239,330.903,0,0.8258,2.6424,2.7684,72.645,-1332.93,225.10,243.16,1.277
1777025945482849432,331.002,0,0.9143,2.6250,2.7797,70.796,-1163.12,203.30,219.61,2.268
1777025945582072197,331.101,0,1.0215,2.5938,2.7877,68.505,-991.85,181.98,196.58,0.941
1777025945682673908,331.202,0,1.1151,2.5615,2.7937,66.475,-866.78,166.69,180.07,1.777
1777025945781123923,331.300,0,1.2184,2.5178,2.7971,64.178,-747.76,152.57,164.81,0.456
1777025945883449946,331.403,0,1.3774,2.4381,2.8003,60.537,-594.69,134.95,145.78,2.287
1777025945983689068,331.503,0,1.5450,2.3351,2.8000,56.509,-461.09,120.31,129.97,2.461
1777025946082851723,331.602,0,1.6893,2.2301,2.7977,52.857,-362.37,110.04,118.87,1.571
1777025946183010736,331.702,0,1.8225,2.1159,2.7926,49.262,-280.19,102.00,110.18,1.592
1777025946282383813,331.801,0,1.9564,1.9840,2.7864,45.402,-204.33,95.01,102.64,0.740
1777025946384298545,331.903,0,2.0655,1.8590,2.7789,41.988,-145.42,89.99,97.21,1.718
1777025946485097383,332.004,0,2.0886,1.8131,2.7658,40.962,-128.94,89.00,96.14,3.092
1777025946586477751,332.106,0,2.0756,1.7990,2.7467,40.916,-128.23,89.56,96.74,4.278
1777025946683740744,332.203,0,2.0878,1.7703,2.7373,40.295,-118.52,89.03,96.18,1.639
1777025946783163636,332.302,0,2.0811,1.7571,2.7237,40.175,-116.66,89.32,96.49,0.829
1777025946884869963,332.404,0,2.0730,1.7401,2.7065,40.011,-114.14,89.67,96.87,3.122
1777025946985563432,332.505,0,2.0647,1.7212,2.6880,39.816,-111.15,90.03,97.26,3.220
1777025947086384863,332.605,0,2.0716,1.6915,2.6745,39.232,-102.30,89.73,96.93,4.079
1777025947183642133,332.703,0,2.0509,1.6895,2.6572,39.481,-106.05,90.63,97.91,1.179
1777025947280145487,332.799,0,2.0371,1.6806,2.6409,39.521,-106.66,91.25,98.57,3.025
1777025947382042978,332.901,0,2.0245,1.6650,2.6212,39.434,-105.35,91.82,99.19,2.145
1777025947481487777,333.001,0,2.0138,1.6554,2.6069,39.421,-105.15,92.30,99.71,1.327
1777025947582102544,333.101,0,1.9924,1.6537,2.5893,39.694,-109.29,93.30,100.79,0.445
1777025947683627632,333.203,0,1.9846,1.6369,2.5725,39.516,-106.59,93.67,101.18,0.367
1777025947782207535,333.301,0,1.9653,1.6342,2.5560,39.744,-110.05,94.58,102.17,1.976
1777025947881956237,333.401,0,1.9515,1.6284,2.5417,39.844,-111.57,95.25,102.90,2.134
1777025947982603929,333.502,0,1.9315,1.6275,2.5258,40.118,-115.78,96.24,103.96,3.574
1777025948082533908,333.602,0,1.9197,1.6198,2.5118,40.157,-116.38,96.83,104.60,0.761
1777025948183263061,333.702,0,1.9062,1.6151,2.4984,40.274,-118.19,97.52,105.34,0.337
1777025948280979382,333.800,0,1.8901,1.6106,2.4833,40.436,-120.70,98.35,106.24,2.489
1777025948384282337,333.903,0,1.8757,1.6063,2.4695,40.575,-122.87,99.10,107.05,0.563
1777025948480354548,333.999,0,1.8644,1.6033,2.4590,40.693,-124.71,99.70,107.70,4.659
1777025948582763274,334.102,0,1.8509,1.5971,2.4447,40.790,-126.24,100.43,108.49,1.542
1777025948680305782,334.199,0,1.8405,1.5929,2.4341,40.875,-127.57,100.99,109.10,4.037
1777025948783832920,334.303,0,1.8199,1.5930,2.4187,41.197,-132.67,102.14,110.33,1.029
1777025948882776762,334.402,0,1.8004,1.5949,2.4052,41.536,-138.10,103.24,111.53,1.554
1777025948982952071,334.502,0,1.7820,1.5982,2.3937,41.887,-143.78,104.31,112.68,1.207
1777025949082156392,334.601,0,1.7628,1.6017,2.3818,42.259,-149.87,105.45,113.91,2.351
1777025949184682431,334.704,0,1.7455,1.6048,2.3711,42.594,-155.41,106.49,115.04,0.250
1777025949280978176,334.800,0,1.7233,1.6104,2.3586,43.060,-163.20,107.86,116.52,3.802
1777025949382888593,334.902,0,1.7124,1.6080,2.3491,43.199,-165.56,108.55,117.26,1.837
1777025949489850041,335.009,0,1.6829,1.6229,2.3379,43.960,-178.63,110.46,119.32,4.147
1777025949581994411,335.101,0,1.6649,1.6266,2.3276,44.333,-185.15,111.65,120.61,3.340
1777025949683575925,335.203,0,1.6466,1.6317,2.3182,44.739,-192.36,112.89,121.95,2.309
1777025949782916947,335.302,0,1.6282,1.6388,2.3101,45.185,-200.40,114.17,123.33,2.342
1777025949882282285,335.401,0,1.6126,1.6407,2.3005,45.496,-206.05,115.27,124.52,3.150
1777025949982155893,335.501,0,1.6200,1.6223,2.2927,45.040,-197.77,114.74,123.95,3.112
1777025950080688055,335.600,0,1.6852,1.5519,2.2909,42.643,-156.21,110.31,119.16,3.706
1777025950182738378,335.702,0,1.7645,1.4507,2.2843,39.427,-105.23,105.35,113.80,2.865
1777025950281973939,335.801,0,1.8151,1.3758,2.2776,37.161,-72.07,102.41,110.63,4.419
1777025950379252117,335.898,0,1.8693,1.2895,2.2710,34.599,-36.89,99.44,107.42,1.080
1777025950482189799,336.001,0,1.9247,1.1918,2.2638,31.767,-0.43,96.58,104.33,3.899
1777025950583397299,336.102,1,2.0013,1.0471,2.2587,27.620,49.13,92.88,100.34,3.224
1777025950682892042,336.202,1,2.0983,0.8127,2.2502,21.171,119.32,88.59,95.70,3.680
1777025950782264323,336.301,1,2.1319,0.7153,2.2487,18.547,146.06,87.19,94.19,4.143
1777025950885591297,336.405,1,2.1976,0.4361,2.2404,11.224,216.84,84.59,91.37,1.984
1777025950983089620,336.502,1,2.2201,0.2624,2.2355,6.740,258.28,83.73,90.45,4.116
1777025951082240793,336.601,1,2.2232,0.1940,2.2317,4.986,274.26,83.61,90.32,3.686
1777025951183453756,336.703,1,2.2244,-0.0129,2.2244,-0.333,322.31,83.57,90.27,3.552
1777025951284961641,336.804,1,2.2116,-0.1967,2.2204,-5.083,365.23,84.05,90.79,1.429
1777025951382049432,336.901,1,2.1862,-0.3635,2.2162,-9.441,405.16,85.03,91.85,2.813
1777025951487477232,337.007,1,2.1404,-0.5609,2.2126,-14.685,454.61,86.85,93.82,0.715
1777025951583428241,337.103,1,2.0785,-0.7427,2.2072,-19.663,503.80,89.43,96.61,3.938
1777025951684856238,337.204,1,2.0079,-0.9072,2.2033,-24.315,552.60,92.58,100.01,3.395
1777025951783318382,337.302,1,1.9176,-1.0753,2.1985,-29.280,608.82,96.93,104.71,4.027
1777025951884165313,337.403,0,1.8155,-1.2366,2.1967,-34.261,671.01,102.39,110.60,3.809
1777025951983141025,337.502,0,1.7079,-1.3785,2.1948,-38.908,736.05,108.84,117.57,3.418
1777025952082609602,337.602,0,1.5812,-1.5199,2.1932,-43.867,815.61,117.56,126.99,0.776
1777025952184790719,337.704,0,1.4307,-1.6611,2.1923,-49.262,918.80,129.93,140.35,2.740
1777025952283105754,337.802,0,1.2872,-1.7752,2.1928,-54.055,1031.43,144.41,156.00,3.219
1777025952382832328,337.902,0,1.1403,-1.8790,2.1979,-58.748,1170.13,163.02,176.10,3.009
1777025952486395502,338.005,0,0.9793,-1.9658,2.1962,-63.520,1355.81,189.82,205.05,1.843
1777025952580671532,338.100,0,0.8453,-2.0344,2.2030,-67.438,1562.05,219.91,237.56,0.665
1777025952687659942,338.207,0,0.7013,-2.0975,2.2117,-71.514,1863.74,265.07,286.34,1.132
1777025952782488742,338.302,0,0.6006,-2.1348,2.2177,-74.287,2154.61,309.50,334.33,2.164
1777025952883179971,338.402,0,0.5354,-2.1540,2.2196,-76.043,2396.82,347.21,375.07,2.513
1777025952982649177,338.502,0,0.4790,-2.1686,2.2208,-77.544,2656.78,388.04,419.18,2.357
1777025953083104519,338.602,0,0.4258,-2.1819,2.2230,-78.958,2965.21,436.56,471.59,2.951
1777025953182285062,338.701,0,0.3610,-2.1926,2.2221,-80.651,3455.48,514.92,556.24,1.700
1777025953282279744,338.801,0,0.2961,-2.2000,2.2198,-82.335,4155.67,627.78,678.16,1.762
1777025953380655389,338.900,0,0.2329,-2.2059,2.2182,-83.972,5208.95,797.97,862.01,0.167
1777025953482847488,339.002,0,0.1707,-2.2082,2.2147,-85.579,6998.05,1088.85,1176.23,2.317
1777025953582486322,339.102,0,0.1069,-2.2069,2.2095,-87.228,10982.70,1739.48,1879.06,1.814
1777025953680629545,339.200,0,0.0490,-2.2038,2.2044,-88.727,nan,nan,nan,0.522
1777025953782802144,339.302,0,0.0058,-2.1980,2.1980,-89.848,nan,nan,nan,1.884
1777025953885217573,339.404,0,-0.0441,-2.1904,2.1909,-91.153,nan,nan,nan,3.444
1777025953984726057,339.504,0,-0.0622,-2.1827,2.1836,-91.632,nan,nan,nan,3.519
1777025954085923834,339.605,0,-0.1094,-2.1708,2.1736,-92.885,nan,nan,nan,2.847
1777025954184065668,339.703,0,-0.1390,-2.1589,2.1633,-93.683,nan,nan,nan,3.100
1777025954285208002,339.804,0,-0.1780,-2.1439,2.1512,-94.745,nan,nan,nan,3.680
1777025954384216158,339.903,0,-0.2207,-2.1269,2.1383,-95.924,nan,nan,nan,2.459
1777025954486843789,340.006,0,-0.2631,-2.1111,2.1274,-97.103,nan,nan,nan,2.980
1777025954583853951,340.103,0,-0.3005,-2.1001,2.1215,-98.144,nan,nan,nan,1.508
1777025954685875311,340.205,0,-0.3424,-2.0836,2.1115,-99.333,nan,nan,nan,3.113
1777025954784709914,340.304,0,-0.3848,-2.0647,2.1003,-100.556,nan,nan,nan,0.418
1777025954886125911,340.405,0,-0.4234,-2.0465,2.0899,-101.688,nan,nan,nan,3.406
1777025954985045995,340.504,0,-0.4555,-2.0287,2.0792,-102.654,nan,nan,nan,2.474
1777025955084887178,340.604,0,-0.5027,-2.0082,2.0701,-104.053,nan,nan,nan,1.964
1777025955184707028,340.704,0,-0.5420,-1.9865,2.0592,-105.262,nan,nan,nan,2.139
1777025955284363843,340.803,0,-0.5776,-1.9677,2.0507,-106.359,nan,nan,nan,1.595
1777025955383339463,340.902,0,-0.6081,-1.9486,2.0413,-107.332,nan,nan,nan,0.190
1777025955481484000,341.001,0,-0.6497,-1.9228,2.0296,-108.671,nan,nan,nan,0.972
1777025955579412318,341.099,0,-0.6610,-1.9102,2.0213,-109.087,nan,nan,nan,3.012
1777025955681855951,341.201,0,-0.6707,-1.8981,2.0131,-109.461,nan,nan,nan,0.850
1777025955779807046,341.299,0,-0.6703,-1.8905,2.0059,-109.523,nan,nan,nan,3.577
1777025955883498738,341.403,0,-0.6337,-1.8976,2.0006,-108.466,nan,nan,nan,0.099
1777025955982574004,341.502,0,-0.5789,-1.9047,1.9907,-106.906,nan,nan,nan,0.701
1777025956081333294,341.600,0,-0.5283,-1.9068,1.9786,-105.487,nan,nan,nan,1.840
1777025956182052225,341.701,0,-0.4585,-1.9109,1.9652,-103.493,nan,nan,nan,1.427
1777025956283061746,341.802,0,-0.3179,-1.9189,1.9450,-99.407,nan,nan,nan,0.024
1777025956382728931,341.902,0,-0.1125,-1.9051,1.9084,-93.378,nan,nan,nan,0.655
1777025956483222292,342.002,0,0.0728,-1.8728,1.8742,-87.775,13606.11,2554.13,2759.09,2.687
1777025956583282380,342.102,0,0.2397,-1.8245,1.8402,-82.517,4250.26,775.62,837.87,0.517
1777025956680706222,342.200,0,0.3563,-1.7764,1.8118,-78.658,2893.55,521.69,563.56,3.009
1777025956782689583,342.302,0,0.4246,-1.7208,1.7724,-76.139,2411.85,437.76,472.89,1.042
1777025956881770720,342.401,0,0.4225,-1.6837,1.7359,-75.913,2376.98,439.95,475.26,2.155
1777025956982816388,342.502,0,0.4229,-1.6476,1.7010,-75.603,2330.76,439.51,474.78,2.057
1777025957083139788,342.602,0,0.4226,-1.6208,1.6750,-75.387,2299.67,439.87,475.17,4.748
1777025957183470095,342.703,0,0.4195,-1.5954,1.6497,-75.270,2283.26,443.16,478.72,0.994
1777025957283187131,342.802,0,0.4165,-1.5668,1.6212,-75.115,2261.93,446.35,482.17,2.137
1777025957382654819,342.902,0,0.4107,-1.5415,1.5952,-75.080,2257.15,452.58,488.89,2.045
1777025957483444639,343.003,0,0.4035,-1.5156,1.5683,-75.092,2258.77,460.69,497.66,1.378
1777025957582249112,343.101,0,0.3937,-1.4903,1.5414,-75.201,2273.67,472.10,509.99,3.210
1777025957683152060,343.202,0,0.3958,-1.4622,1.5148,-74.852,2226.66,469.60,507.29,1.877
1777025957780947083,343.300,0,0.4206,-1.4302,1.4908,-73.613,2075.16,441.96,477.43,3.164
1777025957880990060,343.400,0,0.4584,-1.3895,1.4632,-71.740,1884.29,405.47,438.01,4.220
1777025957986521174,343.506,0,0.4764,-1.3511,1.4326,-70.578,1783.75,390.21,421.53,0.959
1777025958082518775,343.602,0,0.4960,-1.3146,1.4051,-69.327,1687.75,374.74,404.82,2.685
1777025958183602368,343.703,0,0.5231,-1.2724,1.3758,-67.652,1575.26,355.34,383.85,2.762
1777025958280980712,343.800,0,0.5257,-1.2428,1.3494,-67.072,1540.01,353.60,381.98,3.883
1777025958382218229,343.901,0,0.5160,-1.2131,1.3182,-66.959,1533.29,360.27,389.18,4.862
1777025958480491450,344.000,0,0.5119,-1.1858,1.2916,-66.650,1515.37,363.11,392.25,3.529
1777025958583045878,344.102,0,0.5051,-1.1540,1.2597,-66.362,1499.02,368.01,397.54,2.623
1777025958680115799,344.199,0,0.5027,-1.1275,1.2345,-65.970,1477.40,369.76,399.43,2.825
1777025958781432946,344.301,0,0.4940,-1.1000,1.2058,-65.815,1469.02,376.28,406.47,4.307
1777025958883948226,344.403,0,0.4941,-1.0665,1.1754,-65.141,1433.76,376.18,406.37,2.702
1777025958983154639,344.502,0,0.5012,-1.0313,1.1467,-64.080,1381.71,370.85,400.61,2.643
1777025959081821929,344.601,0,0.5015,-0.9963,1.1154,-63.281,1345.08,370.64,400.38,3.833
1777025959186519238,344.706,0,0.4783,-0.9574,1.0702,-63.456,1352.92,388.66,419.85,0.431
1777025959282483117,344.802,0,0.4472,-0.9314,1.0332,-64.353,1394.74,415.67,449.03,4.002
1777025959384135574,344.903,0,0.4167,-0.9086,0.9996,-65.366,1445.30,446.13,481.93,2.317
1777025959481215365,345.000,0,0.3840,-0.8892,0.9686,-66.644,1514.99,484.09,522.94,2.430
1777025959581526635,345.101,0,0.3460,-0.8705,0.9367,-68.323,1618.34,537.23,580.34,3.335
1777025959685157402,345.204,0,0.3053,-0.8525,0.9055,-70.297,1761.16,608.90,657.77,1.613
1777025959781081874,345.300,0,0.2690,-0.8387,0.8808,-72.218,1929.25,691.02,746.47,1.824
1777025959883485377,345.403,0,0.2288,-0.8232,0.8544,-74.470,2177.35,812.54,877.74,3.712
1777025959987228235,345.506,0,0.1895,-0.8105,0.8323,-76.843,2528.13,981.14,1059.88,0.278
1777025960082135867,345.601,0,0.1747,-0.7964,0.8154,-77.629,2673.50,1064.12,1149.51,3.255
1777025960183038112,345.702,0,0.1478,-0.7896,0.8033,-79.402,3078.80,1258.07,1359.03,3.968
1777025960284771735,345.804,0,0.1447,-0.7737,0.7871,-79.404,3079.40,1284.30,1387.36,2.850
1777025960384271459,345.903,0,0.1283,-0.7635,0.7742,-80.464,3393.13,1449.38,1565.69,3.013
1777025960484574988,346.004,0,0.1096,-0.7569,0.7648,-81.762,3885.77,1696.38,1832.51,3.442
1777025960584512559,346.104,0,0.0924,-0.7532,0.7589,-83.007,4528.68,2011.86,2173.30,3.263
1777025960684307354,346.203,0,0.0821,-0.7514,0.7559,-83.766,5046.15,2264.64,2446.37,4.482
1777025960782299023,346.301,0,0.0683,-0.7530,0.7561,-84.820,6014.68,2722.93,2941.43,2.285
1777025960882467980,346.402,0,0.0609,-0.7565,0.7590,-85.396,6731.21,3051.19,3296.03,2.461
1777025960979829786,346.499,0,0.0492,-0.7645,0.7661,-86.319,nan,nan,nan,0.126
1777025961082534601,346.602,0,0.0190,-0.7763,0.7765,-88.597,nan,nan,nan,1.944
1777025961183846433,346.703,0,-0.0058,-0.7900,0.7901,-90.418,nan,nan,nan,3.637
1777025961280855355,346.800,0,-0.0220,-0.8054,0.8057,-91.567,nan,nan,nan,0.831
1777025961382493756,346.902,0,-0.0478,-0.8248,0.8262,-93.317,nan,nan,nan,1.910
1777025961486077635,347.005,0,-0.0707,-0.8475,0.8504,-94.770,nan,nan,nan,5.162
1777025961583057482,347.102,0,-0.0854,-0.8685,0.8727,-95.616,nan,nan,nan,2.711
1777025961682254877,347.201,0,-0.0599,-0.8954,0.8974,-93.829,nan,nan,nan,1.453
1777025961780641171,347.300,0,-0.0217,-0.9221,0.9224,-91.346,nan,nan,nan,0.586
1777025961885124779,347.404,0,0.0055,-0.9507,0.9507,-89.667,nan,nan,nan,3.966
1777025961982028905,347.501,0,0.0410,-0.9794,0.9802,-87.602,nan,nan,nan,0.872
1777025962083789824,347.603,0,0.0589,-1.0069,1.0086,-86.652,9146.16,3156.00,3409.26,2.490
1777025962182963997,347.702,0,0.1002,-1.0315,1.0363,-84.452,5634.64,1855.10,2003.97,1.627
1777025962283926815,347.803,0,0.1634,-1.0499,1.0625,-81.154,3636.96,1137.64,1228.93,2.816
1777025962380201764,347.899,0,0.1697,-1.0749,1.0882,-81.030,3590.41,1095.52,1183.44,1.547
1777025962480927121,348.000,0,0.1502,-1.1047,1.1148,-82.259,4117.54,1237.81,1337.14,0.208
1777025962579029067,348.098,0,0.1109,-1.1364,1.1418,-84.427,5610.67,1676.26,1810.78,3.093
1777025962681383775,348.200,0,0.1143,-1.1631,1.1687,-84.389,5574.59,1626.55,1757.07,0.333
1777025962781431140,348.301,0,0.0677,-1.1969,1.1988,-86.765,9454.23,2747.53,2968.01,0.108
1777025962881359508,348.400,0,0.0466,-1.2267,1.2276,-87.826,nan,nan,nan,0.425
1777025962980277906,348.499,0,0.0254,-1.2570,1.2572,-88.840,nan,nan,nan,1.866
1777025963081344093,348.600,0,0.0072,-1.2881,1.2881,-89.679,nan,nan,nan,0.977
1777025963183711578,348.703,0,-0.0106,-1.3177,1.3177,-90.462,nan,nan,nan,1.031
1777025963280950164,348.800,0,-0.0319,-1.3473,1.3477,-91.355,nan,nan,nan,2.602
1777025963381097769,348.900,0,-0.0380,-1.3765,1.3770,-91.580,nan,nan,nan,3.009
1777025963479433434,348.999,0,-0.0377,-1.4041,1.4046,-91.539,nan,nan,nan,3.598
1777025963581334740,349.100,0,0.0171,-1.4342,1.4343,-89.317,nan,nan,nan,1.533
1777025963684483438,349.204,0,0.0612,-1.4599,1.4612,-87.598,12629.40,3035.55,3279.14,2.227
1777025963781302547,349.300,0,0.1175,-1.4822,1.4868,-85.467,6831.51,1581.71,1708.63,1.592
1777025963882624768,349.402,0,0.1852,-1.5002,1.5116,-82.962,4501.84,1003.66,1084.20,0.221
1777025963983568586,349.503,0,0.2832,-1.5066,1.5330,-79.354,3066.09,656.36,709.03,0.569
1777025964080709895,349.600,0,0.3813,-1.5069,1.5544,-75.799,2359.68,487.44,526.55,2.324
1777025964180710705,349.700,0,0.4830,-1.4980,1.5739,-72.129,1920.71,384.85,415.73,3.056
1777025964287480730,349.807,0,0.6087,-1.4733,1.5941,-67.553,1569.14,305.39,329.90,4.247
1777025964383169204,349.902,0,0.7000,-1.4441,1.6048,-64.140,1384.57,265.57,286.88,0.825
1777025964482183713,350.001,0,0.8059,-1.4062,1.6208,-60.182,1220.24,230.65,249.16,1.497
1777025964583330176,350.102,0,0.9126,-1.3563,1.6348,-56.065,1086.69,203.68,220.03,0.174
1777025964682030707,350.201,0,1.0072,-1.3036,1.6473,-52.311,987.63,184.56,199.37,1.159
1777025964783128782,350.302,0,1.1058,-1.2371,1.6593,-48.206,896.93,168.09,181.58,0.469
1777025964885345714,350.404,0,1.1938,-1.1666,1.6692,-44.341,823.90,155.71,168.20,1.960
1777025964982653243,350.502,0,1.2802,-1.0845,1.6779,-40.268,756.70,145.19,156.84,1.624
1777025965083293046,350.602,0,1.3498,-1.0075,1.6843,-36.739,704.71,137.71,148.77,0.705
1777025965184223586,350.703,0,1.4223,-0.9137,1.6905,-32.717,651.01,130.69,141.18,0.254
1777025965283543813,350.803,1,1.4797,-0.8277,1.6955,-29.222,608.13,125.62,135.70,0.299
1777025965380786454,350.900,1,1.5375,-0.7235,1.6992,-25.198,562.26,120.90,130.60,3.262
1777025965482009916,351.001,1,1.5824,-0.6284,1.7026,-21.657,524.33,117.47,126.90,2.392
1777025965582770773,351.102,1,1.6240,-0.5104,1.7023,-17.447,481.58,114.46,123.65,5.132
1777025965681556414,351.201,1,1.6561,-0.4024,1.7043,-13.658,444.77,112.24,121.25,2.835
1777025965780244352,351.299,1,1.6773,-0.2956,1.7032,-9.996,410.31,110.82,119.71,4.253
1777025965880832508,351.400,1,1.6967,-0.1827,1.7065,-6.145,374.89,109.56,118.35,4.183
1777025965979794183,351.499,1,1.7036,-0.0783,1.7054,-2.632,343.04,109.11,117.87,3.592
1777025966081433659,351.601,1,1.7046,0.0411,1.7051,1.380,306.86,109.05,117.80,3.620
1777025966180758460,351.700,1,1.7004,0.1329,1.7056,4.469,278.94,109.32,118.09,3.631
1777025966282670006,351.802,1,1.6835,0.2621,1.7038,8.849,238.92,110.41,119.28,1.391
1777025966380824488,351.900,1,1.6685,0.3262,1.7001,11.063,218.35,111.41,120.35,4.136
1777025966479968161,351.999,1,1.6604,0.3184,1.6906,10.855,220.29,111.95,120.94,3.062
1777025966581086810,352.100,1,1.6522,0.3014,1.6794,10.340,225.09,112.51,121.54,3.985
1777025966680804291,352.200,1,1.6450,0.2852,1.6696,9.837,229.77,113.00,122.06,3.205
1777025966782418157,352.302,1,1.6357,0.2590,1.6561,8.998,237.54,113.64,122.76,3.563
1777025966880189106,352.399,1,1.6250,0.2479,1.6438,8.673,240.53,114.39,123.57,2.241
1777025966980905667,352.500,1,1.6156,0.2278,1.6316,8.024,246.51,115.05,124.29,3.275
1777025967079377849,352.598,1,1.6064,0.2101,1.6201,7.450,251.78,115.71,125.00,10.182
1777025967180974344,352.700,1,1.5926,0.1894,1.6038,6.782,257.90,116.72,126.08,3.724
1777025967281896217,352.801,1,1.5813,0.1705,1.5905,6.155,263.61,117.55,126.98,3.936
1777025967382137692,352.901,1,1.5672,0.1489,1.5743,5.427,270.25,118.61,128.12,1.274
1777025967479463795,352.999,1,1.5461,0.1293,1.5515,4.781,276.11,120.23,129.88,1.436
1777025967580825274,353.100,1,1.5302,0.1114,1.5342,4.165,281.70,121.48,131.23,2.278
1777025967680471201,353.200,1,1.5118,0.0904,1.5145,3.421,288.43,122.96,132.82,2.050
1777025967782867315,353.302,1,1.4911,0.0682,1.4926,2.620,295.67,124.66,134.67,4.429
1777025967882543964,353.402,1,1.4737,0.0489,1.4745,1.901,302.16,126.14,136.26,4.079
1777025967980454782,353.500,1,1.4521,0.0277,1.4523,1.092,309.46,128.01,138.28,1.625
1777025968084061326,353.603,1,1.4311,0.0079,1.4311,0.317,316.44,129.89,140.31,3.874
1777025968183401238,353.702,1,1.4107,-0.0107,1.4107,-0.436,323.23,131.77,142.34,3.833
1777025968283404660,353.803,1,1.3903,-0.0275,1.3906,-1.134,329.52,133.70,144.43,3.882
1777025968383178825,353.902,1,1.3745,-0.0438,1.3752,-1.825,335.75,135.24,146.09,0.246
1777025968482201574,354.001,1,1.3532,-0.0591,1.3544,-2.499,341.83,137.37,148.39,3.146
1777025968579663416,354.099,1,1.3340,-0.0775,1.3362,-3.324,349.29,139.34,150.52,0.389
1777025968683395533,354.202,1,1.3143,-0.0936,1.3176,-4.072,356.06,141.43,152.78,4.124
1777025968780825912,354.300,1,1.2946,-0.1085,1.2992,-4.789,362.56,143.58,155.10,1.584
1777025968882257113,354.401,1,1.2764,-0.1260,1.2826,-5.636,370.25,145.63,157.32,2.147
1777025968982567809,354.502,1,1.2564,-0.1436,1.2646,-6.519,378.31,147.94,159.82,2.023
1777025969082043275,354.601,1,1.2372,-0.1623,1.2478,-7.474,387.04,150.24,162.30,1.064
1777025969180411976,354.700,1,1.2179,-0.1798,1.2311,-8.396,395.51,152.62,164.87,0.543
1777025969280138975,354.799,1,1.1986,-0.1973,1.2148,-9.348,404.30,155.08,167.52,0.124
1777025969379688866,354.899,1,1.1813,-0.2131,1.2004,-10.227,412.45,157.35,169.98,5.427
1777025969482144480,355.001,1,1.1607,-0.2290,1.1831,-11.161,421.17,160.14,173.00,2.114
1777025969583591162,355.103,1,1.1418,-0.2471,1.1683,-12.213,431.06,162.79,175.86,3.247
1777025969680999523,355.200,1,1.1218,-0.2644,1.1526,-13.263,441.00,165.70,178.99,0.698
1777025969778731658,355.298,1,1.1006,-0.2845,1.1368,-14.493,452.77,168.89,182.44,2.166
1777025969882087798,355.401,1,1.0811,-0.3020,1.1224,-15.606,463.52,171.95,185.75,1.825
1777025969980093208,355.499,1,1.0625,-0.3200,1.1096,-16.760,474.80,174.96,188.99,0.386
1777025970082274881,355.601,1,1.0432,-0.3352,1.0957,-17.812,485.19,178.19,192.49,1.624
1777025970180962985,355.700,1,1.0247,-0.3523,1.0836,-18.973,496.82,181.40,195.96,0.020
1777025970280166065,355.799,1,1.0048,-0.3718,1.0714,-20.306,510.36,185.00,199.85,0.811
1777025970380563390,355.900,1,0.9872,-0.3872,1.0604,-21.417,521.83,188.30,203.41,7.057
1777025970479665397,355.999,1,0.9650,-0.4103,1.0486,-23.037,538.87,192.63,208.09,1.591
1777025970579322675,356.098,1,0.9440,-0.4290,1.0369,-24.437,553.92,196.90,212.70,1.930
1777025970680321159,356.199,1,0.9240,-0.4474,1.0266,-25.833,569.28,201.16,217.31,0.802
1777025970779949400,356.299,1,0.9058,-0.4639,1.0177,-27.120,583.75,205.21,221.68,1.291
1777025970878327435,356.397,1,0.8859,-0.4809,1.0081,-28.496,599.60,209.82,226.65,3.169
1777025970978982682,356.498,1,0.8679,-0.4961,0.9997,-29.753,614.45,214.18,231.37,3.666
1777025971079872186,356.599,1,0.8512,-0.5105,0.9925,-30.952,628.96,218.39,235.92,1.870
1777025971180886280,356.700,0,0.8308,-0.5275,0.9841,-32.414,647.16,223.74,241.69,1.755
1777025971280860332,356.800,0,0.8130,-0.5433,0.9779,-33.754,664.37,228.63,246.98,1.438
1777025971383578999,356.903,0,0.7948,-0.5587,0.9715,-35.108,682.30,233.89,252.65,2.040
1777025971479936151,356.999,0,0.7944,-0.5534,0.9681,-34.862,679.00,234.00,252.78,1.833
1777025971580815377,357.100,0,0.8113,-0.5282,0.9681,-33.069,655.51,229.13,247.52,1.284
1777025971679942939,357.199,1,0.8225,-0.5022,0.9637,-31.409,634.59,225.99,244.13,2.245
1777025971781939855,357.301,1,0.8321,-0.4762,0.9587,-29.782,614.80,223.40,241.32,0.367
1777025971879701193,357.399,1,0.8422,-0.4540,0.9568,-28.330,597.67,220.71,238.42,2.565
1777025971980263220,357.499,1,0.8494,-0.4489,0.9607,-27.856,592.18,218.85,236.42,2.290
1777025972079121267,357.598,1,0.8596,-0.4548,0.9725,-27.883,592.49,216.25,233.60,3.892
1777025972181682694,357.701,1,0.8723,-0.4689,0.9903,-28.260,596.86,213.10,230.20,1.455
1777025972282959712,357.802,1,0.8858,-0.4802,1.0076,-28.465,599.24,209.85,226.69,0.370
1777025972379088626,357.898,1,0.8971,-0.4928,1.0236,-28.779,602.91,207.20,223.82,3.222
1777025972479450265,357.999,1,0.9085,-0.5072,1.0405,-29.175,607.57,204.61,221.03,3.857
1777025972579846405,358.099,1,0.9196,-0.5219,1.0573,-29.578,612.36,202.15,218.37,3.560
1777025972679773457,358.199,1,0.9299,-0.5363,1.0735,-29.972,617.08,199.90,215.94,3.734
1777025972780132005,358.299,1,0.9375,-0.5477,1.0857,-30.293,620.94,198.28,214.19,3.070
1777025972879842893,358.399,1,0.9454,-0.5598,1.0988,-30.632,625.05,196.61,212.39,3.403
1777025972983168015,358.502,1,0.9526,-0.5717,1.1110,-30.968,629.16,195.13,210.79,1.285
1777025973081124055,358.600,1,0.9572,-0.5820,1.1203,-31.300,633.25,194.19,209.77,2.555
1777025973182250481,358.701,1,0.9617,-0.5933,1.1300,-31.672,637.85,193.28,208.79,2.264
1777025973282450660,358.802,0,0.9644,-0.6006,1.1361,-31.913,640.86,192.74,208.21,1.814
1777025973380202758,358.899,0,0.9668,-0.6088,1.1425,-32.199,644.44,192.26,207.69,4.062
1777025973480615730,359.000,0,0.9703,-0.6211,1.1521,-32.625,649.83,191.58,206.95,3.484
1777025973580767836,359.100,0,0.9726,-0.6316,1.1597,-32.998,654.59,191.12,206.45,4.302
1777025973682134278,359.201,0,0.9749,-0.6442,1.1685,-33.456,660.49,190.68,205.98,2.436
1777025973778900962,359.298,0,0.9762,-0.6555,1.1759,-33.880,666.01,190.41,205.69,2.669
1777025973879548561,359.399,0,0.9772,-0.6683,1.1839,-34.370,672.45,190.23,205.49,2.691
1777025973981897103,359.501,0,0.9768,-0.6895,1.1956,-35.220,683.80,190.31,205.58,3.193
1777025974078402734,359.598,0,0.9739,-0.7066,1.2033,-35.964,693.95,190.86,206.18,2.064
1777025974180518908,359.700,0,0.9700,-0.7239,1.2103,-36.733,704.64,191.63,207.01,3.435
1777025974279771746,359.799,0,0.9624,-0.7424,1.2155,-37.649,717.64,193.15,208.65,2.578
1777025974382268119,359.901,0,0.9534,-0.7599,1.2192,-38.554,730.81,194.96,210.61,3.726
1777025974482767165,360.002,0,0.9431,-0.7753,1.2209,-39.423,743.78,197.10,212.92,2.916
1777025974584160755,360.103,0,0.9310,-0.7894,1.2206,-40.292,757.06,199.65,215.67,1.551
1777025974680248188,360.199,0,0.9184,-0.8013,1.2189,-41.104,769.80,202.39,218.63,2.989
1777025974781403799,360.301,0,0.9018,-0.8140,1.2148,-42.070,785.36,206.12,222.66,3.406
1777025974881373463,360.400,0,0.8844,-0.8250,1.2095,-43.009,800.95,210.18,227.04,3.406
1777025974989867503,360.509,0,0.8653,-0.8347,1.2023,-43.969,817.39,214.82,232.06,3.296
1777025975080489114,360.600,0,0.8459,-0.8427,1.1940,-44.893,833.72,219.75,237.38,1.905
1777025975181987665,360.701,0,0.8213,-0.8505,1.1823,-46.001,854.02,226.33,244.50,4.165
1777025975279959686,360.799,0,0.7939,-0.8604,1.1707,-47.301,878.88,234.13,252.92,2.392
1777025975378978769,360.898,0,0.7467,-0.8780,1.1525,-49.621,926.45,248.95,268.93,1.411
1777025975483146399,361.002,0,0.6776,-0.8974,1.1245,-52.944,1003.13,274.32,296.34,3.003
1777025975587601655,361.107,0,0.6130,-0.9073,1.0950,-55.956,1083.54,303.23,327.57,1.470
1777025975679931338,361.199,0,0.5714,-0.9127,1.0768,-57.951,1144.04,325.31,351.41,2.073
1777025975780075406,361.299,0,0.5303,-0.9180,1.0602,-59.986,1213.12,350.51,378.64,2.390
1777025975879069563,361.398,0,0.4897,-0.9204,1.0425,-61.984,1289.75,379.59,410.05,0.940
1777025975982501702,361.502,0,0.4495,-0.9231,1.0267,-64.038,1379.73,413.55,446.73,4.048
1777025976079545734,361.599,0,0.4098,-0.9252,1.0119,-66.111,1485.11,453.62,490.03,1.138
1777025976179568971,361.699,0,0.3677,-0.9287,0.9989,-68.399,1623.34,505.48,546.05,1.290
1777025976280801841,361.800,0,0.3255,-0.9305,0.9858,-70.722,1795.53,571.12,616.95,2.259
1777025976378972748,361.898,0,0.2939,-0.9259,0.9714,-72.391,1946.14,632.52,683.28,0.779
1777025976480768778,362.000,0,0.2617,-0.9233,0.9596,-74.175,2140.96,710.30,767.30,1.685
1777025976578952185,362.098,0,0.2349,-0.9188,0.9483,-75.657,2338.66,791.24,854.74,0.360
1777025976679466934,362.199,0,0.2120,-0.9159,0.9402,-76.967,2550.04,876.76,947.12,0.816
1777025976784709791,362.304,0,0.1917,-0.9137,0.9336,-78.151,2780.37,969.70,1047.52,2.723
1777025976884244293,362.403,0,0.1883,-0.9111,0.9303,-78.320,2817.02,986.94,1066.14,3.555
1777025976983290820,362.502,0,0.2154,-0.9041,0.9294,-76.599,2486.58,863.01,932.26,3.167
1777025977085921617,362.605,0,0.2564,-0.8896,0.9258,-73.923,2110.90,725.03,783.21,3.159
1777025977179348342,362.698,0,0.2834,-0.8753,0.9200,-72.061,1914.21,655.96,708.60,0.716
1777025977281186537,362.800,0,0.3151,-0.8612,0.9171,-69.903,1730.47,589.89,637.23,1.015
1777025977386314267,362.905,0,0.3465,-0.8491,0.9171,-67.800,1584.57,536.46,579.51,2.105
1777025977483165598,363.002,0,0.3589,-0.8406,0.9140,-66.877,1528.52,517.88,559.43,3.334
1777025977583919436,363.103,0,0.3320,-0.8441,0.9070,-68.531,1632.17,559.96,604.89,3.923
1777025977683522678,363.203,0,0.2936,-0.8567,0.9056,-71.082,1825.86,633.09,683.90,1.385
1777025977782970477,363.302,0,0.2594,-0.8686,0.9065,-73.373,2048.33,716.65,774.16,3.074
1777025977886660873,363.406,0,0.2305,-0.8825,0.9121,-75.362,2296.25,806.45,871.16,2.636
1777025977982541123,363.502,0,0.2022,-0.8943,0.9168,-77.258,2602.70,919.21,992.98,2.487
1777025978082445565,363.602,0,0.1705,-0.9089,0.9248,-79.375,3071.64,1090.15,1177.63,1.542
1777025978185171805,363.704,0,0.1500,-0.9218,0.9339,-80.756,3491.92,1239.06,1338.49,3.256
1777025978282164338,363.801,0,0.1838,-0.9257,0.9437,-78.767,2919.13,1011.10,1092.24,1.689
1777025978385866677,363.905,0,0.2674,-0.9156,0.9539,-73.718,2087.09,695.07,750.85,3.505
1777025978483933012,364.003,0,0.3662,-0.8892,0.9617,-67.615,1572.96,507.54,548.27,2.681
1777025978581697480,364.101,0,0.4785,-0.8429,0.9692,-60.418,1228.91,388.50,419.68,1.057
1777025978682866702,364.202,0,0.5785,-0.7811,0.9720,-53.476,1016.49,321.31,347.09,1.729
1777025978784700528,364.304,0,0.6693,-0.6932,0.9635,-46.004,854.07,277.74,300.03,3.517
1777025978882954397,364.402,0,0.7390,-0.5934,0.9477,-38.760,733.87,251.53,271.71,1.449
1777025978983093873,364.502,1,0.7957,-0.4827,0.9307,-31.242,632.52,233.60,252.34,1.917
1777025979084736368,364.604,1,0.8355,-0.3554,0.9079,-23.043,538.94,222.49,240.34,3.579
1777025979183181142,364.702,1,0.8565,-0.2214,0.8846,-14.491,452.75,217.03,234.44,1.409
1777025979282418814,364.802,1,0.8561,-0.0772,0.8595,-5.152,365.85,217.14,234.56,0.738
1777025979383137042,364.902,1,0.8312,0.0636,0.8336,4.373,279.81,223.64,241.59,1.065
1777025979483952510,365.003,1,0.7837,0.2008,0.8090,14.374,186.98,237.18,256.22,2.098
1777025979586027443,365.105,1,0.7135,0.3294,0.7858,24.783,80.90,260.54,281.45,3.699
1777025979683578988,365.203,0,0.6489,0.4155,0.7705,32.629,-11.28,286.44,309.43,1.115
1777025979783219655,365.302,0,0.6024,0.4628,0.7597,37.535,-77.40,308.57,333.33,0.551
1777025979884748355,365.404,0,0.5857,0.4800,0.7572,39.335,-103.84,317.39,342.86,2.419
1777025979985589451,365.505,0,0.5810,0.4834,0.7558,39.761,-110.31,319.93,345.60,3.414
1777025980083141681,365.602,0,0.5853,0.4747,0.7536,39.047,-99.54,317.60,343.09,0.042
1777025980183928938,365.703,0,0.5856,0.4744,0.7536,39.009,-98.97,317.43,342.90,0.404
1777025980280480929,365.800,0,0.5856,0.4743,0.7536,39.004,-98.89,317.41,342.88,2.852
1777025980383016961,365.902,0,0.5855,0.4744,0.7536,39.019,-99.11,317.48,342.95,0.026
1777025980481987293,366.001,0,0.5853,0.4746,0.7536,39.036,-99.36,317.57,343.06,1.387
1777025980582920974,366.102,0,0.5856,0.4743,0.7536,39.005,-98.91,317.41,342.88,0.804
1777025980683576972,366.203,0,0.5858,0.4739,0.7535,38.973,-98.43,317.30,342.77,0.913
1777025980782260808,366.301,0,0.5855,0.4745,0.7536,39.023,-99.18,317.50,342.98,1.116
1777025980883142674,366.402,0,0.5854,0.4746,0.7536,39.035,-99.35,317.56,343.04,0.483
1777025980981021871,366.500,0,0.5854,0.4745,0.7536,39.024,-99.19,317.51,342.99,2.905
1777025981082799986,366.602,0,0.5857,0.4744,0.7538,39.006,-98.92,317.35,342.81,0.962
1777025981183931330,366.703,0,0.5858,0.4743,0.7538,38.995,-98.75,317.29,342.76,0.965
1777025981284269332,366.803,0,0.5859,0.4743,0.7538,38.992,-98.71,317.28,342.74,0.362
1777025981382529321,366.902,0,0.5859,0.4743,0.7538,38.991,-98.70,317.28,342.74,2.015
1777025981483393076,367.002,0,0.5861,0.4740,0.7537,38.964,-98.29,317.17,342.63,1.100
1777025981584016019,367.103,0,0.5858,0.4744,0.7538,39.006,-98.92,317.34,342.80,0.165
1777025981681906624,367.201,0,0.5876,0.4737,0.7548,38.873,-96.94,316.32,341.70,4.355
1777025981784392285,367.303,0,0.5914,0.4745,0.7582,38.745,-95.03,314.33,339.56,0.060
1777025981885235189,367.404,0,0.5943,0.4747,0.7606,38.616,-93.13,312.78,337.88,0.479
1777025981983582029,367.503,0,0.5977,0.4750,0.7634,38.476,-91.06,311.02,335.97,1.307
1777025982083236094,367.602,0,0.6008,0.4754,0.7661,38.353,-89.25,309.39,334.22,2.143
1777025982180386430,367.699,0,0.6048,0.4753,0.7692,38.161,-86.45,307.33,331.99,3.636
1777025982283317957,367.802,0,0.6097,0.4758,0.7734,37.968,-83.65,304.89,329.36,1.486
1777025982391244443,367.910,0,0.6136,0.4759,0.7766,37.798,-81.19,302.92,327.23,2.589
1777025982482872066,368.002,0,0.6191,0.4757,0.7807,37.536,-77.42,300.25,324.35,1.724
1777025982588319730,368.107,0,0.6236,0.4764,0.7847,37.379,-75.18,298.09,322.01,2.277
1777025982681305708,368.200,0,0.6281,0.4753,0.7877,37.119,-71.47,295.95,319.70,3.667
1777025982785965881,368.305,0,0.6367,0.4742,0.7939,36.678,-65.26,291.93,315.36,0.794
1777025982885001472,368.404,0,0.6465,0.4727,0.8009,36.172,-58.22,287.52,310.59,0.219
1777025982983124241,368.502,0,0.6550,0.4771,0.8104,36.073,-56.85,283.80,306.57,2.239
1777025983083801591,368.603,0,0.6630,0.4750,0.8156,35.619,-50.62,280.38,302.88,1.612
1777025983183246436,368.702,0,0.6730,0.4715,0.8217,35.013,-42.42,276.21,298.37,2.187
1777025983286984065,368.806,0,0.6808,0.4685,0.8264,34.534,-36.03,273.06,294.97,0.509
1777025983382293700,368.901,0,0.6900,0.4640,0.8315,33.920,-27.93,269.40,291.02,3.514
1777025983498096982,369.017,0,0.7006,0.4586,0.8373,33.206,-18.66,265.32,286.61,3.645
1777025983582192713,369.101,0,0.7090,0.4536,0.8417,32.612,-11.06,262.16,283.20,3.843
1777025983687740061,369.207,0,0.7182,0.4480,0.8465,31.954,-2.77,258.82,279.59,1.538
1777025983787987378,369.307,1,0.7265,0.4419,0.8504,31.310,5.23,255.85,276.38,2.115
1777025983887194356,369.406,1,0.7361,0.4347,0.8549,30.565,14.36,252.52,272.78,1.243
1777025983985330977,369.504,1,0.7472,0.4249,0.8596,29.628,25.64,248.78,268.74,2.263
1777025984085126170,369.604,1,0.7587,0.4140,0.8643,28.620,37.54,245.00,264.66,1.537
1777025984182932609,369.702,1,0.7682,0.4041,0.8680,27.744,47.71,241.98,261.40,3.783
1777025984283117835,369.802,1,0.7783,0.3936,0.8721,26.828,58.16,238.84,258.01,4.834
1777025984383884406,369.903,1,0.7899,0.3789,0.8761,25.627,71.62,235.32,254.20,3.261
1777025984493819480,370.013,1,0.8003,0.3655,0.8799,24.547,83.48,232.26,250.90,2.745
1777025984583577236,370.103,1,0.8084,0.3529,0.8821,23.580,93.93,229.93,248.38,3.607
1777025984682951268,370.202,1,0.8189,0.3348,0.8847,22.237,108.20,226.99,245.20,3.783
1777025984782781535,370.302,1,0.8332,0.3099,0.8890,20.404,127.23,223.10,241.00,4.124
1777025984882530100,370.402,1,0.8441,0.2875,0.8917,18.811,143.41,220.22,237.89,3.346
1777025984986820888,370.506,1,0.8546,0.2612,0.8937,16.995,161.49,217.50,234.95,0.134
1777025985083857799,370.603,1,0.8641,0.2355,0.8956,15.242,178.61,215.11,232.37,3.614
1777025985182830947,370.702,1,0.8724,0.2106,0.8974,13.572,194.65,213.08,230.17,3.589
1777025985283319799,370.802,1,0.8813,0.1831,0.9001,11.739,212.00,210.92,227.84,3.988
1777025985384285941,370.903,1,0.8907,0.1549,0.9041,9.863,229.53,208.70,225.44,3.435
1777025985482458802,371.002,1,0.9001,0.1267,0.9090,8.014,246.60,206.52,223.09,1.080
1777025985583922642,371.103,1,0.9093,0.0980,0.9146,6.153,263.63,204.42,220.83,3.446
1777025985688903349,371.208,1,0.9199,0.0668,0.9224,4.151,281.83,202.06,218.27,0.156
1777025985784569832,371.304,1,0.9288,0.0401,0.9296,2.473,297.00,200.14,216.20,4.499
1777025985881591910,371.401,1,0.9385,0.0110,0.9385,0.670,313.27,198.07,213.97,1.330
1777025985984304421,371.503,1,0.9471,-0.0175,0.9472,-1.058,328.83,196.27,212.02,3.385
1777025986085538301,371.605,1,0.9608,-0.0512,0.9621,-3.052,346.83,193.48,209.00,3.306
1777025986182512009,371.702,1,0.9653,-0.0777,0.9685,-4.602,360.87,192.56,208.01,1.326
1777025986282890381,371.802,1,0.9743,-0.0988,0.9793,-5.791,371.67,190.79,206.10,2.080
1777025986385020306,371.904,1,0.9791,-0.1157,0.9859,-6.740,380.32,189.86,205.09,3.968
1777025986487312155,372.006,1,0.9822,-0.1355,0.9915,-7.857,390.55,189.25,204.44,1.813
1777025986586695483,372.106,1,0.9875,-0.1548,0.9996,-8.908,400.23,188.24,203.34,4.139
1777025986687414314,372.207,1,0.9930,-0.1737,1.0080,-9.921,409.61,187.20,202.22,2.071
1777025986786416572,372.306,1,1.0004,-0.1971,1.0196,-11.148,421.06,185.82,200.73,2.926
1777025986886156970,372.405,1,1.0122,-0.2343,1.0390,-13.035,438.84,183.64,198.38,2.907
1777025986987250537,372.506,1,1.0206,-0.2640,1.0542,-14.503,452.86,182.12,196.74,1.919
1777025987088656896,372.608,1,1.0295,-0.2912,1.0699,-15.794,465.35,180.56,195.05,2.394
1777025987188927566,372.708,1,1.0386,-0.3199,1.0867,-17.122,478.37,178.98,193.34,1.851
1777025987286539359,372.806,1,1.0478,-0.3495,1.1046,-18.447,491.54,177.40,191.64,4.083
1777025987388196993,372.907,1,1.0563,-0.3784,1.1220,-19.711,504.29,175.98,190.10,2.520
1777025987485890712,373.005,1,1.0648,-0.4069,1.1399,-20.914,516.62,174.57,188.58,4.251
1777025987586974668,373.106,1,1.0749,-0.4376,1.1605,-22.150,529.49,172.94,186.81,3.495
1777025987686388014,373.205,1,1.0825,-0.4639,1.1777,-23.199,540.60,171.72,185.50,3.889
1777025987786323539,373.305,1,1.0918,-0.4945,1.1986,-24.368,553.17,170.25,183.91,3.807
1777025987888624962,373.408,1,1.1015,-0.5257,1.2205,-25.512,565.72,168.75,182.29,1.684
1777025987987125486,373.506,1,1.1104,-0.5553,1.2416,-26.569,577.52,167.40,180.83,3.770
1777025988087954352,373.607,1,1.1194,-0.5850,1.2630,-27.590,589.12,166.06,179.38,2.722
1777025988186820260,373.706,1,1.1270,-0.6117,1.2823,-28.489,599.53,164.93,178.16,4.252
1777025988286384512,373.805,1,1.1357,-0.6409,1.3041,-29.437,610.68,163.67,176.80,4.568
1777025988386233464,373.905,1,1.1447,-0.6705,1.3266,-30.362,621.78,162.39,175.42,2.475
1777025988485899863,374.005,1,1.1528,-0.7009,1.3492,-31.298,633.22,161.24,174.18,3.295
1777025988585376745,374.104,0,1.1611,-0.7305,1.3718,-32.176,644.16,160.09,172.94,1.320
1777025988686408553,374.206,0,1.1695,-0.7600,1.3947,-33.018,654.85,158.95,171.70,1.611
1777025988786901813,374.306,0,1.1778,-0.7891,1.4177,-33.819,665.21,157.82,170.48,2.430
1777025988887773882,374.407,0,1.1872,-0.8221,1.4440,-34.702,676.87,156.58,169.14,3.629
1777025988986865417,374.506,0,1.1938,-0.8482,1.4645,-35.393,686.15,155.71,168.20,3.645
1777025989087022736,374.606,0,1.1997,-0.8735,1.4841,-36.058,695.25,154.94,167.37,3.310
1777025989186729375,374.706,0,1.2047,-0.8985,1.5028,-36.718,704.42,154.30,166.69,3.376
1777025989287222986,374.806,0,1.2076,-0.9247,1.5209,-37.443,714.69,153.93,166.29,3.582
1777025989387440878,374.907,0,1.2103,-0.9476,1.5372,-38.058,723.56,153.58,165.90,3.530
1777025989487971508,375.007,0,1.2105,-0.9722,1.5526,-38.769,734.00,153.56,165.88,4.010
1777025989586775139,375.106,0,1.2097,-0.9970,1.5675,-39.494,744.85,153.67,166.00,2.743
1777025989687850132,375.207,0,1.2073,-1.0214,1.5814,-40.232,756.14,153.97,166.33,3.080
1777025989788697442,375.308,0,1.2032,-1.0480,1.5956,-41.056,769.03,154.49,166.89,3.712
1777025989887020968,375.406,0,1.1985,-1.0709,1.6073,-41.781,780.66,155.09,167.54,3.113
1777025989988057462,375.507,0,1.1915,-1.0947,1.6180,-42.577,793.72,156.01,168.53,3.302
1777025990087713453,375.607,0,1.1841,-1.1183,1.6287,-43.364,806.98,156.99,169.59,0.265
1777025990186058293,375.705,0,1.1757,-1.1416,1.6387,-44.155,820.64,158.10,170.79,1.560
1777025990286061188,375.805,0,1.1658,-1.1647,1.6479,-44.973,835.16,159.45,172.24,1.321
1777025990387176032,375.906,0,1.1548,-1.1874,1.6563,-45.798,850.23,160.97,173.89,1.875
1777025990486674822,376.006,0,1.1424,-1.2101,1.6641,-46.647,866.22,162.71,175.77,2.257
1777025990587321357,376.106,0,1.1309,-1.2312,1.6718,-47.432,881.46,164.37,177.56,2.400
1777025990686405466,376.206,0,1.1158,-1.2519,1.6770,-48.291,898.66,166.60,179.97,0.711
1777025990788049860,376.307,0,1.0998,-1.2721,1.6816,-49.154,916.53,169.01,182.58,3.305
1777025990881847365,376.401,0,1.0831,-1.2914,1.6855,-50.014,934.95,171.62,185.39,3.247
1777025990982787490,376.502,0,1.0662,-1.3098,1.6889,-50.855,953.64,174.35,188.34,2.506
1777025991081702286,376.601,0,1.0468,-1.3281,1.6910,-51.756,974.43,177.58,191.83,3.358
1777025991185349638,376.704,0,1.0272,-1.3451,1.6925,-52.633,995.47,180.97,195.49,1.530
1777025991283073319,376.802,0,1.0063,-1.3615,1.6930,-53.532,1017.92,184.73,199.55,2.457
1777025991382813013,376.902,0,0.9853,-1.3763,1.6927,-54.402,1040.58,188.66,203.80,2.575
1777025991484262261,377.003,0,0.9631,-1.3901,1.6912,-55.284,1064.56,193.00,208.49,1.806
1777025991582945152,377.102,0,0.9400,-1.4031,1.6889,-56.180,1090.02,197.75,213.62,2.646
1777025991683346135,377.202,0,0.9167,-1.4156,1.6865,-57.074,1116.64,202.77,219.05,2.931
1777025991784508849,377.304,0,0.8933,-1.4259,1.6826,-57.933,1143.49,208.09,224.79,1.416
1777025991884323506,377.403,0,0.8688,-1.4351,1.6776,-58.809,1172.18,213.94,231.11,1.658
1777025991991761201,377.511,0,0.8433,-1.4440,1.6722,-59.716,1203.48,220.43,238.12,2.842
1777025992086319660,377.605,0,0.8204,-1.4509,1.6668,-60.514,1232.45,226.57,244.75,0.510
1777025992186815679,377.706,0,0.7917,-1.4586,1.6596,-61.507,1270.56,234.78,253.62,0.518
1777025992284077939,377.803,0,0.7616,-1.4660,1.6520,-62.549,1313.28,244.08,263.67,1.936
1777025992384034908,377.903,0,0.7324,-1.4731,1.6451,-63.563,1357.76,253.79,274.15,3.083
1777025992484556093,378.004,0,0.7030,-1.4803,1.6387,-64.598,1406.61,264.43,285.65,2.411
1777025992583365335,378.102,0,0.6735,-1.4867,1.6321,-65.627,1459.01,275.99,298.13,3.565
1777025992684204276,378.203,0,0.6439,-1.4931,1.6260,-66.672,1516.62,288.69,311.85,3.069
1777025992782848409,378.302,0,0.6166,-1.4992,1.6210,-67.643,1574.73,301.47,325.66,3.698
1777025992884264824,378.403,0,0.5855,-1.5051,1.6149,-68.745,1646.71,317.50,342.98,4.921
1777025992985229003,378.504,0,0.5588,-1.5100,1.6100,-69.691,1714.51,332.64,359.34,1.690
1777025993084623794,378.604,0,0.5280,-1.5152,1.6046,-70.787,1800.99,352.04,380.28,6.385
1777025993182621009,378.702,0,0.4977,-1.5196,1.5990,-71.864,1895.70,373.46,403.43,4.020
1777025993283121750,378.802,0,0.4673,-1.5242,1.5942,-72.956,2003.57,397.81,429.73,3.250
1777025993384796328,378.904,0,0.4382,-1.5277,1.5893,-73.996,2119.54,424.23,458.27,3.222
1777025993482098384,379.001,0,0.4153,-1.5291,1.5845,-74.805,2220.36,447.58,483.50,2.730
1777025993583651853,379.103,0,0.3910,-1.5287,1.5779,-75.654,2338.19,475.44,513.59,3.845
1777025993683587767,379.203,0,0.3697,-1.5270,1.5712,-76.390,2452.03,502.79,543.14,3.348
1777025993783257351,379.302,0,0.3467,-1.5238,1.5628,-77.183,2588.97,536.20,579.23,3.829
1777025993885781364,379.405,0,0.3230,-1.5186,1.5525,-77.992,2746.85,575.48,621.67,2.299
1777025993984331961,379.503,0,0.3117,-1.5151,1.5469,-78.374,2828.99,596.31,644.17,3.521
1777025994083929287,379.603,0,0.3018,-1.5128,1.5426,-78.719,2907.86,615.99,665.42,3.355
1777025994186144452,379.705,0,0.3011,-1.5124,1.5420,-78.740,2912.87,617.37,666.91,2.545
1777025994285348171,379.804,0,0.3022,-1.5125,1.5424,-78.701,2903.60,615.10,664.46,3.248
1777025994384980662,379.904,0,0.3009,-1.5128,1.5425,-78.753,2915.76,617.86,667.44,3.786
1777025994484889632,380.004,0,0.3018,-1.5127,1.5425,-78.716,2907.01,615.85,665.27,4.110
1777025994587090964,380.106,0,0.3017,-1.5127,1.5425,-78.719,2907.76,616.03,665.47,1.883
1777025994683292885,380.202,0,0.3013,-1.5127,1.5424,-78.734,2911.36,616.88,666.38,2.812
1777025994782957321,380.302,0,0.3017,-1.5126,1.5424,-78.721,2908.18,616.15,665.60,2.624
1777025994884370236,380.403,0,0.3012,-1.5127,1.5424,-78.738,2912.41,617.13,666.65,3.716
1777025994984902772,380.504,0,0.3013,-1.5127,1.5425,-78.737,2911.98,617.00,666.51,3.663
1777025995084051529,380.603,0,0.3011,-1.5129,1.5426,-78.743,2913.37,617.28,666.81,3.207
1777025995183819389,380.703,0,0.3016,-1.5127,1.5425,-78.724,2909.08,616.32,665.78,2.389
1777025995286895396,380.806,0,0.3016,-1.5127,1.5425,-78.725,2909.32,616.37,665.84,2.464
1777025995383413406,380.903,0,0.3015,-1.5127,1.5425,-78.729,2910.22,616.59,666.07,2.188
1777025995486335044,381.005,0,0.3029,-1.5125,1.5426,-78.675,2897.41,613.63,662.87,3.071
1777025995587771422,381.107,0,0.3015,-1.5125,1.5423,-78.727,2909.62,616.52,666.00,3.216
1777025995685191106,381.204,0,0.3019,-1.5126,1.5424,-78.715,2906.78,615.81,665.23,3.814
1777025995784066773,381.303,0,0.3014,-1.5128,1.5425,-78.731,2910.66,616.67,666.16,2.022
1777025995883214734,381.402,0,0.3015,-1.5128,1.5426,-78.730,2910.41,616.59,666.07,1.466
1777025995984986070,381.504,0,0.3012,-1.5127,1.5424,-78.738,2912.24,617.07,666.59,2.387
1777025996084239474,381.603,0,0.3013,-1.5128,1.5425,-78.735,2911.64,616.91,666.42,1.869
1777025996185355300,381.704,0,0.3013,-1.5128,1.5425,-78.736,2911.90,616.95,666.46,3.229
1777025996284138024,381.803,0,0.3018,-1.5127,1.5425,-78.718,2907.54,615.96,665.39,1.960
1777025996387329714,381.906,0,0.3013,-1.5127,1.5424,-78.735,2911.59,616.92,666.42,3.654
1777025996483072974,382.002,0,0.3016,-1.5128,1.5426,-78.727,2909.60,616.41,665.87,0.943
1777025996583486771,382.103,0,0.3016,-1.5127,1.5425,-78.724,2908.90,616.27,665.72,0.568
1777025996684010975,382.203,0,0.3017,-1.5128,1.5426,-78.722,2908.61,616.18,665.63,0.977
1777025996788389429,382.307,0,0.3015,-1.5127,1.5425,-78.727,2909.72,616.47,665.94,3.196
1777025996883585121,382.403,0,0.3015,-1.5128,1.5425,-78.728,2910.00,616.51,665.98,0.496
1777025996985004869,382.504,0,0.3015,-1.5127,1.5425,-78.730,2910.37,616.62,666.10,2.095
1777025997086567449,382.606,0,0.3001,-1.5126,1.5421,-78.779,2921.94,619.42,669.13,3.642
1777025997184643644,382.704,0,0.2902,-1.5101,1.5377,-79.123,3006.39,640.59,692.00,0.693
1777025997286612109,382.806,0,0.2745,-1.5059,1.5307,-79.668,3151.61,677.11,731.44,3.060
1777025997381947281,382.901,0,0.2620,-1.5027,1.5253,-80.108,3280.24,709.36,766.29,1.645
1777025997482977608,383.002,0,0.2468,-1.4992,1.5194,-80.652,3456.01,753.20,813.65,0.452
1777025997582071772,383.101,0,0.2314,-1.4952,1.5130,-81.201,3654.96,803.14,867.59,1.347
1777025997687813414,383.207,0,0.2158,-1.4906,1.5062,-81.761,3885.35,861.23,930.34,3.858
1777025997784355201,383.303,0,0.1968,-1.4852,1.4982,-82.451,4215.41,944.40,1020.18,0.754
1777025997884592371,383.404,0,0.1799,-1.4787,1.4896,-83.062,4562.63,1033.07,1115.97,0.613
1777025997985035427,383.504,0,0.1678,-1.4745,1.4840,-83.506,4855.60,1107.53,1196.41,0.871
1777025998086193938,383.605,0,0.1602,-1.4696,1.4783,-83.778,5055.11,1160.14,1253.23,1.000
1777025998183752565,383.703,0,0.1521,-1.4650,1.4729,-84.072,5291.98,1221.95,1320.01,0.414
1777025998285559253,383.805,0,0.1437,-1.4603,1.4673,-84.380,5566.53,1293.60,1397.41,1.165
1777025998386420379,383.906,0,0.1356,-1.4550,1.4613,-84.677,5861.50,1371.31,1481.35,2.197
1777025998483375717,384.002,0,0.1274,-1.4492,1.4548,-84.974,6190.61,1458.50,1575.54,1.687
1777025998584405970,384.104,0,0.1196,-1.4429,1.4479,-85.262,6548.61,1554.15,1678.87,0.447
1777025998682720699,384.202,0,0.1126,-1.4365,1.4409,-85.518,6905.80,1650.63,1783.09,2.197
1777025998785232249,384.304,0,0.1056,-1.4298,1.4336,-85.778,7312.99,1760.95,1902.27,3.116
1777025998882599694,384.402,0,0.0991,-1.4226,1.4261,-86.015,7730.48,1875.42,2025.92,2.392
1777025998983568910,384.503,0,0.0928,-1.4152,1.4183,-86.247,8191.43,2002.46,2163.15,1.515
1777025999084439110,384.604,0,0.0836,-1.4027,1.4052,-86.591,8986.73,2224.44,2402.94,0.841
1777025999189912162,384.709,0,0.0756,-1.3917,1.3937,-86.891,9825.76,2459.15,2656.49,2.421
1777025999284108051,384.803,0,0.0690,-1.3735,1.3752,-87.126,10602.67,2695.41,2911.71,2.383
1777025999384594255,384.904,0,0.0610,-1.3436,1.3450,-87.400,11691.51,3047.01,3291.53,0.713
1777025999484711741,385.004,0,0.0590,-1.3184,1.3197,-87.438,11858.33,3150.93,3403.78,0.342
1777025999585088409,385.104,0,0.0618,-1.2961,1.2975,-87.272,11154.06,3009.48,3250.99,0.339
1777025999687595144,385.207,0,0.0691,-1.2746,1.2765,-86.898,9846.74,2690.87,2906.80,1.520
1777025999782924891,385.302,0,0.0777,-1.2539,1.2563,-86.455,8654.32,2393.01,2585.04,2.773
1777025999883607055,385.403,0,0.0885,-1.2365,1.2397,-85.905,7530.67,2099.57,2268.06,2.497
1777025999981459827,385.501,0,0.1039,-1.2194,1.2238,-85.132,6381.72,1789.85,1933.48,4.445
1777026000087765277,385.607,0,0.1210,-1.2065,1.2126,-84.274,5468.36,1536.40,1659.69,1.671
1777026000187101439,385.706,0,0.1216,-1.2064,1.2125,-84.242,5440.22,1528.14,1650.77,1.101
1777026000286340491,385.805,0,0.1309,-1.2011,1.2082,-83.781,5057.83,1420.22,1534.19,0.501
1777026000384416019,385.904,0,0.1471,-1.1906,1.1997,-82.956,4498.05,1263.49,1364.88,1.713
1777026000484916815,386.004,0,0.1662,-1.1822,1.1938,-81.999,3992.71,1118.59,1208.35,1.825
1777026000586604894,386.106,0,0.1727,-1.1772,1.1898,-81.652,3838.15,1076.10,1162.46,0.123
1777026000687207374,386.206,0,0.1844,-1.1732,1.1876,-81.067,3604.29,1008.05,1088.94,0.834
1777026000787787021,386.307,0,0.1953,-1.1683,1.1845,-80.510,3408.05,951.77,1028.14,0.969
1777026000883145063,386.402,0,0.1977,-1.1714,1.1880,-80.422,3379.11,940.36,1015.82,4.060
1777026000983539009,386.503,0,0.2076,-1.1668,1.1851,-79.912,3221.61,895.47,967.33,3.615
1777026001084841166,386.604,0,0.2200,-1.1650,1.1855,-79.308,3053.95,845.07,912.89,3.793
1777026001186013066,386.705,0,0.2305,-1.1628,1.1854,-78.789,2924.39,806.56,871.28,1.238
1777026001282404966,386.802,0,0.2436,-1.1610,1.1863,-78.149,2780.05,763.01,824.24,1.650
1777026001388596139,386.908,0,0.2579,-1.1602,1.1886,-77.467,2641.97,720.69,778.52,1.092
1777026001497761907,387.017,0,0.2725,-1.1602,1.1917,-76.784,2517.99,682.25,737.00,2.423
1777026001584476570,387.104,0,0.2839,-1.1605,1.1947,-76.255,2430.29,654.86,707.41,3.759
1777026001684677129,387.204,0,0.2982,-1.1621,1.1997,-75.609,2331.70,623.41,673.44,2.903
1777026001783164634,387.302,0,0.3116,-1.1637,1.2047,-75.012,2247.88,596.60,644.47,3.967
1777026001887557903,387.407,0,0.3337,-1.1694,1.2161,-74.076,2129.01,557.11,601.82,0.175
1777026001982432062,387.502,0,0.3509,-1.1754,1.2267,-73.380,2049.10,529.79,572.30,3.037
1777026002083457852,387.603,0,0.3683,-1.1834,1.2394,-72.715,1978.58,504.75,545.26,4.049
1777026002184683066,387.704,0,0.3968,-1.1866,1.2512,-71.511,1863.47,468.47,506.06,3.525
1777026002284744941,387.804,0,0.4108,-1.1976,1.2661,-71.068,1824.65,452.50,488.81,4.228
1777026002382382012,387.901,0,0.4246,-1.2094,1.2818,-70.656,1790.09,437.81,472.94,1.870
1777026002483471783,388.003,0,0.4370,-1.2240,1.2997,-70.353,1765.57,425.37,459.50,2.752
1777026002582705964,388.102,0,0.4483,-1.2391,1.3177,-70.112,1746.63,414.67,447.95,0.655
1777026002684637966,388.204,0,0.4588,-1.2573,1.3384,-69.953,1734.36,405.17,437.69,3.889
1777026002783879462,388.303,0,0.4706,-1.2801,1.3638,-69.813,1723.66,394.96,426.65,0.519
1777026002887900291,388.407,0,0.4858,-1.3105,1.3976,-69.661,1712.27,382.67,413.38,0.610
1777026002983573033,388.503,0,0.4982,-1.3360,1.4258,-69.550,1704.03,373.14,403.09,3.249
1777026003084063292,388.603,0,0.5121,-1.3639,1.4569,-69.419,1694.39,362.95,392.08,3.263
1777026003188302840,388.707,0,0.5271,-1.3940,1.4904,-69.287,1684.82,352.64,380.94,1.168
1777026003282893669,388.802,0,0.5397,-1.4192,1.5183,-69.179,1677.08,344.42,372.06,0.145
1777026003384451027,388.904,0,0.5533,-1.4476,1.5497,-69.081,1670.14,335.95,362.91,2.758
1777026003485099877,389.004,0,0.5665,-1.4751,1.5802,-68.992,1663.84,328.13,354.47,4.117
1777026003586557810,389.106,0,0.5798,-1.5026,1.6106,-68.898,1657.31,320.58,346.30,3.737
1777026003683535556,389.203,0,0.5892,-1.5206,1.6307,-68.819,1651.83,315.48,340.80,1.861
1777026003784689455,389.304,0,0.6024,-1.5405,1.6541,-68.644,1639.81,308.59,333.35,1.846
1777026003886057241,389.405,0,0.6160,-1.5610,1.6782,-68.465,1627.80,301.76,325.98,0.443
1777026003986550686,389.506,0,0.6322,-1.5804,1.7022,-68.198,1610.09,294.03,317.62,3.469
1777026004083379451,389.602,0,0.6472,-1.5965,1.7227,-67.932,1592.93,287.20,310.25,1.986
1777026004183563992,389.703,0,0.6636,-1.6134,1.7445,-67.642,1574.64,280.11,302.59,1.680
1777026004283595479,389.803,0,0.6815,-1.6300,1.7667,-67.312,1554.37,272.77,294.66,1.595
1777026004383522226,389.903,0,0.6993,-1.6448,1.7873,-66.965,1533.70,265.80,287.13,0.720
1777026004484806050,390.004,0,0.7191,-1.6587,1.8079,-66.561,1510.27,258.48,279.23,2.819
1777026004584113360,390.103,0,0.7381,-1.6722,1.8279,-66.183,1489.08,251.83,272.04,1.905
1777026004685619089,390.205,0,0.7599,-1.6835,1.8470,-65.705,1463.14,244.60,264.23,3.143
1777026004784510682,390.304,0,0.7807,-1.6941,1.8653,-65.258,1439.77,238.10,257.21,0.382
1777026004884497299,390.404,0,0.8016,-1.7030,1.8823,-64.794,1416.29,231.89,250.50,1.533
1777026004983975608,390.503,0,0.8243,-1.7116,1.8997,-64.286,1391.51,225.52,243.62,1.645
1777026005084354405,390.603,0,0.8460,-1.7188,1.9157,-63.794,1368.38,219.73,237.36,1.333
1777026005183148074,390.702,0,0.8692,-1.7237,1.9304,-63.241,1343.29,213.87,231.03,1.613
1777026005283087858,390.802,0,0.8921,-1.7284,1.9450,-62.701,1319.76,208.38,225.10,0.080
1777026005382866292,390.902,0,0.9158,-1.7308,1.9582,-62.116,1295.15,202.97,219.26,0.061
1777026005490655262,391.010,0,0.9419,-1.7332,1.9726,-61.478,1269.44,197.35,213.19,1.362
1777026005584595376,391.104,0,0.9611,-1.7333,1.9819,-60.991,1250.45,193.40,208.92,1.252
1777026005684891897,391.204,0,0.9757,-1.7324,1.9883,-60.612,1236.11,190.52,205.80,1.454
1777026005786138499,391.305,0,0.9899,-1.7329,1.9957,-60.262,1223.17,187.77,202.84,2.404
1777026005884377544,391.403,0,1.0074,-1.7320,2.0036,-59.817,1207.07,184.53,199.33,0.905
1777026005983351822,391.502,0,1.0230,-1.7304,2.0102,-59.409,1192.70,181.71,196.29,0.822
1777026006084940549,391.604,0,1.0385,-1.7287,2.0166,-59.005,1178.82,179.00,193.36,0.669
1777026006184342377,391.703,0,1.0539,-1.7262,2.0225,-58.593,1164.97,176.37,190.52,0.502
1777026006281033052,391.800,0,1.0620,-1.7253,2.0259,-58.385,1158.11,175.03,189.08,3.199
1777026006383757970,391.903,0,1.0666,-1.7245,2.0277,-58.263,1154.13,174.27,188.26,0.118
1777026006483228000,392.002,0,1.0647,-1.7247,2.0268,-58.312,1155.71,174.59,188.60,0.986
1777026006583733759,392.103,0,1.0649,-1.7247,2.0270,-58.307,1155.56,174.55,188.56,0.741
1777026006683562027,392.203,0,1.0644,-1.7250,2.0270,-58.323,1156.08,174.63,188.65,0.794
1777026006781432409,392.301,0,1.0646,-1.7249,2.0270,-58.316,1155.85,174.60,188.61,2.896
1777026006885258222,392.404,0,1.0647,-1.7248,2.0270,-58.313,1155.77,174.58,188.59,0.523
1777026006984131167,392.503,0,1.0644,-1.7250,2.0270,-58.324,1156.11,174.64,188.65,0.736
1777026007086809215,392.606,0,1.0649,-1.7246,2.0269,-58.304,1155.47,174.55,188.56,1.892
1777026007183793275,392.703,0,1.0648,-1.7247,2.0270,-58.309,1155.63,174.57,188.58,1.049
1777026007283417693,392.803,0,1.0649,-1.7247,2.0270,-58.306,1155.54,174.55,188.55,2.364
1777026007383569141,392.903,0,1.0645,-1.7250,2.0270,-58.321,1156.03,174.63,188.64,1.276
1777026007485501865,393.005,0,1.0646,-1.7249,2.0270,-58.317,1155.88,174.60,188.61,0.219
1777026007583481080,393.103,0,1.0648,-1.7247,2.0269,-58.309,1155.63,174.57,188.58,2.064
1777026007685578969,393.205,0,1.0646,-1.7249,2.0270,-58.316,1155.86,174.60,188.61,0.095
1777026007783724682,393.303,0,1.0651,-1.7245,2.0269,-58.301,1155.35,174.53,188.53,1.532
1777026007886325471,393.405,0,1.0649,-1.7247,2.0269,-58.308,1155.58,174.56,188.57,0.370
1777026007985604875,393.505,0,1.0644,-1.7250,2.0270,-58.323,1156.08,174.63,188.65,0.219
1777026008083740403,393.603,0,1.0644,-1.7250,2.0270,-58.325,1156.14,174.64,188.66,2.554
1777026008182367369,393.701,0,1.0645,-1.7249,2.0269,-58.320,1155.98,174.62,188.64,3.529
1777026008282429689,393.802,0,1.0677,-1.7244,2.0282,-58.235,1153.21,174.10,188.07,4.260
1777026008383353184,393.902,0,1.0730,-1.7233,2.0300,-58.093,1148.63,173.24,187.15,3.221
1777026008487190941,394.006,0,1.0850,-1.7211,2.0346,-57.773,1138.38,171.32,185.07,0.171
1777026008581974897,394.101,0,1.1023,-1.7178,2.0410,-57.312,1123.97,168.64,182.17,3.839
1777026008684568983,394.204,0,1.1152,-1.7154,2.0460,-56.971,1113.53,166.68,180.06,1.549
1777026008783916423,394.303,0,1.1321,-1.7123,2.0527,-56.529,1100.28,164.19,177.37,2.439
1777026008883865911,394.403,0,1.1476,-1.7091,2.0586,-56.121,1088.32,161.98,174.98,2.959
1777026008982973909,394.502,0,1.1620,-1.7069,2.0649,-55.755,1077.80,159.97,172.81,3.985
1777026009087409695,394.607,0,1.1768,-1.7039,2.0707,-55.368,1066.90,157.96,170.63,0.687
1777026009183001938,394.702,0,1.1906,-1.7015,2.0767,-55.018,1057.20,156.12,168.65,3.876
1777026009283840842,394.803,0,1.2054,-1.6989,2.0831,-54.643,1047.01,154.20,166.58,1.863
1777026009387180067,394.906,0,1.2219,-1.6965,2.0907,-54.238,1036.23,152.13,164.34,0.265
1777026009482996715,395.002,0,1.2364,-1.6936,2.0969,-53.869,1026.59,150.34,162.41,2.815
1777026009584436760,395.104,0,1.2519,-1.6910,2.1040,-53.486,1016.74,148.48,160.40,3.638
1777026009684116658,395.203,0,1.2675,-1.6877,2.1106,-53.092,1006.80,146.65,158.42,3.004
1777026009787040167,395.306,0,1.2785,-1.6861,2.1160,-52.829,1000.27,145.39,157.06,0.749
1777026009887987717,395.407,0,1.2962,-1.6830,2.1243,-52.397,989.71,143.40,154.91,0.424
1777026009983060929,395.502,0,1.3214,-1.6792,2.1368,-51.801,975.48,140.67,151.96,1.999
1777026010085078911,395.604,0,1.3653,-1.6713,2.1580,-50.754,951.37,136.15,147.08,2.699
1777026010183503713,395.703,0,1.3952,-1.6656,2.1727,-50.048,935.70,133.23,143.92,4.149
1777026010285219551,395.804,0,1.4229,-1.6612,2.1873,-49.418,922.11,130.63,141.12,3.500
1777026010383544706,395.903,0,1.4495,-1.6574,2.2018,-48.828,909.70,128.24,138.53,4.427
1777026010484648495,396.004,0,1.4832,-1.6508,2.2192,-48.061,894.00,125.33,135.39,3.355
1777026010585883301,396.105,0,1.5130,-1.6457,2.2355,-47.405,880.93,122.86,132.72,2.585
1777026010684326233,396.203,0,1.5435,-1.6399,2.2520,-46.735,867.91,120.43,130.10,3.856
1777026010784427219,396.304,0,1.5712,-1.6353,2.2678,-46.146,856.72,118.31,127.80,3.933
1777026010883361922,396.402,0,1.5947,-1.6305,2.2807,-45.634,847.21,116.56,125.91,3.181
1777026010983369373,396.502,0,1.6207,-1.6245,2.2947,-45.067,836.85,114.69,123.89,3.107
1777026011083936075,396.603,0,1.6442,-1.6180,2.3068,-44.540,827.42,113.05,122.13,3.377
1777026011183179886,396.702,0,1.6668,-1.6111,2.3182,-44.025,818.36,111.52,120.47,2.819
1777026011284511414,396.804,0,1.6910,-1.6008,2.3286,-43.430,808.10,109.92,118.74,4.212
1777026011386513637,396.906,0,1.7149,-1.5901,2.3387,-42.837,798.06,108.39,117.09,2.605
1777026011482704187,397.002,0,1.7354,-1.5801,2.3470,-42.318,789.43,107.11,115.71,1.935
1777026011583921827,397.103,0,1.7573,-1.5680,2.3551,-41.743,780.04,105.78,114.27,2.764
1777026011684665454,397.204,0,1.7788,-1.5548,2.3626,-41.156,770.63,104.50,112.88,3.248
1777026011783776322,397.303,0,1.7992,-1.5413,2.3691,-40.584,761.62,103.31,111.61,2.198
1777026011884935518,397.404,0,1.8194,-1.5261,2.3746,-39.989,752.40,102.17,110.37,3.543
1777026011987175405,397.506,0,1.8399,-1.5095,2.3799,-39.367,742.93,101.03,109.14,2.810
1777026012087821866,397.607,0,1.8588,-1.4929,2.3841,-38.771,734.01,100.00,108.03,2.003
1777026012184492448,397.704,0,1.8754,-1.4771,2.3872,-38.223,725.97,99.12,107.07,3.293
1777026012284733617,397.804,0,1.8922,-1.4592,2.3895,-37.639,717.49,98.24,106.12,2.675
1777026012384752419,397.904,0,1.9099,-1.4386,2.3911,-36.988,708.22,97.32,105.13,2.854
1777026012483287257,398.002,0,1.9248,-1.4208,2.3924,-36.433,700.45,96.57,104.32,1.282
1777026012587200273,398.106,0,1.9406,-1.3992,2.3924,-35.791,691.57,95.78,103.47,3.637
1777026012682822367,398.202,0,1.9526,-1.3813,2.3918,-35.275,684.56,95.20,102.84,0.163
1777026012782614746,398.302,0,1.9651,-1.3599,2.3897,-34.684,676.63,94.59,102.18,0.088
1777026012884167011,398.403,0,1.9778,-1.3366,2.3871,-34.051,668.25,93.98,101.53,1.360
1777026012987331591,398.506,0,1.9895,-1.3132,2.3838,-33.426,660.10,93.43,100.93,3.712
1777026013083320477,398.602,0,1.9984,-1.2922,2.3798,-32.887,653.17,93.01,100.48,0.778
1777026013182791156,398.702,0,2.0083,-1.2671,2.3747,-32.249,645.08,92.56,99.98,0.608
1777026013284040703,398.803,1,2.0173,-1.2423,2.3691,-31.626,637.28,92.15,99.54,1.097
1777026013382234841,398.901,1,2.0263,-1.2159,2.3631,-30.965,629.12,91.73,99.09,0.971
1777026013484258360,399.003,1,2.0351,-1.1875,2.3562,-30.264,620.59,91.34,98.67,0.635
1777026013583080305,399.102,1,2.0437,-1.1604,2.3502,-29.589,612.49,90.96,98.25,0.504
1777026013687265892,399.206,1,2.0526,-1.1325,2.3443,-28.887,604.19,90.56,97.83,3.230
1777026013782759858,399.302,1,2.0606,-1.1031,2.3373,-28.162,595.72,90.21,97.45,0.700
1777026013885063781,399.404,1,2.0687,-1.0739,2.3308,-27.435,587.35,89.86,97.07,1.261
1777026013983039977,399.502,1,2.0769,-1.0439,2.3245,-26.686,578.83,89.50,96.68,0.457
1777026014083172556,399.602,1,2.0859,-1.0146,2.3195,-25.939,570.45,89.12,96.27,0.528
1777026014183537205,399.703,1,2.0940,-0.9860,2.3145,-25.213,562.42,88.77,95.89,1.096
1777026014285443022,399.805,1,2.1030,-0.9556,2.3099,-24.438,553.94,88.39,95.48,2.174
1777026014383732419,399.903,1,2.1116,-0.9259,2.3057,-23.676,545.70,88.03,95.09,0.527
1777026014482581586,400.002,1,2.1197,-0.8977,2.3019,-22.953,537.97,87.69,94.73,2.090
1777026014587014299,400.106,1,2.1283,-0.8675,2.2983,-22.176,529.77,87.34,94.35,2.687
1777026014686967305,400.206,1,2.1369,-0.8374,2.2951,-21.398,521.63,86.99,93.97,2.179
1777026014782690417,400.302,1,2.1450,-0.8084,2.2923,-20.649,513.89,86.66,93.61,1.988
1777026014887589587,400.407,1,2.1533,-0.7778,2.2895,-19.861,505.82,86.32,93.25,1.141
1777026014985111345,400.504,1,2.1614,-0.7494,2.2876,-19.122,498.32,86.00,92.90,0.819
1777026015087253085,400.606,1,2.1693,-0.7197,2.2856,-18.353,490.60,85.69,92.56,2.664
1777026015184421179,400.704,1,2.1767,-0.6908,2.2837,-17.607,483.16,85.40,92.25,0.117
1777026015284112096,400.803,1,2.1836,-0.6612,2.2815,-16.846,475.65,85.13,91.96,0.840
1777026015383284723,400.902,1,2.1911,-0.6309,2.2801,-16.064,467.98,84.84,91.64,1.434
1777026015481674248,401.001,1,2.1979,-0.6008,2.2786,-15.289,460.45,84.57,91.36,3.361
1777026015587417167,401.107,1,2.2052,-0.5713,2.2780,-14.524,453.07,84.29,91.06,2.082
1777026015684689502,401.204,1,2.2125,-0.5409,2.2776,-13.737,445.53,84.02,90.76,1.367
1777026015789339990,401.308,1,2.2196,-0.5117,2.2779,-12.982,438.33,83.75,90.47,4.066
1777026015883867190,401.403,1,2.2267,-0.4822,2.2783,-12.218,431.11,83.48,90.18,2.556
1777026015986925474,401.506,1,2.2342,-0.4513,2.2793,-11.420,423.60,83.20,89.88,1.263
1777026016082287776,401.601,1,2.2410,-0.4244,2.2809,-10.723,417.08,82.95,89.60,4.027
1777026016185108970,401.704,1,2.2482,-0.3975,2.2831,-10.026,410.59,82.68,89.31,3.188
1777026016283636068,401.803,1,2.2567,-0.3711,2.2871,-9.339,404.22,82.37,88.98,2.825
1777026016383004470,401.902,1,2.2661,-0.3452,2.2922,-8.660,397.95,82.03,88.61,3.064
1777026016483391230,402.002,1,2.2754,-0.3196,2.2977,-7.996,391.83,81.69,88.25,2.601
1777026016592352186,402.111,1,2.2872,-0.2907,2.3056,-7.244,384.93,81.27,87.79,2.018
1777026016682489901,402.202,1,2.2961,-0.2706,2.3119,-6.721,380.14,80.96,87.45,3.519
1777026016787065112,402.306,1,2.3084,-0.2453,2.3214,-6.067,374.18,80.52,86.99,0.591
1777026016884604295,402.404,1,2.3215,-0.2202,2.3319,-5.418,368.27,80.07,86.50,1.750
1777026016983980771,402.503,1,2.3355,-0.1966,2.3438,-4.812,362.76,79.59,85.98,2.335
1777026017083170009,402.602,1,2.3498,-0.1736,2.3562,-4.225,357.45,79.11,85.46,3.435
1777026017183130626,402.702,1,2.3641,-0.1516,2.3689,-3.669,352.41,78.63,84.94,3.877
1777026017284558263,402.804,1,2.3799,-0.1290,2.3834,-3.103,347.29,78.11,84.37,2.373
1777026017391130229,402.910,1,2.3951,-0.1092,2.3976,-2.611,342.84,77.61,83.84,4.181
1777026017483840802,403.003,1,2.4112,-0.0911,2.4130,-2.164,338.81,77.09,83.28,2.978
1777026017590810577,403.110,1,2.4285,-0.0730,2.4296,-1.723,334.83,76.54,82.68,2.457
1777026017692837430,403.212,1,2.4478,-0.0549,2.4484,-1.284,330.87,75.94,82.03,2.680
1777026017793992533,403.313,1,2.4675,-0.0405,2.4678,-0.940,327.77,75.33,81.38,3.691
1777026017885879061,403.405,1,2.4854,-0.0265,2.4855,-0.611,324.80,74.79,80.79,1.994
1777026017994180376,403.513,1,2.5077,-0.0110,2.5078,-0.251,321.56,74.12,80.07,1.365
1777026018083801245,403.603,1,2.5260,-0.0001,2.5260,-0.003,319.33,73.59,79.50,3.842
1777026018186828585,403.706,1,2.5458,0.0099,2.5458,0.222,317.30,73.02,78.88,8.061
1777026018282275182,403.801,1,2.5691,0.0203,2.5692,0.452,315.23,72.35,78.16,2.617
1777026018386850412,403.906,1,2.5924,0.0292,2.5926,0.646,313.48,71.70,77.46,1.348
1777026018490448894,404.010,1,2.6155,0.0357,2.6157,0.782,312.26,71.07,76.77,2.211
1777026018589770463,404.109,1,2.6378,0.0397,2.6381,0.863,311.52,70.47,76.13,0.802
1777026018685448168,404.205,1,2.6613,0.0462,2.6617,0.994,310.34,69.85,75.45,4.573
1777026018787083710,404.306,1,2.6851,0.0504,2.6856,1.075,309.61,69.23,74.78,1.118
1777026018901123050,404.420,1,2.7109,0.0512,2.7114,1.081,309.55,68.57,74.07,3.922
1777026018990455441,404.510,1,2.7322,0.0514,2.7327,1.078,309.58,68.03,73.49,2.020
1777026019098569685,404.618,1,2.7519,0.0509,2.7524,1.060,309.75,67.55,72.97,0.204
1777026019195992795,404.715,1,2.7627,0.0501,2.7631,1.038,309.95,67.28,72.68,1.977
1777026019297615226,404.817,1,2.7753,0.0486,2.7757,1.003,310.26,66.98,72.35,0.182
1777026019396675743,404.916,1,2.7867,0.0459,2.7871,0.943,310.80,66.70,72.06,1.141
1777026019494568070,405.014,1,2.7941,0.0444,2.7944,0.910,311.10,66.53,71.87,2.554
1777026019583874887,405.103,1,2.8031,0.0432,2.8034,0.882,311.35,66.31,71.64,3.489
1777026019682424114,405.202,1,2.8126,0.0384,2.8129,0.782,312.26,66.09,71.39,1.445
1777026019782349509,405.301,1,2.8227,0.0348,2.8229,0.706,312.94,65.85,71.14,0.272
1777026019885432905,405.405,1,2.8326,0.0308,2.8328,0.623,313.68,65.62,70.89,4.111
1777026019983667894,405.503,1,2.8435,0.0255,2.8437,0.513,314.68,65.37,70.62,2.358
1777026020082761244,405.602,1,2.8530,0.0205,2.8531,0.411,315.59,65.15,70.38,1.126
1777026020182893804,405.702,1,2.8560,0.0178,2.8561,0.357,316.08,65.08,70.31,1.912
1777026020283439822,405.803,1,2.8594,0.0144,2.8594,0.288,316.71,65.01,70.22,1.447
1777026020383491049,405.903,1,2.8581,0.0145,2.8581,0.290,316.68,65.04,70.26,0.277
1777026020484076771,406.003,1,2.8578,0.0149,2.8579,0.298,316.61,65.04,70.26,2.782
1777026020584151979,406.103,1,2.8581,0.0143,2.8581,0.287,316.72,65.04,70.26,2.668
1777026020682705780,406.202,1,2.8582,0.0140,2.8582,0.280,316.78,65.04,70.25,1.036
1777026020786183560,406.305,1,2.8580,0.0128,2.8580,0.258,316.98,65.04,70.26,3.982
1777026020884193552,406.403,1,2.8580,0.0125,2.8580,0.251,317.04,65.04,70.26,1.116
1777026020983495899,406.503,1,2.8577,0.0117,2.8577,0.235,317.18,65.05,70.27,0.212
1777026021084105435,406.603,1,2.8573,0.0121,2.8574,0.242,317.12,65.05,70.28,2.047
1777026021182081168,406.701,1,2.8575,0.0094,2.8575,0.189,317.60,65.05,70.27,0.338
1777026021283096866,406.802,1,2.8572,0.0110,2.8572,0.221,317.31,65.06,70.28,0.854
1777026021383738716,406.903,1,2.8571,0.0102,2.8572,0.205,317.45,65.06,70.28,1.293
1777026021484389214,407.003,1,2.8570,0.0099,2.8570,0.199,317.51,65.06,70.28,1.544
1777026021585155322,407.104,1,2.8568,0.0096,2.8568,0.193,317.56,65.07,70.29,2.046
1777026021684958182,407.204,1,2.8567,0.0084,2.8567,0.169,317.78,65.07,70.29,2.160
1777026021782869101,407.302,1,2.8565,0.0079,2.8565,0.159,317.87,65.07,70.30,0.484
1777026021884511977,407.404,1,2.8553,0.0076,2.8553,0.153,317.92,65.10,70.33,1.560
1777026021984135969,407.503,1,2.8557,0.0066,2.8557,0.133,318.10,65.09,70.32,2.023
1777026022083235170,407.602,1,2.8546,0.0068,2.8546,0.136,318.07,65.12,70.34,0.067
1777026022186299695,407.705,1,2.8548,0.0072,2.8548,0.144,318.01,65.11,70.34,3.022
1777026022284030617,407.803,1,2.8543,0.0060,2.8543,0.120,318.22,65.12,70.35,0.613
1777026022383026375,407.902,1,2.8540,0.0048,2.8540,0.097,318.43,65.13,70.36,0.213
1777026022485168523,408.004,1,2.8536,0.0052,2.8536,0.104,318.36,65.14,70.37,1.779
1777026022582913092,408.102,1,2.8520,0.0051,2.8520,0.102,318.38,65.18,70.41,0.484
1777026022687706782,408.207,1,2.8514,0.0045,2.8514,0.090,318.49,65.19,70.42,4.080
1777026022783954129,408.303,1,2.8509,0.0046,2.8509,0.092,318.47,65.20,70.43,1.761
1777026022883975412,408.403,1,2.8504,0.0029,2.8504,0.059,318.77,65.21,70.45,0.291
1777026022983167390,408.502,1,2.8512,0.0027,2.8512,0.055,318.81,65.20,70.43,0.715
1777026023082276758,408.601,1,2.8505,0.0060,2.8505,0.121,318.21,65.21,70.44,2.065
1777026023183067014,408.702,1,2.8490,0.0019,2.8490,0.039,318.95,65.25,70.48,1.815
1777026023283339165,408.802,1,2.8485,0.0033,2.8485,0.066,318.70,65.26,70.49,1.226
1777026023384146643,408.903,1,2.8480,0.0023,2.8480,0.045,318.89,65.27,70.51,0.088
1777026023482187264,409.001,1,2.8476,0.0024,2.8476,0.048,318.87,65.28,70.52,2.758
1777026023583639568,409.103,1,2.8463,0.0053,2.8463,0.106,318.34,65.31,70.55,1.345
1777026023682917416,409.202,1,2.8462,0.0019,2.8462,0.038,318.96,65.31,70.55,1.668
1777026023783159104,409.302,1,2.8455,0.0015,2.8455,0.031,319.02,65.33,70.57,1.603
1777026023887727870,409.407,1,2.8452,0.0017,2.8452,0.035,318.99,65.33,70.58,2.348
1777026023982949803,409.502,1,2.8446,0.0011,2.8446,0.022,319.11,65.35,70.59,1.942
1777026024083161566,409.602,1,2.8450,0.0017,2.8450,0.034,319.00,65.34,70.58,2.007
1777026024184554574,409.704,1,2.8442,0.0021,2.8442,0.042,318.92,65.36,70.60,0.878
1777026024283542017,409.803,1,2.8436,0.0021,2.8436,0.041,318.93,65.37,70.62,1.544
1777026024386161418,409.905,1,2.8434,0.0023,2.8434,0.046,318.89,65.37,70.62,0.427
1777026024484224984,410.003,1,2.8428,0.0030,2.8428,0.060,318.76,65.39,70.64,2.449
1777026024586527185,410.106,1,2.8415,0.0019,2.8415,0.038,318.96,65.42,70.67,1.037
1777026024683786723,410.203,1,2.8421,0.0033,2.8421,0.066,318.70,65.40,70.65,2.346
1777026024783472732,410.303,1,2.8412,0.0016,2.8412,0.033,319.00,65.43,70.68,3.118
1777026024882482676,410.402,1,2.8408,0.0033,2.8408,0.067,318.70,65.43,70.68,3.916
1777026024984404992,410.504,1,2.8407,0.0031,2.8407,0.062,318.74,65.44,70.69,1.599
1777026025082932867,410.602,1,2.8387,0.0029,2.8387,0.059,318.77,65.48,70.74,0.944
1777026025184071712,410.703,1,2.8388,0.0038,2.8388,0.077,318.61,65.48,70.74,2.157
1777026025283833850,410.803,1,2.8386,0.0038,2.8386,0.076,318.62,65.49,70.74,3.088
1777026025383211363,410.902,1,2.8377,0.0051,2.8377,0.104,318.36,65.50,70.76,3.459
1777026025484583019,411.004,1,2.8380,0.0046,2.8380,0.093,318.46,65.50,70.75,1.923
1777026025583374521,411.102,1,2.8347,0.0060,2.8348,0.121,318.21,65.57,70.84,3.546
1777026025683224121,411.202,1,2.8224,0.0079,2.8225,0.161,317.85,65.86,71.14,3.830
1777026025783992877,411.303,1,2.8021,0.0116,2.8021,0.238,317.16,66.34,71.66,3.204
1777026025886038081,411.405,1,2.7773,0.0182,2.7774,0.376,315.91,66.93,72.30,0.846
1777026025984871638,411.504,1,2.7585,0.0221,2.7586,0.459,315.17,67.39,72.79,1.622
1777026026084398371,411.603,1,2.7388,0.0272,2.7390,0.569,314.17,67.87,73.32,3.007
1777026026184679226,411.704,1,2.7196,0.0318,2.7198,0.669,313.27,68.35,73.83,2.727
1777026026284982173,411.804,1,2.7000,0.0370,2.7003,0.785,312.23,68.85,74.37,2.337
1777026026382146286,411.901,1,2.6823,0.0407,2.6826,0.870,311.46,69.30,74.86,0.586
1777026026483991603,412.003,1,2.6629,0.0451,2.6633,0.970,310.56,69.81,75.41,3.488
1777026026584429271,412.104,1,2.6421,0.0513,2.6426,1.111,309.28,70.36,76.00,3.125
1777026026683485121,412.203,1,2.6229,0.0561,2.6235,1.226,308.25,70.87,76.56,0.249
1777026026783019095,412.302,1,2.6035,0.0617,2.6042,1.357,307.07,71.40,77.13,3.713
1777026026885373907,412.404,1,2.5758,0.0688,2.5768,1.531,305.50,72.16,77.96,2.511
1777026026983723988,412.503,1,2.5441,0.0769,2.5453,1.731,303.69,73.06,78.93,3.826
1777026027081563926,412.601,1,2.5146,0.0867,2.5161,1.974,301.51,73.92,79.85,1.762
1777026027182921490,412.702,1,2.4865,0.0952,2.4883,2.193,299.52,74.76,80.76,2.938
1777026027284839362,412.804,1,2.4568,0.1044,2.4590,2.432,297.37,75.66,81.73,3.640
1777026027383520736,412.903,1,2.4304,0.1135,2.4330,2.674,295.18,76.48,82.62,3.206
1777026027483460890,413.003,1,2.4023,0.1234,2.4055,2.941,292.78,77.38,83.59,2.669
1777026027582497093,413.102,1,2.3737,0.1330,2.3774,3.206,290.38,78.31,84.59,1.641
1777026027683355625,413.202,1,2.3456,0.1430,2.3500,3.488,287.83,79.25,85.61,2.375
1777026027783888106,413.303,1,2.3173,0.1534,2.3224,3.787,285.12,80.22,86.65,2.700
1777026027882881680,413.402,1,2.2890,0.1642,2.2949,4.104,282.25,81.21,87.72,1.709
1777026027983756416,413.503,1,2.2609,0.1756,2.2677,4.442,279.19,82.22,88.82,2.975
1777026028084055640,413.603,1,2.2331,0.1885,2.2411,4.825,275.72,83.24,89.92,2.762
1777026028183079269,413.702,1,2.2061,0.1980,2.2149,5.129,272.96,84.26,91.02,1.872
1777026028285599652,413.805,1,2.1766,0.2106,2.1868,5.527,269.34,85.40,92.25,3.974
1777026028383448961,413.903,1,2.1524,0.2215,2.1637,5.876,266.16,86.36,93.29,2.592
1777026028483311858,414.002,1,2.1287,0.2337,2.1415,6.266,262.61,87.32,94.33,1.936
1777026028582449540,414.102,1,2.1061,0.2463,2.1205,6.670,258.92,88.26,95.34,1.157
1777026028684379875,414.203,1,2.0875,0.2581,2.1034,7.049,255.45,89.05,96.19,3.260
1777026028784470250,414.304,1,2.0756,0.2673,2.0927,7.338,252.81,89.56,96.74,2.934
1777026028883434306,414.403,1,2.0635,0.2764,2.0819,7.629,250.14,90.08,97.31,0.634
1777026028983885195,414.503,1,2.0501,0.2868,2.0700,7.964,247.06,90.67,97.95,1.984
1777026029084175846,414.603,1,2.0363,0.2979,2.0579,8.323,243.76,91.29,98.61,1.964
1777026029182572555,414.702,1,2.0169,0.3159,2.0414,8.902,238.42,92.17,99.56,0.182
1777026029283480847,414.803,1,1.9999,0.3342,2.0276,9.488,233.01,92.95,100.41,1.314
1777026029383735646,414.903,1,1.9847,0.3517,2.0157,10.049,227.80,93.66,101.17,0.792
1777026029484015463,415.003,1,1.9706,0.3718,2.0053,10.684,221.89,94.33,101.90,2.000
1777026029583882452,415.103,1,1.9587,0.3899,1.9971,11.258,216.52,94.90,102.52,1.702
1777026029687922207,415.207,1,1.9455,0.4130,1.9888,11.987,209.67,95.55,103.21,3.063
1777026029781968264,415.301,1,1.9365,0.4329,1.9843,12.602,203.86,95.99,103.69,1.026
1777026029886658104,415.406,1,1.9273,0.4556,1.9804,13.299,197.25,96.45,104.19,3.885
1777026029983535461,415.503,1,1.9198,0.4784,1.9785,13.992,190.64,96.82,104.59,0.504
1777026030084234977,415.603,1,1.9134,0.5013,1.9780,14.682,184.01,97.15,104.94,1.266
1777026030184873142,415.704,1,1.9085,0.5246,1.9793,15.369,177.38,97.40,105.21,1.243
1777026030283199816,415.802,1,1.9051,0.5487,1.9825,16.066,170.59,97.57,105.40,0.243
1777026030383269432,415.902,1,1.9028,0.5727,1.9872,16.752,163.88,97.69,105.53,0.078
1777026030484921789,416.004,1,1.9025,0.5960,1.9936,17.394,157.55,97.71,105.55,1.810
1777026030584304746,416.103,1,1.9040,0.6203,2.0025,18.045,151.08,97.63,105.46,0.849
1777026030683545187,416.203,1,1.9062,0.6433,2.0118,18.650,145.03,97.52,105.34,0.209
1777026030782596797,416.302,1,1.9106,0.6682,2.0241,19.276,138.72,97.29,105.10,2.513
1777026030884205691,416.403,1,1.9160,0.6916,2.0370,19.847,132.93,97.02,104.80,0.838
1777026030984364213,416.503,1,1.9232,0.7146,2.0516,20.384,127.44,96.66,104.41,0.796
1777026031083682431,416.603,1,1.9323,0.7367,2.0680,20.870,122.43,96.20,103.92,0.508
1777026031182368249,416.701,1,1.9424,0.7579,2.0850,21.314,117.84,95.70,103.38,1.833
1777026031283815608,416.803,1,1.9541,0.7794,2.1038,21.746,113.34,95.13,102.76,0.511
1777026031387192278,416.906,1,1.9669,0.7997,2.1232,22.126,109.36,94.51,102.09,7.226
1777026031483109183,417.002,1,1.9806,0.8186,2.1431,22.456,105.89,93.85,101.38,1.695
1777026031583201910,417.102,1,1.9964,0.8373,2.1649,22.754,102.74,93.11,100.58,1.109
1777026031685011932,417.204,1,2.0133,0.8549,2.1873,23.008,100.04,92.33,99.74,0.268
1777026031784596869,417.304,1,2.0306,0.8715,2.2097,23.227,97.70,91.54,98.89,0.265
1777026031883253909,417.402,1,2.0486,0.8871,2.2324,23.414,95.71,90.74,98.02,1.940
1777026031983755131,417.503,1,2.0670,0.8995,2.2542,23.518,94.60,89.93,97.15,0.035
1777026032086454494,417.606,1,2.0887,0.9136,2.2797,23.624,93.46,89.00,96.14,1.019
1777026032189775035,417.709,1,2.1120,0.9257,2.3059,23.669,92.98,88.02,95.08,3.629
1777026032284347771,417.803,1,2.1315,0.9356,2.3278,23.699,92.65,87.21,94.21,1.173
1777026032384666644,417.904,1,2.1525,0.9431,2.3500,23.661,93.06,86.36,93.29,7.098
1777026032483615088,418.003,1,2.1766,0.9507,2.3752,23.595,93.77,85.40,92.25,1.754
1777026032584312400,418.103,1,2.2004,0.9573,2.3996,23.512,94.66,84.48,91.26,0.725
1777026032686672008,418.206,1,2.2239,0.9611,2.4227,23.372,96.16,83.58,90.29,1.296
1777026032781284836,418.300,1,2.2452,0.9640,2.4434,23.236,97.61,82.79,89.44,4.182
1777026032885518181,418.405,1,2.2721,0.9653,2.4686,23.019,99.93,81.81,88.38,0.333
1777026032983948094,418.503,1,2.2959,0.9647,2.4904,22.791,102.34,80.96,87.46,1.941
1777026033083030852,418.602,1,2.3184,0.9635,2.5106,22.567,104.72,80.18,86.61,2.899
1777026033182455642,418.702,1,2.3434,0.9600,2.5324,22.277,107.77,79.32,85.69,3.329
1777026033281754397,418.801,1,2.3647,0.9555,2.5504,22.003,110.66,78.61,84.92,3.815
1777026033392106466,418.911,1,2.3911,0.9483,2.5723,21.634,114.51,77.74,83.98,2.470
1777026033488155111,419.007,1,2.4114,0.9422,2.5889,21.341,117.56,77.09,83.27,2.008
1777026033585443186,419.105,1,2.4335,0.9331,2.6063,20.978,121.32,76.38,82.51,1.226
1777026033688117938,419.207,1,2.4551,0.9224,2.6226,20.592,125.30,75.71,81.79,0.940
1777026033782227402,419.301,1,2.4746,0.9118,2.6372,20.227,129.05,75.12,81.14,3.947
1777026033883368876,419.402,1,2.4951,0.8987,2.6520,19.808,133.32,74.50,80.48,5.090
1777026033985362544,419.504,1,2.5156,0.8837,2.6663,19.356,137.92,73.89,79.82,2.014
1777026034084376098,419.603,1,2.5325,0.8719,2.6783,18.998,141.53,73.40,79.29,3.148
1777026034184539454,419.704,1,2.5477,0.8562,2.6877,18.575,145.78,72.96,78.82,3.053
1777026034282990811,419.802,1,2.5596,0.8402,2.6939,18.172,149.82,72.62,78.45,4.010
1777026034384307153,419.903,1,2.5709,0.8233,2.6995,17.757,153.95,72.30,78.10,2.950
1777026034482905176,420.002,1,2.5799,0.8061,2.7029,17.351,157.98,72.05,77.83,3.656
1777026034584258221,420.103,1,2.5875,0.7871,2.7045,16.919,162.24,71.84,77.61,3.294
1777026034682955798,420.202,1,2.5923,0.7705,2.7043,16.553,165.83,71.71,77.46,3.997
1777026034784917021,420.304,1,2.5963,0.7488,2.7021,16.088,170.38,71.60,77.34,2.553
1777026034883344564,420.402,1,2.5985,0.7287,2.6987,15.666,174.50,71.54,77.28,4.094
1777026034984614574,420.504,1,2.5979,0.7042,2.6917,15.167,179.33,71.55,77.29,3.311
1777026035083866070,420.603,1,2.5971,0.6809,2.6849,14.692,183.92,71.57,77.32,3.603
1777026035184417662,420.704,1,2.5950,0.6535,2.6760,14.134,189.27,71.63,77.38,4.357
1777026035283238626,420.802,1,2.5913,0.6289,2.6666,13.642,193.98,71.73,77.49,2.608
1777026035383620738,420.903,1,2.5873,0.5951,2.6549,12.953,200.54,71.84,77.61,2.793
1777026035484462845,421.004,1,2.5825,0.5621,2.6429,12.279,206.92,71.98,77.76,3.620
1777026035583000887,421.102,1,2.5799,0.5341,2.6346,11.697,212.40,72.05,77.83,2.897
1777026035684292304,421.203,1,2.5755,0.5038,2.6244,11.069,218.29,72.17,77.96,3.555
1777026035783782093,421.303,1,2.5723,0.4736,2.6155,10.431,224.24,72.27,78.06,3.117
1777026035883595564,421.403,1,2.5682,0.4418,2.6060,9.762,230.47,72.38,78.19,2.517
1777026035986995048,421.506,1,2.5649,0.4089,2.5973,9.058,236.98,72.47,78.29,4.246
1777026036082765715,421.602,1,2.5616,0.3808,2.5897,8.456,242.54,72.57,78.39,1.703
1777026036184019540,421.703,1,2.5580,0.3507,2.5820,7.806,248.52,72.67,78.50,2.608
1777026036284144340,421.803,1,2.5547,0.3203,2.5747,7.146,254.56,72.76,78.60,3.114
1777026036384600989,421.904,1,2.5511,0.2897,2.5675,6.480,260.66,72.86,78.71,3.693
1777026036483626117,422.003,1,2.5475,0.2591,2.5607,5.808,266.78,72.97,78.82,2.511
1777026036582948539,422.102,1,2.5445,0.2270,2.5546,5.097,273.25,73.05,78.92,2.074
1777026036683673684,422.203,1,2.5411,0.1967,2.5487,4.426,279.33,73.15,79.02,2.542
1777026036783023772,422.302,1,2.5374,0.1670,2.5429,3.765,285.32,73.26,79.14,1.717
1777026036882289027,422.401,1,2.5339,0.1353,2.5375,3.057,291.73,73.36,79.25,0.605
1777026036984519117,422.504,1,2.5306,0.1043,2.5327,2.361,298.01,73.46,79.35,2.949
1777026037085167393,422.604,1,2.5272,0.0744,2.5283,1.686,304.10,73.55,79.46,3.278
1777026037184713849,422.704,1,2.5237,0.0428,2.5241,0.971,310.55,73.66,79.57,1.628
1777026037284283286,422.803,1,2.5204,0.0123,2.5204,0.280,316.78,73.75,79.67,2.067
1777026037383574745,422.903,1,2.5168,-0.0180,2.5169,-0.411,323.00,73.86,79.78,1.474
1777026037483628546,423.003,1,2.5139,-0.0469,2.5143,-1.069,328.94,73.94,79.88,0.420
1777026037585397568,423.104,1,2.5114,-0.0768,2.5126,-1.752,335.09,74.02,79.96,3.284
1777026037683311710,423.202,1,2.5091,-0.1064,2.5114,-2.428,341.19,74.08,80.03,0.916
1777026037786705361,423.306,1,2.5073,-0.1357,2.5110,-3.097,347.24,74.14,80.09,4.408
1777026037883325869,423.402,1,2.5055,-0.1638,2.5108,-3.741,353.06,74.19,80.14,1.080
1777026037984079811,423.503,1,2.5041,-0.1928,2.5116,-4.403,359.06,74.23,80.19,0.770
1777026038084780290,423.604,1,2.5035,-0.2182,2.5130,-4.980,364.29,74.25,80.21,2.127
1777026038185120143,423.704,1,2.5035,-0.2510,2.5161,-5.725,371.07,74.25,80.21,2.110
1777026038285072705,423.804,1,2.5040,-0.2782,2.5194,-6.339,376.66,74.24,80.19,1.157
1777026038384456163,423.904,1,2.5051,-0.3033,2.5234,-6.904,381.82,74.20,80.16,0.913
1777026038483427255,424.003,1,2.5060,-0.3209,2.5264,-7.296,385.41,74.18,80.13,0.479
1777026038583550407,424.103,1,2.5075,-0.3403,2.5305,-7.728,389.37,74.13,80.08,0.671
1777026038683714856,424.203,1,2.5083,-0.3600,2.5340,-8.167,393.40,74.11,80.06,0.839
1777026038787339782,424.306,1,2.5103,-0.3801,2.5389,-8.611,397.49,74.05,79.99,3.791
1777026038884749615,424.404,1,2.5121,-0.3997,2.5437,-9.042,401.46,74.00,79.93,0.655
1777026038986536599,424.506,1,2.5140,-0.4212,2.5490,-9.510,405.80,73.94,79.87,2.876
1777026039088297807,424.607,1,2.5164,-0.4417,2.5549,-9.956,409.94,73.87,79.80,3.281
1777026039183965067,424.703,1,2.5189,-0.4575,2.5601,-10.294,413.08,73.80,79.72,0.287
1777026039287182887,424.806,1,2.5210,-0.4808,2.5665,-10.798,417.78,73.73,79.65,2.696
1777026039384370833,424.903,1,2.5241,-0.5011,2.5733,-11.228,421.80,73.64,79.55,0.666
1777026039482472936,425.002,1,2.5272,-0.5204,2.5803,-11.635,425.62,73.55,79.45,1.926
1777026039582757697,425.102,1,2.5312,-0.5403,2.5882,-12.050,429.53,73.44,79.33,1.198
1777026039683893820,425.203,1,2.5346,-0.5596,2.5957,-12.450,433.30,73.34,79.22,0.293
1777026039784392282,425.303,1,2.5388,-0.5778,2.6037,-12.822,436.82,73.22,79.09,0.035
1777026039882881862,425.402,1,2.5406,-0.5864,2.6074,-12.997,438.48,73.17,79.04,1.297
1777026039983246400,425.502,1,2.5408,-0.5837,2.6070,-12.937,437.91,73.16,79.03,1.343
1777026040082643524,425.602,1,2.5401,-0.5861,2.6069,-12.992,438.44,73.18,79.05,2.302
1777026040183566853,425.703,1,2.5403,-0.5862,2.6070,-12.993,438.44,73.17,79.05,0.995
1777026040283923354,425.803,1,2.5401,-0.5869,2.6070,-13.009,438.59,73.18,79.05,0.672
1777026040384259282,425.903,1,2.5403,-0.5857,2.6070,-12.984,438.36,73.17,79.04,1.367
1777026040489855759,426.009,1,2.5404,-0.5857,2.6070,-12.983,438.34,73.17,79.04,3.793
1777026040583355397,426.102,1,2.5404,-0.5854,2.6070,-12.976,438.28,73.17,79.04,1.561
1777026040681842550,426.201,1,2.5404,-0.5858,2.6070,-12.985,438.36,73.17,79.04,3.346
1777026040784515488,426.304,1,2.5405,-0.5854,2.6070,-12.976,438.28,73.17,79.04,1.012
1777026040882602386,426.402,1,2.5405,-0.5848,2.6070,-12.963,438.16,73.17,79.04,3.371
1777026040983088609,426.502,1,2.5401,-0.5867,2.6070,-13.007,438.57,73.18,79.05,2.570
1777026041085473271,426.605,1,2.5401,-0.5868,2.6070,-13.008,438.59,73.18,79.05,0.594
1777026041182921159,426.702,1,2.5404,-0.5853,2.6070,-12.975,438.27,73.17,79.04,3.178
1777026041284456258,426.804,1,2.5402,-0.5854,2.6068,-12.977,438.29,73.18,79.05,1.919
1777026041382716229,426.902,1,2.5401,-0.5856,2.6068,-12.982,438.34,73.18,79.05,3.163
1777026041484176236,427.003,1,2.5402,-0.5855,2.6068,-12.980,438.32,73.18,79.05,2.060
1777026041586018665,427.105,1,2.5402,-0.5854,2.6068,-12.977,438.29,73.18,79.05,0.049
1777026041685904690,427.205,1,2.5405,-0.5830,2.6065,-12.925,437.79,73.17,79.04,0.395
1777026041784052588,427.303,1,2.5401,-0.5860,2.6068,-12.991,438.42,73.18,79.05,2.632
1777026041883510878,427.403,1,2.5400,-0.5861,2.6068,-12.992,438.44,73.18,79.05,4.298
1777026041983391608,427.502,1,2.5402,-0.5853,2.6068,-12.974,438.26,73.18,79.05,3.760
1777026042084192419,427.603,1,2.5401,-0.5857,2.6068,-12.984,438.36,73.18,79.05,2.228
1777026042182919199,427.702,1,2.5404,-0.5833,2.6065,-12.931,437.85,73.17,79.04,3.682
1777026042284578056,427.804,1,2.5403,-0.5850,2.6068,-12.969,438.22,73.17,79.05,3.220
1777026042386768962,427.906,1,2.5401,-0.5859,2.6068,-12.989,438.40,73.18,79.05,0.740
1777026042482738478,428.002,1,2.5400,-0.5862,2.6068,-12.996,438.47,73.18,79.05,4.560
1777026042584298743,428.103,1,2.5400,-0.5861,2.6068,-12.993,438.44,73.18,79.05,2.987
1777026042683833310,428.203,1,2.5401,-0.5856,2.6068,-12.981,438.33,73.18,79.05,3.202
1777026042784161812,428.303,1,2.5401,-0.5857,2.6068,-12.985,438.37,73.18,79.05,3.365
1777026042884943179,428.404,1,2.5404,-0.5835,2.6065,-12.935,437.89,73.17,79.04,2.457
1777026042984136491,428.503,1,2.5401,-0.5857,2.6068,-12.984,438.36,73.18,79.05,3.284
1777026043081866764,428.601,1,2.5401,-0.5858,2.6068,-12.987,438.38,73.18,79.05,2.491
1777026043183026627,428.702,1,2.5402,-0.5855,2.6067,-12.979,438.31,73.18,79.05,3.028
1777026043284220507,428.803,1,2.5402,-0.5853,2.6068,-12.975,438.27,73.18,79.05,4.342
1777026043384284272,428.903,1,2.5401,-0.5859,2.6068,-12.990,438.41,73.18,79.05,3.620
1777026043485520855,429.005,1,2.5401,-0.5859,2.6068,-12.988,438.39,73.18,79.05,2.636
1777026043583314869,429.102,1,2.5401,-0.5858,2.6068,-12.988,438.39,73.18,79.05,2.960
1777026043684049477,429.203,1,2.5398,-0.5873,2.6068,-13.021,438.70,73.19,79.06,3.978
1777026043783249215,429.302,1,2.5401,-0.5859,2.6068,-12.988,438.39,73.18,79.05,3.446
1777026043883644753,429.403,1,2.5400,-0.5861,2.6068,-12.993,438.44,73.18,79.05,2.749
1777026043984101901,429.503,1,2.5413,-0.5906,2.6090,-13.084,439.30,73.15,79.02,3.783
1777026044090833846,429.610,1,2.5432,-0.5996,2.6130,-13.267,441.04,73.09,78.95,2.441
1777026044183712732,429.703,1,2.5457,-0.6076,2.6172,-13.424,442.54,73.02,78.88,3.153
1777026044284238732,429.803,1,2.5483,-0.6201,2.6226,-13.676,444.94,72.94,78.80,4.090
1777026044382119800,429.901,1,2.5513,-0.6331,2.6286,-13.936,447.42,72.86,78.71,1.143
1777026044483156534,430.002,1,2.5540,-0.6450,2.6342,-14.174,449.70,72.78,78.62,0.898
1777026044586142135,430.105,1,2.5572,-0.6615,2.6414,-14.502,452.86,72.69,78.52,2.638
1777026044683665836,430.203,1,2.5624,-0.6820,2.6516,-14.905,456.74,72.54,78.36,2.892
1777026044782653965,430.302,1,2.5662,-0.7035,2.6609,-15.330,460.85,72.43,78.25,0.638
1777026044882805673,430.402,1,2.5707,-0.7203,2.6697,-15.652,463.97,72.31,78.11,1.111
1777026044984261384,430.503,1,2.5751,-0.7415,2.6798,-16.064,467.99,72.18,77.98,2.950
1777026045082017990,430.601,1,2.5798,-0.7607,2.6896,-16.428,471.55,72.05,77.83,0.639
1777026045184832833,430.704,1,2.5838,-0.7804,2.6991,-16.807,475.26,71.94,77.72,3.135
1777026045285375833,430.804,1,2.5884,-0.7993,2.7090,-17.161,478.75,71.81,77.58,3.080
1777026045384448201,430.904,1,2.5936,-0.8169,2.7192,-17.482,481.93,71.67,77.42,2.178
1777026045483836548,431.003,1,2.5969,-0.8382,2.7288,-17.888,485.96,71.58,77.32,2.285
1777026045583604797,431.103,1,2.6004,-0.8590,2.7386,-18.281,489.87,71.48,77.22,1.789
1777026045684919935,431.204,1,2.6037,-0.8755,2.7470,-18.586,492.93,71.39,77.12,3.019
1777026045782756430,431.302,1,2.6075,-0.8945,2.7566,-18.935,496.44,71.29,77.01,0.689
1777026045886352541,431.405,1,2.6089,-0.9129,2.7640,-19.286,499.98,71.25,76.97,3.627
1777026045983497729,431.503,1,2.6105,-0.9286,2.7707,-19.582,502.98,71.21,76.92,0.074
1777026046083035111,431.602,1,2.6119,-0.9439,2.7773,-19.869,505.90,71.17,76.88,0.278
1777026046185511384,431.705,1,2.6120,-0.9636,2.7841,-20.250,509.79,71.17,76.88,2.956
1777026046283016067,431.802,1,2.6130,-0.9805,2.7909,-20.567,513.04,71.14,76.85,0.359
1777026046384459574,431.904,1,2.6122,-0.9973,2.7961,-20.896,516.43,71.16,76.87,2.112
1777026046482817877,432.002,1,2.6109,-1.0147,2.8012,-21.239,519.98,71.19,76.91,0.777
1777026046582674829,432.102,1,2.6094,-1.0333,2.8066,-21.603,523.76,71.24,76.95,0.420
1777026046682275895,432.201,1,2.6079,-1.0499,2.8113,-21.929,527.17,71.28,77.00,0.944
1777026046788980007,432.308,1,2.6054,-1.0686,2.8161,-22.301,531.08,71.34,77.07,2.975
1777026046884397567,432.403,1,2.6023,-1.0860,2.8198,-22.652,534.78,71.43,77.16,0.949
1777026046984925863,432.504,1,2.5986,-1.1040,2.8234,-23.018,538.67,71.53,77.27,1.271
1777026047085889969,432.605,1,2.5952,-1.1204,2.8268,-23.351,542.22,71.63,77.37,0.988
1777026047184212328,432.703,1,2.5906,-1.1386,2.8298,-23.726,546.24,71.75,77.51,0.436
1777026047283682599,432.803,1,2.5861,-1.1563,2.8328,-24.090,550.16,71.88,77.65,0.183
1777026047384126340,432.903,1,2.5797,-1.1741,2.8343,-24.472,554.31,72.06,77.84,0.268
1777026047489900111,433.009,1,2.5738,-1.1928,2.8368,-24.864,558.59,72.22,78.02,2.420
1777026047585978849,433.105,1,2.5680,-1.2092,2.8385,-25.214,562.43,72.38,78.19,1.740
1777026047683713011,433.203,1,2.5618,-1.2242,2.8393,-25.541,566.04,72.56,78.38,0.419
1777026047784228529,433.303,1,2.5533,-1.2437,2.8401,-25.972,570.82,72.80,78.64,0.209
1777026047885113488,433.404,1,2.5462,-1.2587,2.8404,-26.305,574.55,73.00,78.86,1.127
1777026047984597055,433.504,1,2.5388,-1.2751,2.8410,-26.668,578.63,73.22,79.09,0.237
1777026048085826065,433.605,1,2.5293,-1.2919,2.8402,-27.057,583.04,73.49,79.39,1.699
1777026048186286639,433.705,1,2.5204,-1.3075,2.8394,-27.419,587.16,73.75,79.67,1.308
1777026048283192756,433.802,1,2.5112,-1.3232,2.8385,-27.785,591.37,74.02,79.96,1.535
1777026048385533345,433.905,1,2.5010,-1.3394,2.8371,-28.171,595.83,74.32,80.29,0.153
1777026048484577973,434.004,1,2.4913,-1.3521,2.8346,-28.489,599.53,74.61,80.60,0.248
1777026048585057770,434.104,1,2.4799,-1.3692,2.8327,-28.903,604.38,74.96,80.97,0.585
1777026048683122910,434.202,1,2.4676,-1.3853,2.8299,-29.310,609.17,75.33,81.37,2.016
1777026048784454048,434.304,1,2.4558,-1.3991,2.8264,-29.671,613.48,75.69,81.77,1.099
1777026048883590027,434.403,1,2.4421,-1.4159,2.8229,-30.106,618.68,76.12,82.23,1.505
1777026048988432605,434.508,1,2.4296,-1.4293,2.8188,-30.469,623.07,76.51,82.65,3.077
1777026049083528021,434.603,1,2.4155,-1.4437,2.8141,-30.866,627.91,76.95,83.13,1.722
1777026049189308884,434.708,1,2.4014,-1.4579,2.8093,-31.261,632.76,77.41,83.62,3.961
1777026049283580402,434.803,1,2.3872,-1.4707,2.8039,-31.635,637.39,77.87,84.11,1.702
1777026049384436490,434.904,0,2.3715,-1.4859,2.7986,-32.071,642.83,78.38,84.67,2.033
1777026049483723801,435.003,0,2.3564,-1.4977,2.7921,-32.439,647.47,78.88,85.21,1.486
1777026049584197523,435.103,0,2.3401,-1.5110,2.7855,-32.851,652.71,79.43,85.81,1.211
1777026049683595666,435.203,0,2.3246,-1.5229,2.7790,-33.230,657.57,79.96,86.38,2.894
1777026049783833502,435.303,0,2.3076,-1.5347,2.7713,-33.628,662.72,80.55,87.02,2.365
1777026049886881324,435.406,0,2.2859,-1.5487,2.7611,-34.117,669.12,81.32,87.84,0.150
1777026049983647294,435.503,0,2.2617,-1.5632,2.7493,-34.651,676.19,82.19,88.78,2.752
1777026050083781502,435.603,0,2.2400,-1.5751,2.7383,-35.114,682.38,82.98,89.64,2.723
1777026050185942075,435.705,0,2.2168,-1.5851,2.7252,-35.566,688.50,83.85,90.58,0.202
1777026050282623787,435.802,0,2.1949,-1.5933,2.7123,-35.977,694.12,84.69,91.48,4.059
1777026050384221403,435.903,0,2.1684,-1.6031,2.6967,-36.476,701.04,85.72,92.60,2.418
1777026050484289908,436.003,0,2.1446,-1.6096,2.6814,-36.889,706.83,86.68,93.63,4.999
1777026050583192983,436.102,0,2.1183,-1.6162,2.6644,-37.343,713.27,87.75,94.79,3.277
1777026050683370709,436.202,0,2.0909,-1.6208,2.6456,-37.782,719.55,88.90,96.03,4.159
1777026050783666229,436.303,0,2.0614,-1.6260,2.6255,-38.266,726.58,90.17,97.41,3.853
1777026050885034164,436.404,0,2.0312,-1.6312,2.6051,-38.767,733.97,91.52,98.86,2.717
1777026050983220691,436.502,0,2.0025,-1.6356,2.5856,-39.240,741.03,92.82,100.27,3.895
1777026051085034101,436.604,0,1.9696,-1.6418,2.5641,-39.814,749.72,94.38,101.95,2.694
1777026051184808795,436.704,0,1.9389,-1.6471,2.5441,-40.348,757.94,95.87,103.56,3.362
1777026051283237041,436.802,0,1.9120,-1.6499,2.5255,-40.792,764.86,97.22,105.02,3.483
1777026051388232507,436.907,0,1.8778,-1.6559,2.5036,-41.406,774.62,98.99,106.93,0.534
1777026051487271543,437.006,0,1.8471,-1.6611,2.4841,-41.966,783.66,100.64,108.71,0.890
1777026051586663593,437.106,0,1.8174,-1.6649,2.4647,-42.492,792.32,102.28,110.49,2.181
1777026051687597587,437.207,0,1.7852,-1.6711,2.4453,-43.109,802.64,104.12,112.48,0.588
1777026051787393948,437.306,0,1.7550,-1.6766,2.4271,-43.691,812.58,105.92,114.42,0.774
1777026051888705012,437.408,0,1.7243,-1.6817,2.4086,-44.283,822.87,107.80,116.45,0.208
1777026051987930397,437.507,0,1.6935,-1.6861,2.3897,-44.873,833.37,109.76,118.57,0.776
1777026052088087105,437.607,0,1.6631,-1.6913,2.3720,-45.482,844.40,111.77,120.74,0.027
1777026052187321935,437.706,0,1.6317,-1.6961,2.3535,-46.109,856.03,113.92,123.06,1.208
1777026052287011907,437.806,0,1.6024,-1.6998,2.3361,-46.690,867.04,116.00,125.31,2.484
1777026052388643486,437.908,0,1.5705,-1.7066,2.3192,-47.378,880.39,118.36,127.86,0.258
1777026052486789959,438.006,0,1.5389,-1.7117,2.3017,-48.042,893.60,120.79,130.48,2.327
1777026052586985240,438.106,0,1.5098,-1.7162,2.2857,-48.661,906.24,123.12,133.00,2.593
1777026052688654041,438.208,0,1.4785,-1.7215,2.2693,-49.342,920.49,125.72,135.81,0.055
1777026052786550960,438.306,0,1.4483,-1.7264,2.2534,-50.006,934.79,128.35,138.65,2.580
1777026052887516177,438.407,0,1.4177,-1.7314,2.2378,-50.688,949.89,131.11,141.64,1.886
1777026052987015559,438.506,0,1.3869,-1.7370,2.2228,-51.396,966.02,134.03,144.79,2.104
1777026053087290414,438.606,0,1.3577,-1.7405,2.2074,-52.045,981.25,136.92,147.90,2.270
1777026053187911338,438.707,0,1.3249,-1.7463,2.1920,-52.813,999.88,140.30,151.56,1.457
1777026053286166142,438.805,0,1.2940,-1.7514,2.1776,-53.543,1018.19,143.66,155.18,3.934
1777026053388515306,438.908,0,1.2632,-1.7564,2.1635,-54.277,1037.26,147.15,158.96,1.127
1777026053486988718,439.006,0,1.2330,-1.7609,2.1497,-55.000,1056.71,150.76,162.85,3.185
1777026053587483496,439.107,0,1.2023,-1.7664,2.1368,-55.759,1077.90,154.60,167.01,2.440
1777026053687385836,439.206,0,1.1738,-1.7697,2.1236,-56.444,1097.76,158.36,171.07,2.525
1777026053788030409,439.307,0,1.1478,-1.7736,2.1126,-57.091,1117.16,161.95,174.94,2.119
1777026053887669456,439.407,0,1.1239,-1.7747,2.1007,-57.654,1134.62,165.39,178.66,2.392
1777026053986611919,439.506,0,1.1004,-1.7738,2.0874,-58.186,1151.62,168.92,182.48,3.441
1777026054087386212,439.606,0,1.0754,-1.7725,2.0732,-58.755,1170.36,172.85,186.72,2.797
1777026054186968556,439.706,0,1.0520,-1.7697,2.0588,-59.270,1187.87,176.69,190.87,3.201
1777026054287684460,439.807,0,1.0295,-1.7633,2.0418,-59.722,1203.70,180.56,195.05,3.978
1777026054390534210,439.910,0,1.0043,-1.7583,2.0249,-60.267,1223.33,185.09,199.95,0.629
1777026054487995228,440.007,0,0.9808,-1.7507,2.0067,-60.742,1241.01,189.53,204.74,2.467
1777026054589667955,440.109,0,0.9575,-1.7422,1.9880,-61.209,1258.86,194.14,209.72,1.329
1777026054688426086,440.208,0,0.9342,-1.7327,1.9685,-61.667,1276.95,198.97,214.94,3.005
1777026054787328531,440.306,0,0.9128,-1.7209,1.9481,-62.057,1292.73,203.63,219.97,3.899
1777026054887072132,440.406,0,0.8939,-1.7091,1.9287,-62.390,1306.54,207.95,224.64,4.171
1777026054988358808,440.507,0,0.8715,-1.6953,1.9062,-62.793,1323.69,213.28,230.40,2.806
1777026055086877331,440.606,0,0.8519,-1.6812,1.8848,-63.128,1338.32,218.20,235.71,4.049
1777026055186321548,440.705,0,0.8330,-1.6664,1.8630,-63.440,1352.22,223.15,241.06,3.070
1777026055285039217,440.804,0,0.8139,-1.6487,1.8386,-63.726,1365.23,228.39,246.71,1.453
1777026055398696839,440.918,0,0.7876,-1.6231,1.8041,-64.115,1383.36,236.01,254.95,1.192
1777026055492772063,441.012,0,0.7688,-1.6050,1.7797,-64.407,1397.31,241.79,261.19,0.138
1777026055584731719,441.104,0,0.7495,-1.5865,1.7546,-64.714,1412.31,248.02,267.92,0.712
1777026055689976404,441.209,0,0.7256,-1.5635,1.7237,-65.105,1431.94,256.19,276.74,2.601
1777026055783158657,441.302,0,0.7059,-1.5436,1.6974,-65.425,1448.39,263.32,284.45,0.806
1777026055892571774,441.412,0,0.6821,-1.5204,1.6664,-65.837,1470.18,272.50,294.37,0.371
1777026055985556066,441.505,0,0.6617,-1.5007,1.6401,-66.205,1490.30,280.91,303.45,1.356
1777026056086999629,441.606,0,0.6401,-1.4793,1.6119,-66.601,1512.56,290.39,313.69,2.563
1777026056184057836,441.703,0,0.6178,-1.4580,1.5835,-67.038,1537.98,300.90,325.05,0.210
1777026056287132028,441.806,0,0.5965,-1.4370,1.5559,-67.457,1563.20,311.62,336.63,2.754
1777026056383157785,441.902,0,0.5754,-1.4157,1.5282,-67.883,1589.82,323.07,349.00,2.290
1777026056488037844,442.007,0,0.5534,-1.3934,1.4993,-68.338,1619.33,335.87,362.82,2.891
1777026056587784112,442.107,0,0.5314,-1.3723,1.4716,-68.832,1652.69,349.80,377.87,3.042
1777026056686976183,442.206,0,0.5100,-1.3508,1.4438,-69.317,1686.97,364.51,393.76,1.584
1777026056786980059,442.306,0,0.4883,-1.3283,1.4152,-69.814,1723.78,380.64,411.19,1.476
1777026056887900554,442.407,0,0.4670,-1.3063,1.3872,-70.329,1763.69,398.07,430.01,2.530
1777026056988926640,442.508,0,0.4472,-1.2860,1.3615,-70.827,1804.31,415.70,449.06,4.061
1777026057086294159,442.605,0,0.4291,-1.2677,1.3383,-71.300,1844.74,433.21,467.97,1.042
1777026057181370426,442.700,0,0.4097,-1.2491,1.3146,-71.842,1893.63,453.73,490.14,4.178
1777026057283751700,442.803,0,0.3903,-1.2325,1.2928,-72.430,1949.96,476.29,514.51,1.821
1777026057383465339,442.903,0,0.3703,-1.2173,1.2724,-73.080,2016.62,501.94,542.22,2.165
1777026057498714332,443.018,0,0.3471,-1.2004,1.2496,-73.872,2104.99,535.54,578.51,3.313
1777026057585899359,443.105,0,0.3305,-1.1903,1.2354,-74.481,2178.81,562.39,607.52,0.121
1777026057683158601,443.202,0,0.3134,-1.1794,1.2203,-75.120,2262.53,593.14,640.74,2.863
1777026057786264682,443.305,0,0.2863,-1.1650,1.1997,-76.192,2420.18,649.19,701.29,0.319
1777026057884906203,443.404,0,0.2594,-1.1518,1.1807,-77.307,2611.87,716.53,774.03,1.527
1777026057984168792,443.503,0,0.2296,-1.1499,1.1726,-78.710,2905.64,809.73,874.71,1.965
1777026058082295375,443.601,0,0.2120,-1.1435,1.1630,-79.496,3104.28,876.78,947.14,3.632
1777026058185934357,443.705,0,0.1916,-1.1368,1.1528,-80.431,3382.14,969.95,1047.79,0.179
1777026058284322141,443.803,0,0.1654,-1.1268,1.1389,-81.649,3837.00,1123.82,1214.00,2.616
1777026058383747654,443.903,0,0.1319,-1.1266,1.1343,-83.320,4728.04,1408.85,1521.91,4.241
1777026058485839024,444.005,0,0.1209,-1.1197,1.1262,-83.837,5101.17,1537.46,1660.84,1.906
1777026058583059785,444.102,0,0.1056,-1.1191,1.1241,-84.608,5789.36,1759.58,1900.78,3.807
1777026058683656061,444.203,0,0.0919,-1.1094,1.1132,-85.267,6555.73,2023.70,2186.09,3.389
1777026058783228146,444.302,0,0.0759,-1.1085,1.1111,-86.082,7857.46,2448.12,2644.57,3.246
1777026058884178807,444.403,0,0.0546,-1.1067,1.1081,-87.177,10789.14,3405.71,3679.01,2.542
1777026058985733350,444.505,0,0.0338,-1.1045,1.1050,-88.247,nan,nan,nan,3.116
1777026059084176486,444.603,0,0.0058,-1.0994,1.0994,-89.700,nan,nan,nan,3.208
1777026059186958348,444.706,0,-0.0149,-1.0974,1.0975,-90.779,nan,nan,nan,0.433
1777026059280799352,444.800,0,-0.0313,-1.0963,1.0968,-91.634,nan,nan,nan,2.061
1777026059384536240,444.904,0,-0.0495,-1.0910,1.0921,-92.596,nan,nan,nan,3.481
1777026059483930882,445.003,0,-0.0626,-1.0893,1.0911,-93.291,nan,nan,nan,4.400
1777026059583502597,445.103,0,-0.0669,-1.0888,1.0909,-93.517,nan,nan,nan,3.937
1777026059683554621,445.203,0,-0.0652,-1.0888,1.0908,-93.427,nan,nan,nan,4.253
1777026059782725192,445.302,0,-0.0654,-1.0889,1.0908,-93.439,nan,nan,nan,3.080
1777026059886640559,445.406,0,-0.0654,-1.0889,1.0909,-93.439,nan,nan,nan,1.178
1777026059985049232,445.504,0,-0.0644,-1.0890,1.0909,-93.383,nan,nan,nan,2.832
1777026060088340847,445.607,0,-0.0648,-1.0889,1.0909,-93.408,nan,nan,nan,0.114
1777026060183037063,445.702,0,-0.0653,-1.0889,1.0909,-93.431,nan,nan,nan,3.147
1777026060287318593,445.806,0,-0.0653,-1.0890,1.0910,-93.432,nan,nan,nan,1.176
1777026060385536268,445.905,0,-0.0652,-1.0890,1.0909,-93.426,nan,nan,nan,3.097
1777026060484158568,446.003,0,-0.0653,-1.0889,1.0909,-93.434,nan,nan,nan,0.365
1777026060584267424,446.103,0,-0.0653,-1.0890,1.0910,-93.432,nan,nan,nan,3.953
1777026060684369262,446.203,0,-0.0652,-1.0890,1.0910,-93.427,nan,nan,nan,4.055
1777026060788306610,446.307,0,-0.0652,-1.0889,1.0909,-93.428,nan,nan,nan,0.808
1777026060884371422,446.403,0,-0.0656,-1.0890,1.0909,-93.445,nan,nan,nan,3.735
1777026060983415235,446.503,0,-0.0654,-1.0890,1.0909,-93.434,nan,nan,nan,0.966
1777026061082933228,446.602,0,-0.0654,-1.0890,1.0910,-93.435,nan,nan,nan,1.385
1777026061183600578,446.703,0,-0.0653,-1.0891,1.0910,-93.431,nan,nan,nan,2.598
1777026061283352068,446.802,0,-0.0655,-1.0890,1.0909,-93.444,nan,nan,nan,2.305
1777026061382873543,446.902,0,-0.0652,-1.0891,1.0910,-93.425,nan,nan,nan,0.740
1777026061483218989,447.002,0,-0.0651,-1.0890,1.0910,-93.423,nan,nan,nan,1.883
1777026061586876044,447.106,0,-0.0646,-1.0892,1.0911,-93.393,nan,nan,nan,3.166
1777026061686821051,447.206,0,-0.0646,-1.0892,1.0911,-93.395,nan,nan,nan,2.946
1777026061787443864,447.307,0,-0.0652,-1.0890,1.0910,-93.427,nan,nan,nan,3.254
1777026061884379462,447.403,0,-0.0651,-1.0891,1.0910,-93.421,nan,nan,nan,2.748
1777026061985968782,447.505,0,-0.0652,-1.0890,1.0909,-93.427,nan,nan,nan,3.629
1777026062083455558,447.603,0,-0.0649,-1.0890,1.0909,-93.412,nan,nan,nan,1.625
1777026062184150037,447.703,0,-0.0651,-1.0889,1.0909,-93.421,nan,nan,nan,1.916
1777026062285359899,447.804,0,-0.0651,-1.0890,1.0909,-93.420,nan,nan,nan,3.418
1777026062384146438,447.903,0,-0.0652,-1.0891,1.0910,-93.425,nan,nan,nan,2.029
1777026062486129346,448.005,0,-0.0646,-1.0890,1.0909,-93.395,nan,nan,nan,3.824
1777026062584736035,448.104,0,-0.0654,-1.0890,1.0909,-93.436,nan,nan,nan,1.552
1777026062683462908,448.203,0,-0.0653,-1.0890,1.0910,-93.433,nan,nan,nan,1.208
1777026062784443106,448.304,0,-0.0653,-1.0890,1.0910,-93.432,nan,nan,nan,1.571
1777026062884564203,448.404,0,-0.0650,-1.0890,1.0909,-93.414,nan,nan,nan,2.038
1777026062986765553,448.506,0,-0.0655,-1.0891,1.0910,-93.443,nan,nan,nan,3.839
1777026063085361890,448.604,0,-0.0652,-1.0890,1.0909,-93.428,nan,nan,nan,1.906
1777026063184049615,448.703,0,-0.0652,-1.0891,1.0910,-93.426,nan,nan,nan,0.518
1777026063287696912,448.807,0,-0.0654,-1.0891,1.0911,-93.437,nan,nan,nan,3.556
1777026063383891407,448.903,0,-0.0653,-1.0890,1.0909,-93.431,nan,nan,nan,0.703
1777026063482543410,449.002,0,-0.0652,-1.0891,1.0910,-93.426,nan,nan,nan,1.412
1777026063584887277,449.104,0,-0.0652,-1.0890,1.0909,-93.425,nan,nan,nan,0.230
1777026063683380690,449.202,0,-0.0655,-1.0890,1.0910,-93.440,nan,nan,nan,0.197
1777026063784148112,449.303,0,-0.0651,-1.0890,1.0910,-93.422,nan,nan,nan,0.869
1777026063882867226,449.402,0,-0.0652,-1.0890,1.0910,-93.425,nan,nan,nan,0.963
1777026063984447787,449.504,0,-0.0652,-1.0892,1.0911,-93.424,nan,nan,nan,0.356
1777026064083007125,449.602,0,-0.0655,-1.0891,1.0910,-93.441,nan,nan,nan,1.579
1777026064183300979,449.702,0,-0.0654,-1.0891,1.0910,-93.435,nan,nan,nan,0.461
1777026064286680519,449.806,0,-0.0653,-1.0891,1.0911,-93.429,nan,nan,nan,2.316
1777026064383263213,449.902,0,-0.0653,-1.0890,1.0910,-93.429,nan,nan,nan,1.321
1777026064483281774,450.002,0,-0.0650,-1.0892,1.0911,-93.415,nan,nan,nan,1.200
1777026064586936108,450.106,0,-0.0650,-1.0890,1.0909,-93.417,nan,nan,nan,2.895
1777026064684991803,450.204,0,-0.0653,-1.0891,1.0910,-93.431,nan,nan,nan,0.409
1777026064783186756,450.302,0,-0.0650,-1.0890,1.0909,-93.414,nan,nan,nan,1.531
1777026064884512617,450.404,0,-0.0652,-1.0891,1.0910,-93.427,nan,nan,nan,0.456
1777026064984262348,450.503,0,-0.0651,-1.0890,1.0910,-93.424,nan,nan,nan,0.394
1777026065083088793,450.602,0,-0.0651,-1.0891,1.0910,-93.421,nan,nan,nan,1.771
1777026065183981640,450.703,0,-0.0651,-1.0891,1.0910,-93.420,nan,nan,nan,1.555
1777026065283892370,450.803,0,-0.0666,-1.0889,1.0909,-93.500,nan,nan,nan,1.475
1777026065382974979,450.902,0,-0.0733,-1.0880,1.0904,-93.855,nan,nan,nan,2.371
1777026065484661243,451.004,0,-0.0887,-1.0855,1.0891,-94.670,nan,nan,nan,0.784
1777026065587455512,451.107,0,-0.1138,-1.0815,1.0875,-96.005,nan,nan,nan,2.178
1777026065684267574,451.203,0,-0.1316,-1.0805,1.0885,-96.945,nan,nan,nan,0.958
1777026065782599470,451.302,0,-0.1508,-1.0814,1.0919,-97.940,nan,nan,nan,2.959
1777026065886948461,451.406,0,-0.1708,-1.0808,1.0942,-98.978,nan,nan,nan,0.492
1777026065983820078,451.503,0,-0.1899,-1.0810,1.0976,-99.963,nan,nan,nan,2.064
1777026066086888066,451.606,0,-0.2113,-1.0803,1.1008,-101.070,nan,nan,nan,1.165
1777026066187108403,451.706,0,-0.2306,-1.0809,1.1052,-102.042,nan,nan,nan,1.128
1777026066286977947,451.806,0,-0.2509,-1.0812,1.1099,-103.063,nan,nan,nan,0.910
1777026066386900787,451.906,0,-0.2708,-1.0814,1.1148,-104.060,nan,nan,nan,0.071
1777026066493903525,452.013,0,-0.2929,-1.0817,1.1207,-105.150,nan,nan,nan,1.958
1777026066590632273,452.110,0,-0.3108,-1.0818,1.1256,-106.027,nan,nan,nan,3.731
1777026066686384366,452.205,0,-0.3310,-1.0821,1.1316,-107.010,nan,nan,nan,0.363
1777026066784590653,452.304,0,-0.3517,-1.0824,1.1381,-107.998,nan,nan,nan,1.674
1777026066885478722,452.405,0,-0.3726,-1.0830,1.1453,-108.984,nan,nan,nan,1.260
1777026066983220292,452.502,0,-0.3901,-1.0829,1.1510,-109.811,nan,nan,nan,4.343
1777026067086882384,452.606,0,-0.4097,-1.0822,1.1572,-110.736,nan,nan,nan,0.155
1777026067185032837,452.704,0,-0.4284,-1.0802,1.1621,-111.633,nan,nan,nan,4.771
1777026067282524558,452.802,0,-0.4452,-1.0782,1.1665,-112.439,nan,nan,nan,3.877
1777026067383488534,452.903,0,-0.4630,-1.0758,1.1712,-113.285,nan,nan,nan,4.048
1777026067483858776,453.003,0,-0.4806,-1.0732,1.1759,-114.122,nan,nan,nan,3.767
1777026067583187031,453.102,0,-0.4966,-1.0701,1.1798,-114.896,nan,nan,nan,3.557
1777026067684995571,453.204,0,-0.5132,-1.0662,1.1833,-115.705,nan,nan,nan,2.137
1777026067783571501,453.303,0,-0.5301,-1.0620,1.1870,-116.524,nan,nan,nan,3.610
1777026067884383941,453.403,0,-0.5395,-1.0591,1.1886,-116.994,nan,nan,nan,3.051
1777026067983918749,453.503,0,-0.5455,-1.0566,1.1891,-117.306,nan,nan,nan,3.961
1777026068084060401,453.603,0,-0.5615,-1.0504,1.1911,-118.128,nan,nan,nan,3.309
1777026068182445871,453.702,0,-0.5764,-1.0431,1.1917,-118.923,nan,nan,nan,2.853
1777026068284361409,453.803,0,-0.5906,-1.0362,1.1926,-119.680,nan,nan,nan,3.516
1777026068383778089,453.903,0,-0.6029,-1.0288,1.1925,-120.371,nan,nan,nan,4.092
1777026068483581782,454.003,0,-0.6148,-1.0213,1.1921,-121.049,nan,nan,nan,3.723
1777026068583786267,454.103,0,-0.6269,-1.0126,1.1909,-121.762,nan,nan,nan,3.693
1777026068686428760,454.206,0,-0.6398,-1.0029,1.1896,-122.536,nan,nan,nan,1.586
1777026068783589522,454.303,0,-0.6503,-0.9939,1.1878,-123.195,nan,nan,nan,3.685
1777026068888428008,454.408,0,-0.6637,-0.9814,1.1848,-124.068,nan,nan,nan,0.301
1777026068983895289,454.503,0,-0.6744,-0.9705,1.1819,-124.796,nan,nan,nan,3.062
1777026069084805469,454.604,0,-0.6865,-0.9573,1.1780,-125.648,nan,nan,nan,3.861
1777026069183531472,454.703,0,-0.6961,-0.9458,1.1743,-126.350,nan,nan,nan,2.974
1777026069284857240,454.804,0,-0.7077,-0.9306,1.1691,-127.251,nan,nan,nan,4.161
1777026069386601244,454.906,0,-0.7178,-0.9164,1.1641,-128.072,nan,nan,nan,3.985
1777026069484685791,455.004,0,-0.7259,-0.9030,1.1586,-128.797,nan,nan,nan,3.687
1777026069584481854,455.104,0,-0.7345,-0.8884,1.1527,-129.584,nan,nan,nan,3.821
1777026069684706765,455.204,0,-0.7416,-0.8749,1.1469,-130.285,nan,nan,nan,3.957
1777026069785576075,455.305,0,-0.7503,-0.8570,1.1390,-131.204,nan,nan,nan,3.840
1777026069888136440,455.407,0,-0.7567,-0.8413,1.1315,-131.970,nan,nan,nan,1.728
1777026069984963891,455.504,0,-0.7618,-0.8252,1.1231,-132.712,nan,nan,nan,3.512
1777026070083440303,455.603,0,-0.7670,-0.8084,1.1144,-133.497,nan,nan,nan,2.002
1777026070185327972,455.704,0,-0.7719,-0.7923,1.1062,-134.253,nan,nan,nan,3.674
1777026070287899614,455.807,0,-0.7768,-0.7721,1.0952,-135.171,nan,nan,nan,2.450
1777026070383674688,455.903,0,-0.7805,-0.7561,1.0867,-135.910,nan,nan,nan,1.842
1777026070483743471,456.003,0,-0.7836,-0.7390,1.0771,-136.677,nan,nan,nan,1.427
1777026070582780507,456.102,0,-0.7864,-0.7209,1.0669,-137.487,nan,nan,nan,0.739
1777026070686450821,456.206,0,-0.7891,-0.7012,1.0556,-138.373,nan,nan,nan,3.666
1777026070787243151,456.306,0,-0.7911,-0.6837,1.0456,-139.168,nan,nan,nan,3.251
1777026070883663070,456.403,0,-0.7924,-0.6677,1.0362,-139.883,nan,nan,nan,1.290
1777026070985805754,456.505,0,-0.7938,-0.6486,1.0251,-140.749,nan,nan,nan,2.928
1777026071087012264,456.606,0,-0.7943,-0.6301,1.0139,-141.576,nan,nan,nan,3.429
1777026071183246314,456.702,0,-0.7938,-0.6133,1.0031,-142.310,nan,nan,nan,0.701
1777026071283581038,456.803,0,-0.7942,-0.5962,0.9931,-143.105,nan,nan,nan,0.996
1777026071383517563,456.903,0,-0.7935,-0.5788,0.9822,-143.896,nan,nan,nan,0.935
1777026071484354393,457.003,0,-0.7923,-0.5610,0.9708,-144.699,nan,nan,nan,1.731
1777026071586502095,457.106,0,-0.7899,-0.5441,0.9592,-145.443,nan,nan,nan,1.717
1777026071683226621,457.202,0,-0.7885,-0.5265,0.9482,-146.269,nan,nan,nan,2.841
1777026071783590882,457.303,0,-0.7856,-0.5078,0.9354,-147.121,nan,nan,nan,0.565
1777026071887934892,457.407,0,-0.7823,-0.4895,0.9228,-147.966,nan,nan,nan,3.761
1777026071984707325,457.504,0,-0.7782,-0.4739,0.9112,-148.658,nan,nan,nan,1.682
1777026072082727373,457.602,0,-0.7723,-0.4501,0.8939,-149.766,nan,nan,nan,1.446
1777026072186174986,457.705,0,-0.7626,-0.4256,0.8734,-150.835,nan,nan,nan,2.666
1777026072284163219,457.803,0,-0.7542,-0.4042,0.8557,-151.813,nan,nan,nan,0.683
1777026072384142281,457.903,0,-0.7438,-0.3831,0.8367,-152.746,nan,nan,nan,0.568
1777026072483267038,458.002,0,-0.7314,-0.3605,0.8154,-153.762,nan,nan,nan,0.248
1777026072584852766,458.104,0,-0.7171,-0.3375,0.7925,-154.797,nan,nan,nan,1.166
1777026072682546132,458.202,0,-0.7010,-0.3130,0.7677,-155.942,nan,nan,nan,1.597
1777026072783253889,458.302,0,-0.6828,-0.2860,0.7403,-157.276,nan,nan,nan,0.901
1777026072882992935,458.402,0,-0.6665,-0.2606,0.7156,-158.644,nan,nan,nan,1.103
1777026072982567538,458.502,0,-0.6504,-0.2334,0.6910,-160.262,nan,nan,nan,1.603
1777026073086572497,458.606,0,-0.6342,-0.2081,0.6675,-161.837,nan,nan,nan,1.867
1777026073189538634,458.709,0,-0.6167,-0.1798,0.6423,-163.747,nan,nan,nan,3.554
1777026073283735394,458.803,0,-0.6012,-0.1567,0.6212,-165.394,nan,nan,nan,1.093
1777026073384765851,458.904,0,-0.5850,-0.1297,0.5992,-167.496,nan,nan,nan,0.039
1777026073485585273,459.005,0,-0.5686,-0.1058,0.5783,-169.463,nan,nan,nan,0.868
1777026073583243232,459.102,0,-0.5538,-0.0819,0.5598,-171.587,nan,nan,nan,2.473
1777026073686847807,459.206,0,-0.5380,-0.0569,0.5410,-173.964,nan,nan,nan,1.402
1777026073783769126,459.303,0,-0.5238,-0.0328,0.5248,-176.414,nan,nan,nan,1.422
1777026073883898705,459.403,0,-0.5096,-0.0078,0.5097,-179.120,nan,nan,nan,1.526
1777026073983638103,459.503,0,-0.4953,0.0179,0.4956,177.930,nan,nan,nan,1.924
1777026074083357056,459.602,0,-0.4811,0.0474,0.4835,174.375,nan,nan,nan,2.167
1777026074184717805,459.704,0,-0.4679,0.0731,0.4736,171.118,nan,nan,nan,0.751
1777026074283449882,459.803,0,-0.4529,0.1005,0.4639,167.485,nan,nan,nan,2.598
1777026074384134787,459.903,0,-0.4398,0.1257,0.4574,164.051,nan,nan,nan,1.417
1777026074486572190,460.006,0,-0.4256,0.1525,0.4521,160.290,nan,nan,nan,0.978
1777026074583985634,460.103,0,-0.4116,0.1801,0.4492,156.371,nan,nan,nan,2.334
1777026074683350758,460.202,0,-0.3979,0.2079,0.4489,152.409,nan,nan,nan,2.997
1777026074784745858,460.304,0,-0.3833,0.2373,0.4508,148.238,nan,nan,nan,2.803
1777026074883295956,460.402,0,-0.3688,0.2647,0.4540,144.336,nan,nan,nan,3.661
1777026074986830272,460.506,0,-0.3552,0.2907,0.4590,140.700,nan,nan,nan,0.258
1777026075086806685,460.606,0,-0.3418,0.3171,0.4662,137.142,nan,nan,nan,1.981
1777026075183944206,460.703,0,-0.3270,0.3449,0.4753,133.479,nan,nan,nan,4.959
1777026075283129259,460.802,0,-0.3145,0.3700,0.4856,130.361,nan,nan,nan,2.729
1777026075383120598,460.902,0,-0.2995,0.3964,0.4968,127.067,nan,nan,nan,3.124
1777026075483746226,461.003,0,-0.2848,0.4249,0.5115,123.830,nan,nan,nan,4.066
1777026075584694276,461.104,0,-0.2693,0.4542,0.5280,120.668,nan,nan,nan,3.349
1777026075683997920,461.203,0,-0.2558,0.4793,0.5433,118.091,nan,nan,nan,3.027
1777026075784987747,461.304,0,-0.2406,0.5065,0.5607,115.405,nan,nan,nan,2.748
1777026075882955092,461.402,0,-0.2254,0.5342,0.5798,112.881,nan,nan,nan,2.224
1777026075984023678,461.503,0,-0.2092,0.5637,0.6012,110.359,nan,nan,nan,4.087
1777026076085392797,461.604,0,-0.1945,0.5915,0.6226,108.198,nan,nan,nan,4.590
1777026076186141442,461.705,0,-0.1794,0.6186,0.6440,106.171,nan,nan,nan,1.240
1777026076286503481,461.806,0,-0.1659,0.6429,0.6640,104.468,nan,nan,nan,1.189
1777026076383555336,461.903,0,-0.1530,0.6645,0.6819,102.966,nan,nan,nan,3.854
1777026076485215378,462.004,0,-0.1409,0.6821,0.6965,101.672,nan,nan,nan,2.849
1777026076583218778,462.102,0,-0.1318,0.6959,0.7083,100.727,nan,nan,nan,3.394
1777026076686413061,462.206,0,-0.1207,0.7108,0.7210,99.634,nan,nan,nan,1.579
1777026076789223219,462.308,0,-0.1095,0.7250,0.7332,98.592,nan,nan,nan,1.052
1777026076986163137,462.505,0,-0.0860,0.7533,0.7582,96.514,nan,nan,nan,2.422
1777026077082833775,462.602,0,-0.0751,0.7654,0.7691,95.605,nan,nan,nan,2.518
1777026077182183233,462.701,0,-0.0634,0.7784,0.7810,94.655,nan,nan,nan,2.017
1777026077284004421,462.803,0,-0.0509,0.7907,0.7923,93.680,nan,nan,nan,3.991
1777026077385489779,462.905,0,-0.0391,0.8015,0.8024,92.794,nan,nan,nan,3.176
1777026077483659029,463.003,0,-0.0252,0.8136,0.8140,91.777,nan,nan,nan,2.783
1777026077584243028,463.103,0,-0.0019,0.8314,0.8314,90.134,nan,nan,nan,0.825
1777026077683980648,463.203,0,0.0178,0.8444,0.8446,88.794,nan,nan,nan,2.821
1777026077785784558,463.305,0,0.0400,0.8564,0.8574,87.327,nan,nan,nan,3.385
1777026077883880161,463.403,0,0.0588,0.8658,0.8678,86.116,-7286.62,3162.46,3416.24,3.063
1777026077984027683,463.503,0,0.0811,0.8737,0.8774,84.696,-5242.44,2291.69,2475.59,2.491
1777026078083768674,463.603,0,0.1030,0.8807,0.8867,83.331,-4096.76,1805.23,1950.10,2.126
1777026078182777025,463.702,0,0.1247,0.8857,0.8945,81.986,-3348.19,1490.62,1610.24,1.462
1777026078284700841,463.804,0,0.1467,0.8883,0.9003,80.624,-2807.87,1267.39,1369.09,2.941
1777026078385073898,463.904,0,0.1692,0.8899,0.9058,79.238,-2397.21,1098.93,1187.11,3.413
1777026078485310197,464.004,0,0.1916,0.8896,0.9100,77.847,-2078.38,970.25,1048.11,3.964
1777026078586877148,464.106,0,0.2146,0.8876,0.9132,76.407,-1816.10,866.11,935.62,3.113
1777026078686822154,464.206,0,0.2383,0.8833,0.9149,74.905,-1594.97,780.16,842.76,3.716
1777026078783261017,464.302,0,0.2583,0.8782,0.9154,73.608,-1435.96,719.53,777.27,1.179
1777026078883334744,464.402,0,0.2792,0.8712,0.9148,72.229,-1291.69,665.73,719.15,1.023
1777026078986417399,464.506,0,0.2923,0.8665,0.9145,71.360,-1211.48,635.99,687.03,4.112
1777026079084224319,464.603,0,0.3089,0.8596,0.9134,70.235,-1117.68,601.80,650.09,2.155
1777026079183344817,464.702,0,0.3254,0.8519,0.9119,69.097,-1032.66,571.32,617.16,1.171
1777026079283592709,464.803,0,0.3397,0.8454,0.9111,68.110,-965.80,547.21,591.12,0.102
1777026079383923377,464.903,0,0.3564,0.8365,0.9092,66.921,-892.46,521.53,563.38,1.687
1777026079482929488,465.002,0,0.3703,0.8282,0.9072,65.908,-835.43,501.96,542.24,0.196
1777026079587229424,465.106,0,0.3857,0.8185,0.9048,64.770,-776.51,481.99,520.67,3.309
1777026079684066819,465.203,0,0.3988,0.8095,0.9024,63.771,-728.71,466.07,503.47,1.183
1777026079783017911,465.302,0,0.4127,0.7993,0.8996,62.694,-680.83,450.42,486.57,0.429
1777026079883066972,465.402,0,0.4260,0.7894,0.8970,61.648,-637.55,436.35,471.37,0.333
1777026079984535646,465.504,0,0.4391,0.7779,0.8933,60.555,-595.37,423.30,457.27,1.639
1777026080088552604,465.608,0,0.4527,0.7659,0.8897,59.417,-554.38,410.65,443.60,2.842
1777026080181148494,465.700,0,0.4637,0.7553,0.8863,58.453,-521.76,400.86,433.02,4.709
1777026080282955460,465.802,0,0.4764,0.7418,0.8816,57.293,-484.76,390.22,421.53,0.029
1777026080386709440,465.906,0,0.4886,0.7284,0.8770,56.147,-450.47,380.47,411.00,3.311
1777026080484214272,466.003,0,0.5000,0.7145,0.8721,55.016,-418.56,371.77,401.60,0.768
1777026080585665075,466.105,0,0.5109,0.7005,0.8670,53.893,-388.61,363.82,393.01,2.087
1777026080687044768,466.206,0,0.5218,0.6857,0.8617,52.733,-359.30,356.26,384.85,1.216
1777026080784122790,466.303,0,0.5318,0.6704,0.8557,51.576,-331.61,349.56,377.61,0.184
1777026080885184154,466.404,0,0.5417,0.6544,0.8495,50.381,-304.43,343.13,370.67,1.109
1777026080983142258,466.502,0,0.5512,0.6379,0.8430,49.173,-278.31,337.26,364.32,1.130
1777026081086449540,466.606,0,0.5601,0.6220,0.8370,48.002,-254.20,331.91,358.54,2.398
1777026081185568148,466.705,0,0.5687,0.6057,0.8308,46.807,-230.69,326.88,353.11,1.170
1777026081282697003,466.802,0,0.5776,0.5863,0.8230,45.425,-204.75,321.80,347.62,1.679
1777026081384010067,466.903,0,0.5857,0.5687,0.8164,44.157,-182.07,317.36,342.83,0.927
1777026081486078493,467.005,0,0.5950,0.5502,0.8104,42.761,-158.19,312.41,337.48,1.692
1777026081583832581,467.103,0,0.6035,0.5328,0.8051,41.441,-136.57,308.00,332.72,0.887
1777026081685059461,467.204,0,0.6118,0.5153,0.7999,40.104,-115.56,303.83,328.21,0.616
1777026081785858291,467.305,0,0.6209,0.4989,0.7965,38.784,-95.61,299.40,323.42,0.719
1777026081887542388,467.407,0,0.6292,0.4833,0.7934,37.532,-77.37,295.44,319.15,1.080
1777026081997200928,467.516,0,0.6407,0.4647,0.7915,35.956,-55.24,290.15,313.43,3.869
1777026082085986974,467.605,0,0.6493,0.4514,0.7907,34.807,-39.67,286.30,309.28,0.621
1777026082182585242,467.702,0,0.6580,0.4374,0.7902,33.615,-23.96,282.49,305.16,2.681
1777026082283526570,467.803,0,0.6681,0.4236,0.7911,32.379,-8.11,278.24,300.57,2.237
1777026082385320351,467.904,1,0.6790,0.4100,0.7932,31.122,7.55,273.76,295.72,1.149
1777026082482901182,468.002,1,0.6885,0.3978,0.7952,30.020,20.94,269.99,291.66,4.461
1777026082584479502,468.104,1,0.7002,0.3841,0.7987,28.744,36.09,265.45,286.76,0.856
1777026082681461025,468.201,1,0.7102,0.3726,0.8020,27.682,48.42,261.73,282.74,3.577
1777026082785291023,468.304,1,0.7221,0.3588,0.8064,26.422,62.74,257.41,278.07,1.105
1777026082882892261,468.402,1,0.7334,0.3470,0.8113,25.321,74.99,253.47,273.80,3.987
1777026082983096042,468.502,1,0.7452,0.3349,0.8170,24.199,87.25,249.43,269.45,3.445
1777026083083834076,468.603,1,0.7575,0.3234,0.8237,23.121,98.83,245.39,265.08,3.893
1777026083183284144,468.702,1,0.7688,0.3136,0.8303,22.193,108.66,241.78,261.18,3.434
1777026083284366100,468.803,1,0.7830,0.3020,0.8392,21.092,120.15,237.41,256.46,3.054
1777026083381941523,468.901,1,0.7953,0.2919,0.8472,20.159,129.75,233.74,252.50,3.479
1777026083482794575,469.002,1,0.8097,0.2810,0.8571,19.140,140.10,229.58,248.00,3.876
1777026083587531987,469.107,1,0.8233,0.2711,0.8668,18.227,149.27,225.77,243.89,1.009
1777026083683216563,469.202,1,0.8362,0.2629,0.8766,17.453,156.96,222.29,240.13,4.875
1777026083786354106,469.305,1,0.8513,0.2528,0.8881,16.539,165.97,218.34,235.86,0.407
1777026083886006227,469.405,1,0.8650,0.2445,0.8989,15.784,173.35,214.89,232.14,1.184
1777026083983443966,469.503,1,0.8804,0.2362,0.9115,15.018,180.77,211.15,228.09,4.257
1777026084085118490,469.604,1,0.8952,0.2277,0.9237,14.271,187.96,207.65,224.31,2.110
1777026084185095366,469.704,1,0.9094,0.2208,0.9358,13.647,193.93,204.40,220.80,2.279
1777026084282897287,469.802,1,0.9237,0.2135,0.9480,13.018,199.92,201.24,217.39,4.056
1777026084381111906,469.900,1,0.9390,0.2062,0.9613,12.387,205.90,197.97,213.85,2.216
1777026084482089678,470.001,1,0.9551,0.2004,0.9759,11.850,210.96,194.63,210.25,3.199
1777026084583699295,470.103,1,0.9714,0.1937,0.9906,11.276,216.35,191.35,206.71,3.891
1777026084684803584,470.204,1,0.9866,0.1883,1.0044,10.803,220.77,188.41,203.53,3.980
1777026084782777614,470.302,1,1.0021,0.1823,1.0185,10.311,225.37,185.50,200.39,0.858
1777026084882904211,470.402,1,1.0182,0.1776,1.0335,9.895,229.23,182.57,197.22,2.847
1777026084984855045,470.504,1,1.0359,0.1728,1.0502,9.470,233.17,179.45,193.85,3.515
1777026085084521648,470.604,1,1.0513,0.1686,1.0647,9.111,236.50,176.81,191.00,4.607
1777026085182656657,470.702,1,1.0674,0.1652,1.0801,8.798,239.39,174.14,188.12,3.374
1777026085282381833,470.801,1,1.0850,0.1608,1.0969,8.432,242.76,171.31,185.06,2.188
1777026085381944325,470.901,1,1.1018,0.1579,1.1130,8.154,245.32,168.71,182.25,1.400
1777026085483532942,471.003,1,1.1198,0.1551,1.1305,7.886,247.78,166.00,179.32,3.285
1777026085585167984,471.104,1,1.1383,0.1531,1.1485,7.658,249.87,163.31,176.41,4.040
1777026085683273308,471.202,1,1.1555,0.1507,1.1653,7.433,251.94,160.87,173.78,2.057
1777026085782546990,471.302,1,1.1758,0.1484,1.1851,7.195,254.11,158.10,170.78,2.101
1777026085883548447,471.403,1,1.1945,0.1482,1.2036,7.071,255.25,155.62,168.11,2.899
1777026085984355406,471.503,1,1.2138,0.1474,1.2227,6.923,256.60,153.14,165.43,3.178
1777026086084394559,471.603,1,1.2329,0.1471,1.2417,6.804,257.69,150.77,162.87,2.164
1777026086183824572,471.703,1,1.2518,0.1473,1.2604,6.713,258.52,148.50,160.41,2.083
1777026086283531970,471.803,1,1.2708,0.1496,1.2795,6.715,258.51,146.28,158.01,2.373
1777026086384150024,471.903,1,1.2905,0.1492,1.2991,6.596,259.59,144.04,155.60,3.175
1777026086483259985,472.002,1,1.3092,0.1512,1.3179,6.588,259.66,141.98,153.38,2.456
1777026086581496660,472.101,1,1.3287,0.1535,1.3375,6.591,259.63,139.90,151.13,0.175
1777026086684405279,472.204,1,1.3470,0.1551,1.3559,6.568,259.85,137.99,149.07,3.142
1777026086783852866,472.303,1,1.3666,0.1586,1.3758,6.618,259.39,136.02,146.93,1.761
1777026086885836996,472.405,1,1.3838,0.1621,1.3932,6.683,258.79,134.33,145.11,3.898
1777026086982324914,472.501,1,1.4031,0.1662,1.4129,6.756,258.14,132.48,143.11,0.293
1777026087083717755,472.603,1,1.4205,0.1696,1.4306,6.808,257.65,130.86,141.36,1.802
1777026087186563950,472.706,1,1.4422,0.1750,1.4528,6.918,256.66,128.89,139.23,3.369
1777026087285314730,472.804,1,1.4579,0.1796,1.4689,7.022,255.70,127.50,137.73,3.025
1777026087382726359,472.902,1,1.4766,0.1852,1.4881,7.151,254.52,125.89,135.99,0.276
1777026087483487318,473.003,1,1.4949,0.1912,1.5070,7.288,253.27,124.35,134.33,1.409
1777026087581543199,473.101,1,1.5129,0.1979,1.5258,7.452,251.76,122.87,132.72,0.591
1777026087684069620,473.203,1,1.5303,0.2047,1.5439,7.620,250.23,121.47,131.22,0.896
1777026087785532034,473.305,1,1.5481,0.2132,1.5627,7.842,248.18,120.07,129.71,2.737
1777026087885908721,473.405,1,1.5643,0.2202,1.5797,8.014,246.61,118.83,128.36,3.062
1777026087987865444,473.507,1,1.5833,0.2297,1.5999,8.256,244.38,117.40,126.83,3.594
1777026088084662562,473.604,1,1.5988,0.2385,1.6165,8.483,242.29,116.26,125.59,0.928
1777026088183746190,473.703,1,1.6155,0.2471,1.6343,8.698,240.31,115.06,124.30,0.366
1777026088284421373,473.804,1,1.6319,0.2574,1.6520,8.964,237.85,113.91,123.05,0.962
1777026088387556916,473.907,1,1.6480,0.2683,1.6697,9.246,235.24,112.79,121.84,3.325
1777026088483904131,474.003,1,1.6625,0.2782,1.6856,9.499,232.90,111.81,120.79,0.171
1777026088585948335,474.105,1,1.6761,0.2864,1.7004,9.696,231.08,110.90,119.80,2.740
1777026088683982716,474.203,1,1.6815,0.2926,1.7068,9.872,229.44,110.55,119.42,0.929
1777026088784799620,474.304,1,1.6810,0.2902,1.7059,9.796,230.15,110.58,119.45,1.082
1777026088883111182,474.402,1,1.6807,0.2900,1.7055,9.788,230.22,110.60,119.48,1.459
1777026088983401333,474.502,1,1.6809,0.2898,1.7057,9.782,230.28,110.58,119.46,1.370
1777026089086204695,474.605,1,1.6808,0.2901,1.7057,9.791,230.19,110.59,119.46,2.640
1777026089184006171,474.703,1,1.6809,0.2895,1.7057,9.773,230.36,110.58,119.46,0.851
1777026089283402202,474.802,1,1.6808,0.2901,1.7057,9.793,230.17,110.59,119.47,0.786
1777026089382635032,474.902,1,1.6809,0.2894,1.7057,9.770,230.39,110.58,119.46,1.590
1777026089482600797,475.002,1,1.6808,0.2899,1.7057,9.787,230.23,110.59,119.46,1.451
1777026089584376931,475.103,1,1.6803,0.2912,1.7054,9.831,229.83,110.62,119.50,0.106
1777026089686631873,475.206,1,1.6809,0.2895,1.7057,9.773,230.36,110.59,119.46,2.435
1777026089782580223,475.302,1,1.6810,0.2893,1.7057,9.766,230.43,110.58,119.46,2.203
1777026089882540636,475.402,1,1.6803,0.2912,1.7054,9.832,229.81,110.62,119.50,2.546
1777026089982706677,475.502,1,1.6808,0.2900,1.7056,9.789,230.22,110.59,119.47,1.850
1777026090083373768,475.602,1,1.6809,0.2894,1.7056,9.768,230.41,110.59,119.46,2.358
1777026090182244935,475.701,1,1.6809,0.2894,1.7056,9.770,230.39,110.59,119.46,3.087
1777026090283826830,475.803,1,1.6809,0.2896,1.7056,9.775,230.34,110.59,119.46,1.619
1777026090383730300,475.903,1,1.6809,0.2893,1.7056,9.765,230.44,110.58,119.46,1.863
1777026090482674448,476.002,1,1.6809,0.2894,1.7056,9.768,230.41,110.58,119.46,2.716
1777026090583491185,476.103,1,1.6809,0.2895,1.7056,9.773,230.36,110.59,119.46,2.256
1777026090685234299,476.204,1,1.6809,0.2894,1.7056,9.768,230.41,110.58,119.46,0.169
1777026090782847315,476.302,1,1.6809,0.2895,1.7056,9.772,230.38,110.59,119.46,2.972
1777026090884592652,476.404,1,1.6809,0.2895,1.7056,9.774,230.36,110.59,119.46,1.184
1777026090983641632,476.503,1,1.6807,0.2903,1.7056,9.801,230.11,110.60,119.47,2.256
1777026091082975868,476.602,1,1.6808,0.2897,1.7056,9.779,230.31,110.59,119.46,3.867
1777026091183737902,476.703,1,1.6809,0.2892,1.7056,9.761,230.48,110.58,119.46,2.194
1777026091286197582,476.805,1,1.6808,0.2898,1.7056,9.784,230.26,110.59,119.47,0.328
1777026091384574144,476.904,1,1.6808,0.2897,1.7056,9.781,230.29,110.59,119.47,1.696
1777026091483360850,477.002,1,1.6809,0.2894,1.7056,9.769,230.40,110.59,119.46,2.773
1777026091583352819,477.102,1,1.6809,0.2893,1.7056,9.767,230.42,110.59,119.46,2.930
1777026091682769054,477.202,1,1.6808,0.2900,1.7056,9.791,230.20,110.60,119.47,4.185
1777026091783274979,477.302,1,1.6808,0.2897,1.7056,9.780,230.30,110.59,119.46,3.746
1777026091883987495,477.403,1,1.6807,0.2896,1.7055,9.777,230.33,110.60,119.47,3.797
1777026091983828614,477.503,1,1.6809,0.2902,1.7057,9.795,230.16,110.59,119.46,3.733
1777026092083829935,477.603,1,1.6812,0.2889,1.7058,9.752,230.56,110.57,119.44,3.388
1777026092181538227,477.701,1,1.6815,0.2899,1.7063,9.782,230.28,110.55,119.42,1.450
1777026092285034247,477.804,1,1.6819,0.2903,1.7068,9.794,230.17,110.52,119.39,2.163
1777026092383762379,477.903,1,1.6823,0.2902,1.7071,9.787,230.24,110.50,119.36,4.307
1777026092482964746,478.002,1,1.6825,0.2899,1.7073,9.776,230.34,110.48,119.34,3.424
1777026092586162585,478.105,1,1.6830,0.2893,1.7077,9.753,230.55,110.45,119.31,1.532
1777026092682807315,478.202,1,1.6839,0.2890,1.7085,9.738,230.69,110.39,119.25,3.602
1777026092784918907,478.304,1,1.6856,0.2892,1.7103,9.734,230.72,110.28,119.12,2.776
1777026092883542781,478.403,1,1.6859,0.2887,1.7104,9.719,230.86,110.26,119.11,3.940
1777026092986654324,478.506,1,1.6864,0.2892,1.7110,9.730,230.76,110.22,119.07,1.333
1777026093085029090,478.604,1,1.6881,0.2889,1.7127,9.710,230.95,110.11,118.95,3.366
1777026093182513422,478.702,1,1.6892,0.2893,1.7138,9.719,230.86,110.04,118.87,2.718
1777026093282576353,478.802,1,1.6913,0.2885,1.7157,9.679,231.23,109.91,118.73,1.432
1777026093382535933,478.902,1,1.6970,0.2872,1.7212,9.604,231.93,109.53,118.32,2.062
1777026093482500384,479.002,1,1.7037,0.2864,1.7276,9.544,232.49,109.11,117.86,2.100
1777026093583499378,479.103,1,1.7092,0.2858,1.7329,9.494,232.95,108.75,117.48,3.385
1777026093682066623,479.201,1,1.7174,0.2829,1.7405,9.353,234.25,108.24,116.92,1.625
1777026093785471089,479.305,1,1.7237,0.2814,1.7466,9.272,235.01,107.84,116.49,3.450
1777026093883934594,479.403,1,1.7304,0.2776,1.7525,9.115,236.46,107.42,116.04,3.342
1777026093983786602,479.503,1,1.7360,0.2742,1.7575,8.977,237.73,107.08,115.67,2.913
1777026094083736534,479.603,1,1.7411,0.2702,1.7619,8.823,239.15,106.76,115.33,2.512
1777026094184597048,479.704,1,1.7466,0.2659,1.7667,8.656,240.69,106.43,114.97,3.668
1777026094286068537,479.805,1,1.7515,0.2616,1.7710,8.494,242.19,106.13,114.64,3.263
1777026094383672960,479.903,1,1.7554,0.2569,1.7741,8.326,243.73,105.89,114.39,1.712
1777026094487586012,480.007,1,1.7624,0.2488,1.7799,8.036,246.41,105.47,113.93,1.561
1777026094583169700,480.102,1,1.7724,0.2375,1.7883,7.632,250.12,104.88,113.29,1.749
1777026094686033264,480.205,1,1.7851,0.2216,1.7988,7.078,255.19,104.13,112.49,3.980
1777026094783274377,480.302,1,1.7939,0.2091,1.8060,6.648,259.12,103.62,111.94,2.082
1777026094882249746,480.401,1,1.8036,0.1948,1.8141,6.166,263.52,103.07,111.34,0.576
1777026094982263882,480.501,1,1.8123,0.1813,1.8213,5.711,267.66,102.57,110.80,0.209
1777026095083357615,480.602,1,1.8226,0.1646,1.8300,5.160,272.67,101.99,110.17,0.919
1777026095183331844,480.702,1,1.8318,0.1482,1.8378,4.625,277.53,101.48,109.62,0.653
1777026095283638087,480.803,1,1.8406,0.1308,1.8452,4.064,282.61,100.99,109.09,1.426
1777026095386310524,480.905,1,1.8491,0.1135,1.8526,3.513,287.60,100.53,108.60,3.433
1777026095483503859,481.003,1,1.8580,0.0936,1.8604,2.883,293.30,100.04,108.07,1.803
1777026095583878287,481.103,1,1.8660,0.0758,1.8675,2.326,298.33,99.62,107.61,1.770
1777026095683634332,481.203,1,1.8734,0.0559,1.8743,1.710,303.88,99.22,107.18,1.442
1777026095787164760,481.306,1,1.8810,0.0353,1.8813,1.076,309.60,98.82,106.75,3.552
1777026095884511723,481.404,1,1.8874,0.0170,1.8875,0.517,314.64,98.49,106.39,1.662
1777026095983233299,481.502,1,1.8933,-0.0015,1.8933,-0.046,319.72,98.18,106.06,0.495
1777026096083442302,481.603,1,1.8990,-0.0214,1.8992,-0.645,325.11,97.88,105.74,0.572
1777026096184210984,481.703,1,1.9045,-0.0423,1.9050,-1.273,330.78,97.60,105.43,0.632
1777026096282883543,481.802,1,1.9093,-0.0620,1.9103,-1.861,336.07,97.36,105.17,0.151
1777026096382726014,481.902,1,1.9133,-0.0817,1.9151,-2.444,341.34,97.15,104.95,3.349
1777026096483423974,482.003,1,1.9175,-0.1015,1.9202,-3.030,346.63,96.94,104.72,0.108
1777026096586349464,482.105,1,1.9210,-0.1211,1.9248,-3.608,351.86,96.76,104.53,3.035
1777026096688762441,482.208,1,1.9249,-0.1408,1.9300,-4.184,357.07,96.57,104.32,5.209
1777026096796964202,482.316,1,1.9290,-0.1632,1.9359,-4.836,362.98,96.36,104.09,4.132
1777026096894666995,482.414,1,1.9323,-0.1821,1.9409,-5.385,367.97,96.20,103.92,2.142
1777026096986914147,482.506,1,1.9360,-0.1999,1.9463,-5.896,372.62,96.01,103.72,3.028
1777026097084147371,482.603,1,1.9396,-0.2192,1.9519,-6.449,377.67,95.84,103.53,0.313
1777026097186906326,482.706,1,1.9434,-0.2394,1.9581,-7.024,382.91,95.65,103.32,2.714
1777026097283178561,482.802,1,1.9473,-0.2584,1.9644,-7.560,387.83,95.46,103.12,0.954
1777026097385841054,482.905,1,1.9508,-0.2771,1.9704,-8.086,392.66,95.28,102.93,1.949
1777026097485085069,483.004,1,1.9548,-0.2980,1.9773,-8.669,398.02,95.09,102.72,0.574
1777026097584129549,483.103,1,1.9583,-0.3176,1.9839,-9.211,403.03,94.92,102.54,0.462
1777026097683533728,483.203,1,1.9625,-0.3368,1.9912,-9.737,407.90,94.72,102.32,1.217
1777026097783134683,483.302,1,1.9665,-0.3565,1.9986,-10.277,412.92,94.52,102.11,2.171
1777026097885285293,483.404,1,1.9703,-0.3744,2.0055,-10.759,417.42,94.35,101.92,0.578
1777026097985916736,483.505,1,1.9741,-0.3958,2.0134,-11.337,422.82,94.16,101.72,1.107
1777026098083513881,483.603,1,1.9781,-0.4159,2.0213,-11.873,427.86,93.97,101.51,1.548
1777026098185710324,483.705,1,1.9827,-0.4331,2.0294,-12.322,432.09,93.76,101.28,0.324
1777026098283406654,483.803,1,1.9865,-0.4540,2.0378,-12.873,437.30,93.57,101.08,1.504
1777026098383176514,483.902,1,1.9918,-0.4739,2.0474,-13.384,442.16,93.32,100.81,2.179
1777026098483530923,484.003,1,1.9968,-0.4928,2.0567,-13.862,446.72,93.09,100.56,1.835
1777026098582897788,484.102,1,2.0022,-0.5122,2.0667,-14.351,451.40,92.84,100.29,2.301
1777026098683087736,484.202,1,2.0089,-0.5324,2.0783,-14.844,456.15,92.53,99.96,2.107
1777026098784230192,484.303,1,2.0145,-0.5499,2.0882,-15.267,460.24,92.27,99.68,0.627
1777026098883376893,484.402,1,2.0208,-0.5696,2.0995,-15.740,464.83,91.98,99.37,1.982
1777026098986944264,484.506,1,2.0274,-0.5877,2.1108,-16.165,468.97,91.69,99.05,0.895
1777026099083575754,484.603,1,2.0345,-0.6065,2.1230,-16.599,473.22,91.36,98.70,3.451
1777026099184410176,484.704,1,2.0416,-0.6241,2.1348,-16.997,477.14,91.05,98.35,1.286
1777026099284311312,484.803,1,2.0487,-0.6444,2.1476,-17.460,481.70,90.73,98.02,1.873
1777026099385439935,484.905,1,2.0560,-0.6626,2.1602,-17.863,485.71,90.41,97.66,0.502
1777026099483132153,485.002,1,2.0639,-0.6824,2.1738,-18.297,490.03,90.06,97.29,3.381
1777026099583312008,485.102,1,2.0721,-0.7017,2.1877,-18.708,494.16,89.71,96.91,2.921
1777026099684964254,485.204,1,2.0804,-0.7200,2.2014,-19.090,498.00,89.35,96.52,1.390
1777026099784634560,485.304,1,2.0884,-0.7374,2.2147,-19.447,501.61,89.01,96.15,1.646
1777026099882835865,485.402,1,2.0967,-0.7559,2.2288,-19.825,505.45,88.66,95.77,4.127
1777026099980397418,485.499,1,2.1045,-0.7723,2.2417,-20.151,508.78,88.33,95.42,2.351
1777026100083442073,485.603,1,2.1130,-0.7926,2.2568,-20.562,512.99,87.97,95.03,3.524
1777026100185179892,485.704,1,2.1210,-0.8119,2.2711,-20.946,516.95,87.64,94.67,1.302
1777026100282624928,485.802,1,2.1262,-0.8265,2.2812,-21.242,520.01,87.42,94.44,4.145
1777026100382858634,485.902,1,2.1320,-0.8418,2.2922,-21.546,523.17,87.19,94.18,4.016
1777026100484911023,486.004,1,2.1375,-0.8593,2.3038,-21.901,526.88,86.96,93.94,1.971
1777026100583058644,486.102,1,2.1417,-0.8720,2.3124,-22.154,529.54,86.79,93.76,3.736
1777026100685292253,486.204,1,2.1436,-0.8825,2.3182,-22.376,531.86,86.72,93.67,1.863
1777026100784252475,486.303,1,2.1456,-0.8937,2.3242,-22.613,534.37,86.64,93.59,3.259
1777026100882206782,486.401,1,2.1466,-0.9048,2.3295,-22.856,536.94,86.59,93.54,3.293
1777026100986540052,486.506,1,2.1481,-0.9168,2.3356,-23.112,539.67,86.53,93.48,1.105
1777026101085921269,486.605,1,2.1484,-0.9304,2.3412,-23.415,542.91,86.52,93.46,4.147
1777026101184008353,486.703,1,2.1481,-0.9476,2.3478,-23.803,547.07,86.53,93.48,3.800
1777026101283038314,486.802,1,2.1479,-0.9595,2.3525,-24.071,549.95,86.54,93.49,2.481
1777026101384032957,486.903,1,2.1468,-0.9753,2.3579,-24.434,553.89,86.59,93.54,0.197
1777026101483290453,487.002,1,2.1444,-0.9905,2.3621,-24.793,557.80,86.68,93.64,0.957
1777026101584002358,487.103,1,2.1421,-1.0054,2.3663,-25.143,561.64,86.77,93.74,3.889
1777026101684906371,487.204,1,2.1389,-1.0199,2.3696,-25.493,565.50,86.91,93.88,5.140
1777026101785385297,487.304,1,2.1344,-1.0374,2.3732,-25.922,570.27,87.09,94.08,3.595
1777026101883132126,487.402,1,2.1310,-1.0487,2.3751,-26.203,573.41,87.23,94.23,2.316
1777026101986521333,487.506,1,2.1243,-1.0682,2.3778,-26.696,578.95,87.50,94.52,1.977
1777026102083969387,487.603,1,2.1184,-1.0818,2.3786,-27.051,582.97,87.75,94.79,3.218
1777026102181280036,487.700,1,2.1114,-1.0968,2.3792,-27.450,587.52,88.04,95.10,0.562
1777026102287615337,487.807,1,2.1029,-1.1140,2.3798,-27.913,592.84,88.39,95.49,1.406
1777026102383410245,487.903,1,2.0955,-1.1281,2.3798,-28.295,597.27,88.71,95.83,2.876
1777026102482328708,488.001,1,2.0862,-1.1431,2.3789,-28.720,602.23,89.10,96.25,1.623
1777026102584524558,488.104,1,2.0767,-1.1586,2.3780,-29.158,607.37,89.51,96.69,2.687
1777026102684997188,488.204,1,2.0646,-1.1759,2.3760,-29.663,613.38,90.03,97.26,2.813
1777026102784185685,488.303,1,2.0553,-1.1893,2.3746,-30.055,618.07,90.44,97.70,3.300
1777026102882489729,488.402,1,2.0450,-1.2022,2.3722,-30.451,622.85,90.90,98.19,0.505
1777026102983676240,488.503,1,2.0326,-1.2179,2.3696,-30.928,628.67,91.45,98.79,1.761
1777026103083372879,488.602,1,2.0212,-1.2318,2.3670,-31.360,633.99,91.97,99.35,1.355
1777026103186707178,488.706,1,2.0084,-1.2457,2.3633,-31.808,639.55,92.55,99.98,3.391
1777026103282560455,488.802,0,1.9966,-1.2581,2.3599,-32.217,644.67,93.10,100.57,0.859
1777026103388008675,488.907,0,1.9823,-1.2721,2.3553,-32.690,650.66,93.77,101.30,2.812
1777026103482620652,489.002,0,1.9701,-1.2839,2.3515,-33.092,655.80,94.35,101.92,0.262
1777026103585944044,489.105,0,1.9546,-1.2972,2.3458,-33.571,661.98,95.10,102.73,3.311
1777026103684016313,489.203,0,1.9413,-1.3077,2.3407,-33.965,667.12,95.75,103.43,1.315
1777026103783484751,489.303,0,1.9272,-1.3182,2.3349,-34.373,672.49,96.45,104.19,1.406
1777026103885914895,489.405,0,1.9114,-1.3314,2.3294,-34.860,678.98,97.25,105.06,3.937
1777026103986773798,489.506,0,1.8950,-1.3427,2.3225,-35.319,685.15,98.09,105.96,3.567
1777026104085873148,489.605,0,1.8823,-1.3517,2.3173,-35.682,690.08,98.75,106.68,3.557
1777026104186676256,489.706,0,1.8639,-1.3636,2.3094,-36.189,697.05,99.73,107.73,3.791
1777026104285342962,489.804,0,1.8508,-1.3698,2.3026,-36.505,701.45,100.43,108.49,2.879
1777026104388059640,489.907,0,1.8340,-1.3804,2.2955,-36.968,707.94,101.35,109.49,5.557
1777026104489841884,490.009,0,1.8162,-1.3892,2.2866,-37.413,714.26,102.35,110.56,1.197
1777026104580419112,490.100,0,1.8030,-1.3949,2.2796,-37.727,718.76,103.10,111.37,3.031
1777026104682450298,490.202,0,1.7839,-1.4046,2.2706,-38.217,725.87,104.20,112.56,0.613
1777026104783574753,490.303,0,1.7669,-1.4119,2.2618,-38.628,731.90,105.20,113.64,0.074
1777026104883784831,490.403,0,1.7504,-1.4158,2.2514,-38.967,736.94,106.19,114.71,0.492
1777026104983669190,490.503,0,1.7309,-1.4238,2.2412,-39.441,744.04,107.39,116.01,0.374
1777026105084699109,490.604,0,1.7136,-1.4293,2.2315,-39.831,749.98,108.47,117.18,1.375
1777026105185869824,490.705,0,1.6959,-1.4340,2.2209,-40.217,755.91,109.61,118.40,1.054
1777026105286988113,490.806,0,1.6774,-1.4387,2.2099,-40.620,762.17,110.82,119.71,3.319
1777026105383272070,490.902,0,1.6562,-1.4434,2.1969,-41.074,769.33,112.24,121.25,0.514
1777026105483391685,491.002,0,1.6374,-1.4474,2.1854,-41.476,775.74,113.52,122.63,0.586
1777026105583168360,491.102,0,1.6176,-1.4513,2.1732,-41.898,782.56,114.91,124.13,0.931
1777026105685083381,491.204,0,1.5995,-1.4537,2.1613,-42.266,788.57,116.22,125.54,0.776
1777026105783409665,491.303,0,1.5785,-1.4596,2.1499,-42.757,796.73,117.76,127.21,2.383
1777026105884114793,491.403,0,1.5598,-1.4633,2.1387,-43.172,803.71,119.17,128.74,0.047
1777026105987487518,491.507,0,1.5402,-1.4666,2.1267,-43.598,810.97,120.69,130.37,3.324
1777026106087402821,491.607,0,1.5205,-1.4713,2.1157,-44.058,818.93,122.26,132.07,3.196
1777026106184931523,491.704,0,1.4995,-1.4761,2.1041,-44.550,827.60,123.97,133.91,0.547
1777026106281823658,491.801,0,1.4832,-1.4786,2.0944,-44.911,834.05,125.32,135.38,3.944
1777026106384201617,491.903,0,1.4602,-1.4838,2.0818,-45.458,843.98,127.30,137.51,0.665
1777026106484874670,492.004,0,1.4415,-1.4873,2.0713,-45.896,852.04,128.95,139.30,0.237
1777026106583223770,492.102,0,1.4220,-1.4912,2.0605,-46.360,860.77,130.72,141.21,1.476
1777026106684026896,492.203,0,1.4030,-1.4945,2.0499,-46.809,869.33,132.49,143.12,1.014
1777026106783501741,492.303,0,1.3823,-1.4991,2.0392,-47.321,879.27,134.47,145.26,1.664
1777026106885719351,492.405,0,1.3630,-1.5028,2.0288,-47.792,888.58,136.38,147.32,0.100
1777026106984999643,492.504,0,1.3430,-1.5063,2.0181,-48.279,898.40,138.40,149.51,0.248
1777026107084096752,492.603,0,1.3228,-1.5109,2.0081,-48.797,909.05,140.52,151.80,1.030
1777026107185235281,492.704,0,1.3021,-1.5154,1.9980,-49.330,920.23,142.76,154.21,0.198
1777026107286370237,492.805,0,1.2828,-1.5186,1.9879,-49.812,930.56,144.91,156.54,0.889
1777026107387635302,492.907,0,1.2624,-1.5232,1.9783,-50.348,942.30,147.24,159.06,2.070
1777026107486685245,493.006,0,1.2429,-1.5270,1.9689,-50.855,953.65,149.55,161.55,0.027
1777026107586413865,493.106,0,1.2225,-1.5313,1.9594,-51.399,966.09,152.05,164.26,0.337
1777026107686156892,493.205,0,1.2024,-1.5353,1.9501,-51.934,978.63,154.60,167.01,0.111
1777026107789851854,493.309,0,1.1827,-1.5393,1.9412,-52.463,991.31,157.16,169.78,3.807
1777026107883394177,493.402,0,1.1627,-1.5433,1.9323,-53.008,1004.70,159.88,172.71,2.733
1777026107983338443,493.502,0,1.1425,-1.5474,1.9235,-53.559,1018.61,162.69,175.75,3.189
1777026108083249376,493.602,0,1.1228,-1.5510,1.9148,-54.099,1032.58,165.56,178.84,2.935
1777026108183833930,493.703,0,1.1014,-1.5555,1.9060,-54.699,1048.52,168.76,182.31,4.058
1777026108285304400,493.804,0,1.0828,-1.5593,1.8984,-55.224,1062.89,171.67,185.45,1.486
1777026108384647932,493.904,0,1.0624,-1.5629,1.8898,-55.793,1078.87,174.97,189.01,2.279
1777026108482473816,494.002,0,1.0438,-1.5668,1.8827,-56.328,1094.34,178.08,192.37,3.715
1777026108582690948,494.102,0,1.0241,-1.5707,1.8750,-56.896,1111.24,181.52,196.08,3.821
1777026108686713185,494.206,0,1.0023,-1.5746,1.8666,-57.523,1130.52,185.46,200.35,0.455
1777026108782037968,494.301,0,0.9835,-1.5780,1.8594,-58.067,1147.77,189.00,204.17,2.841
1777026108882741225,494.402,0,0.9643,-1.5813,1.8521,-58.625,1166.05,192.77,208.24,3.781
1777026108988058112,494.507,0,0.9421,-1.5851,1.8440,-59.275,1188.05,197.30,213.14,0.624
1777026109086162752,494.605,0,0.9215,-1.5880,1.8360,-59.875,1209.14,201.73,217.92,1.296
1777026109186459865,494.706,0,0.9020,-1.5907,1.8287,-60.444,1229.87,206.08,222.61,1.029
1777026109286703516,494.806,0,0.8820,-1.5931,1.8209,-61.031,1252.00,210.76,227.68,0.820
1777026109385484814,494.905,0,0.8628,-1.5944,1.8129,-61.581,1273.49,215.44,232.73,2.182
1777026109483395548,495.002,0,0.8445,-1.5964,1.8060,-62.120,1295.32,220.10,237.76,3.943
1777026109582720932,495.102,0,0.8254,-1.5976,1.7983,-62.678,1318.74,225.21,243.28,2.546
1777026109683595446,495.203,0,0.8072,-1.5980,1.7903,-63.201,1341.54,230.29,248.77,3.651
1777026109784717921,495.304,0,0.7879,-1.5978,1.7815,-63.751,1366.39,235.92,254.85,3.053
1777026109882844729,495.402,0,0.7696,-1.5976,1.7733,-64.277,1391.10,241.52,260.90,0.834
1777026109984236327,495.503,0,0.7505,-1.5964,1.7640,-64.822,1417.69,247.69,267.57,4.536
1777026110083209065,495.602,0,0.7334,-1.5951,1.7556,-65.309,1442.36,253.46,273.80,3.356
1777026110184032021,495.703,0,0.7146,-1.5935,1.7464,-65.845,1470.63,260.11,280.98,3.468
1777026110283261608,495.802,0,0.6963,-1.5912,1.7369,-66.368,1499.34,266.98,288.40,3.049
1777026110385183662,495.904,0,0.6758,-1.5883,1.7261,-66.950,1532.78,275.04,297.11,2.812
1777026110483688591,496.003,0,0.6565,-1.5851,1.7157,-67.504,1566.09,283.16,305.89,2.861
1777026110585683236,496.105,0,0.6349,-1.5808,1.7035,-68.117,1604.83,292.76,316.25,3.682
1777026110687005260,496.206,0,0.6161,-1.5760,1.6921,-68.648,1640.10,301.71,325.92,2.344
1777026110787931030,496.307,0,0.5956,-1.5711,1.6803,-69.237,1681.26,312.07,337.11,1.206
1777026110884085230,496.403,0,0.5791,-1.5665,1.6701,-69.711,1715.96,320.97,346.72,3.186
1777026110983781237,496.503,0,0.5592,-1.5603,1.6574,-70.283,1760.02,332.42,359.09,2.689
1777026111085066539,496.604,0,0.5404,-1.5540,1.6452,-70.826,1804.17,343.99,371.60,3.926
1777026111183359138,496.702,0,0.5211,-1.5457,1.6311,-71.370,1850.93,356.73,385.36,2.409
1777026111283914245,496.803,0,0.5003,-1.5390,1.6183,-71.993,1907.82,371.58,401.39,2.102
1777026111386871304,496.906,0,0.4805,-1.5310,1.6046,-72.576,1964.55,386.87,417.92,2.998
1777026111493822628,497.013,0,0.4617,-1.5238,1.5922,-73.142,2023.30,402.58,434.88,3.808
1777026111583351522,497.102,0,0.4429,-1.5175,1.5808,-73.731,2088.57,419.73,453.41,1.480
1777026111683475635,497.203,0,0.4256,-1.5093,1.5682,-74.251,2150.25,436.71,471.76,0.889
1777026111787218073,497.306,0,0.4054,-1.5011,1.5549,-74.885,2230.99,458.46,495.26,3.724
1777026111885809723,497.405,0,0.3890,-1.4942,1.5440,-75.408,2302.64,477.84,516.18,4.021
1777026111988902244,497.508,0,0.3687,-1.4862,1.5313,-76.068,2400.76,504.18,544.64,1.799
1777026112083762293,497.603,0,0.3527,-1.4789,1.5203,-76.585,2484.14,526.99,569.28,1.385
1777026112182752291,497.702,0,0.3337,-1.4714,1.5087,-77.223,2596.25,557.09,601.80,0.035
1777026112285445982,497.805,0,0.3163,-1.4642,1.4980,-77.811,2709.79,587.74,634.91,3.404
1777026112385192489,497.904,0,0.2967,-1.4565,1.4864,-78.484,2853.68,626.44,676.70,2.629
1777026112484390299,498.003,0,0.2794,-1.4488,1.4755,-79.086,2996.99,665.37,718.76,1.958
1777026112582454956,498.102,0,0.2607,-1.4410,1.4644,-79.746,3173.65,713.08,770.30,0.346
1777026112684336251,498.203,0,0.2426,-1.4337,1.4541,-80.394,3370.24,766.10,827.57,1.884
1777026112783688818,498.303,0,0.2247,-1.4257,1.4433,-81.043,3595.34,827.24,893.62,0.711
1777026112886550711,498.406,0,0.2064,-1.4183,1.4332,-81.719,3867.00,900.50,972.76,3.055
1777026112983362366,498.502,0,0.1880,-1.4097,1.4222,-82.403,4190.69,988.66,1068.00,0.264
1777026113083329944,498.602,0,0.1690,-1.4021,1.4123,-83.126,4602.32,1099.67,1187.91,0.934
1777026113186734867,498.706,0,0.1508,-1.3947,1.4028,-83.828,5094.24,1232.54,1331.45,2.539
1777026113284814617,498.804,0,0.1322,-1.3871,1.3933,-84.557,5738.14,1406.42,1519.28,1.378
1777026113383023384,498.902,0,0.1140,-1.3795,1.3842,-85.275,6566.10,1630.25,1761.07,1.130
1777026113484541701,499.004,0,0.0944,-1.3731,1.3764,-86.069,7833.07,1969.89,2127.97,4.469
1777026113582304363,499.101,0,0.0759,-1.3644,1.3665,-86.816,9599.94,2448.77,2645.28,1.509
1777026113686303982,499.205,0,0.0599,-1.3560,1.3573,-87.470,12006.71,3102.92,3351.92,0.821
1777026113785537329,499.305,0,0.0414,-1.3507,1.3513,-88.244,nan,nan,nan,1.612
1777026113885048875,499.404,0,0.0209,-1.3421,1.3423,-89.110,nan,nan,nan,1.048
1777026113986953410,499.506,0,0.0042,-1.3341,1.3341,-89.821,nan,nan,nan,2.811
1777026114086165053,499.605,0,-0.0123,-1.3271,1.3272,-90.533,nan,nan,nan,1.497
1777026114183252353,499.702,0,-0.0333,-1.3209,1.3213,-91.445,nan,nan,nan,1.459
1777026114283172987,499.802,0,-0.0545,-1.3141,1.3152,-92.374,nan,nan,nan,1.395
1777026114383380376,499.902,0,-0.0717,-1.3050,1.3070,-93.143,nan,nan,nan,1.533
1777026114482314652,500.001,0,-0.0888,-1.2968,1.2998,-93.919,nan,nan,nan,2.459
1777026114583577510,500.103,0,-0.1080,-1.2893,1.2939,-94.786,nan,nan,nan,1.891
1777026114684064711,500.203,0,-0.1260,-1.2813,1.2875,-95.617,nan,nan,nan,2.633
1777026114785001629,500.304,0,-0.1429,-1.2743,1.2823,-96.398,nan,nan,nan,0.459
1777026114882738235,500.402,0,-0.1592,-1.2665,1.2764,-97.163,nan,nan,nan,2.550
1777026114983846021,500.503,0,-0.1762,-1.2582,1.2705,-97.973,nan,nan,nan,1.724
1777026115082810167,500.602,0,-0.1918,-1.2482,1.2629,-98.734,nan,nan,nan,2.157
1777026115182016106,500.701,0,-0.2049,-1.2392,1.2561,-99.388,nan,nan,nan,3.261
1777026115286187390,500.805,0,-0.2178,-1.2302,1.2494,-100.041,nan,nan,nan,0.654
1777026115387209881,500.906,0,-0.2319,-1.2204,1.2422,-100.760,nan,nan,nan,2.089
1777026115486977147,501.006,0,-0.2463,-1.2098,1.2346,-101.507,nan,nan,nan,1.110
1777026115585267283,501.104,0,-0.2593,-1.1988,1.2265,-102.207,nan,nan,nan,0.895
1777026115682781113,501.202,0,-0.2728,-1.1873,1.2182,-102.939,nan,nan,nan,3.435
1777026115782435547,501.302,0,-0.2852,-1.1757,1.2098,-103.633,nan,nan,nan,3.195
1777026115886009617,501.405,0,-0.2974,-1.1642,1.2016,-104.332,nan,nan,nan,0.705
1777026115986644001,501.506,0,-0.3093,-1.1519,1.1927,-105.032,nan,nan,nan,0.620
1777026116083071068,501.602,0,-0.3201,-1.1403,1.1843,-105.679,nan,nan,nan,3.487
1777026116182903573,501.702,0,-0.3301,-1.1283,1.1756,-106.308,nan,nan,nan,3.460
1777026116289941729,501.809,0,-0.3405,-1.1155,1.1663,-106.974,nan,nan,nan,3.264
1777026116384964925,501.904,0,-0.3504,-1.1023,1.1566,-107.635,nan,nan,nan,1.108
1777026116486568445,502.006,0,-0.3593,-1.0888,1.1465,-108.261,nan,nan,nan,0.510
1777026116583884482,502.103,0,-0.3691,-1.0746,1.1362,-108.956,nan,nan,nan,2.629
1777026116682734722,502.202,0,-0.3755,-1.0623,1.1268,-109.469,nan,nan,nan,4.567
1777026116783150572,502.302,0,-0.3853,-1.0482,1.1168,-110.182,nan,nan,nan,3.431
1777026116882314864,502.401,0,-0.3932,-1.0338,1.1061,-110.825,nan,nan,nan,3.535
1777026116987012808,502.506,0,-0.3998,-1.0223,1.0977,-111.362,nan,nan,nan,0.315
1777026117083204212,502.602,0,-0.3994,-1.0209,1.0962,-111.366,nan,nan,nan,4.171
1777026117184717881,502.704,0,-0.4023,-1.0139,1.0908,-111.645,nan,nan,nan,2.690
1777026117285372839,502.804,0,-0.4060,-1.0043,1.0832,-112.010,nan,nan,nan,2.035
1777026117384137914,502.903,0,-0.4083,-0.9976,1.0779,-112.258,nan,nan,nan,3.104
1777026117483299335,503.002,0,-0.4111,-0.9894,1.0714,-112.565,nan,nan,nan,4.047
1777026117584920596,503.104,0,-0.4138,-0.9766,1.0607,-112.963,nan,nan,nan,3.076
1777026117683771040,503.203,0,-0.4157,-0.9673,1.0528,-113.256,nan,nan,nan,4.203
1777026117786710247,503.306,0,-0.4179,-0.9568,1.0441,-113.594,nan,nan,nan,1.272
1777026117884436334,503.404,0,-0.4191,-0.9462,1.0348,-113.891,nan,nan,nan,3.851
1777026117986522960,503.506,0,-0.4196,-0.9362,1.0259,-114.145,nan,nan,nan,1.423
1777026118085800639,503.605,0,-0.4185,-0.9273,1.0174,-114.292,nan,nan,nan,2.498
1777026118186257785,503.705,0,-0.4255,-0.9175,1.0114,-114.881,nan,nan,nan,1.723
1777026118284242832,503.803,0,-0.4425,-0.9067,1.0089,-116.012,nan,nan,nan,3.602
1777026118383117183,503.902,0,-0.4681,-0.9003,1.0147,-117.470,nan,nan,nan,2.010
1777026118488504119,504.008,0,-0.4817,-0.8944,1.0159,-118.307,nan,nan,nan,0.290
1777026118586970956,504.106,0,-0.5025,-0.8821,1.0152,-119.670,nan,nan,nan,2.454
1777026118686941997,504.206,0,-0.4992,-0.8769,1.0090,-119.651,nan,nan,nan,2.515
1777026118786712466,504.306,0,-0.4955,-0.8697,1.0009,-119.669,nan,nan,nan,4.637
1777026118888312783,504.407,0,-0.4931,-0.8624,0.9934,-119.758,nan,nan,nan,1.174
1777026118983240332,504.502,0,-0.4906,-0.8555,0.9862,-119.835,nan,nan,nan,2.299
1777026119087663446,504.607,0,-0.4956,-0.8519,0.9856,-120.189,nan,nan,nan,1.550
1777026119185298405,504.704,0,-0.5090,-0.8553,0.9953,-120.761,nan,nan,nan,3.972
1777026119286693076,504.806,0,-0.5373,-0.8546,1.0095,-122.161,nan,nan,nan,2.222
1777026119385895904,504.905,0,-0.5220,-0.8727,1.0169,-120.887,nan,nan,nan,3.556
1777026119481573388,505.001,0,-0.5012,-0.8968,1.0273,-119.203,nan,nan,nan,0.318
1777026119586788270,505.106,0,-0.5081,-0.9112,1.0432,-119.144,nan,nan,nan,2.740
1777026119687801150,505.207,0,-0.4906,-0.9321,1.0533,-117.761,nan,nan,nan,1.623
1777026119787606804,505.307,0,-0.4346,-0.9683,1.0613,-114.174,nan,nan,nan,2.419
1777026119887510086,505.407,0,-0.3664,-1.0023,1.0671,-110.080,nan,nan,nan,2.624
1777026119992787931,505.512,0,-0.2751,-1.0312,1.0673,-104.935,nan,nan,nan,2.612
1777026120087555556,505.607,0,-0.1765,-1.0392,1.0541,-99.639,nan,nan,nan,2.977
1777026120188558806,505.708,0,-0.0656,-1.0460,1.0481,-93.587,nan,nan,nan,1.491
1777026120287876262,505.807,0,0.0445,-1.0369,1.0378,-87.543,nan,nan,nan,2.869
1777026120382421019,505.902,0,0.1583,-1.0144,1.0266,-81.133,3628.96,1174.60,1268.85,0.490
1777026120484891029,506.004,0,0.3026,-0.9635,1.0099,-72.561,1963.08,614.20,663.49,2.784
1777026120582611894,506.102,0,0.4419,-0.8863,0.9903,-63.497,1354.80,420.62,454.38,0.742
1777026120684028732,506.203,0,0.5621,-0.7869,0.9671,-54.460,1042.12,330.67,357.21,1.446
1777026120787193917,506.306,0,0.6612,-0.6663,0.9387,-45.218,839.58,281.13,303.69,3.202
1777026120884173329,506.403,0,0.7357,-0.5328,0.9084,-35.912,693.24,252.65,272.93,0.784
1777026120983237289,506.502,1,0.7749,-0.3920,0.8683,-26.832,580.49,239.90,259.15,0.163
1777026121082592967,506.602,1,0.7918,-0.2495,0.8302,-17.488,481.99,234.75,253.59,0.914
1777026121182903929,506.702,1,0.7832,-0.1074,0.7905,-7.807,390.09,237.34,256.38,1.312
1777026121283749607,506.803,1,0.7525,0.0245,0.7529,1.862,302.51,247.01,266.83,0.112
1777026121384024681,506.903,1,0.7010,0.1454,0.7160,11.714,212.24,265.15,286.43,0.511
1777026121480737467,507.000,1,0.6336,0.2584,0.6842,22.186,108.73,293.40,316.94,2.381
1777026121579742798,507.099,0,0.5535,0.3670,0.6641,33.550,-23.10,335.86,362.81,3.596
1777026121678153025,507.197,0,0.4632,0.4588,0.6519,44.726,-192.12,401.33,433.54,3.145
1777026121777334890,507.296,0,0.3491,0.5379,0.6412,57.017,-476.32,532.50,575.23,2.362
1777026121882600290,507.402,0,0.2064,0.5984,0.6329,70.972,-1177.86,900.76,973.04,1.875
1777026121982602701,507.502,0,0.0691,0.6284,0.6322,83.724,-4375.36,2689.34,2905.15,1.356
1777026122083043662,507.602,0,-0.0695,0.6327,0.6365,96.272,nan,nan,nan,0.981
1777026122184198762,507.703,0,-0.1812,0.6173,0.6433,106.360,nan,nan,nan,0.307
1777026122285799819,507.805,0,-0.2958,0.5824,0.6532,116.926,nan,nan,nan,1.924
1777026122383544092,507.903,0,-0.4005,0.5345,0.6679,126.846,nan,nan,nan,1.658
1777026122486131118,508.005,0,-0.4709,0.4933,0.6820,133.672,nan,nan,nan,0.948
1777026122582978773,508.102,0,-0.5158,0.4690,0.6972,137.721,nan,nan,nan,2.619
1777026122685112323,508.204,0,-0.5611,0.4478,0.7179,141.407,nan,nan,nan,0.537
1777026122784400113,508.303,0,-0.6021,0.4249,0.7369,144.788,nan,nan,nan,0.743
1777026122883350426,508.402,0,-0.5822,0.4634,0.7441,141.479,nan,nan,nan,3.555
1777026122985304701,508.504,0,-0.5142,0.5408,0.7463,133.557,nan,nan,nan,0.680
1777026123084886118,508.604,0,-0.3875,0.6282,0.7381,121.666,nan,nan,nan,0.071
1777026123185151784,508.704,0,-0.2589,0.6844,0.7317,110.724,nan,nan,nan,0.082
1777026123285588116,508.805,0,-0.1435,0.7138,0.7281,101.370,nan,nan,nan,0.146
1777026123383582366,508.903,0,-0.1521,0.7119,0.7279,102.058,nan,nan,nan,1.220
1777026123482341533,509.001,0,-0.2372,0.6923,0.7318,108.915,nan,nan,nan,2.848
1777026123582955640,509.102,0,-0.3088,0.6717,0.7392,114.691,nan,nan,nan,2.394
1777026123683664357,509.203,0,-0.3271,0.6673,0.7431,116.114,nan,nan,nan,1.515
1777026123783869080,509.303,0,-0.3605,0.6576,0.7499,118.734,nan,nan,nan,1.209
1777026123882316362,509.401,0,-0.3822,0.6542,0.7577,120.292,nan,nan,nan,3.442
1777026123982489401,509.502,0,-0.4140,0.6406,0.7628,122.874,nan,nan,nan,3.768
1777026124082502811,509.602,0,-0.4657,0.6123,0.7693,127.252,nan,nan,nan,3.707
1777026124183285453,509.702,0,-0.5242,0.5793,0.7813,132.139,nan,nan,nan,2.684
1777026124283838246,509.803,0,-0.5646,0.5497,0.7880,135.768,nan,nan,nan,2.591
1777026124383105999,509.902,0,-0.6041,0.5182,0.7959,139.374,nan,nan,nan,3.119
1777026124483649662,510.003,0,-0.6405,0.4881,0.8053,142.692,nan,nan,nan,3.209
1777026124583501371,510.103,0,-0.6773,0.4543,0.8155,146.149,nan,nan,nan,2.656
1777026124686271155,510.205,0,-0.7111,0.4223,0.8271,149.296,nan,nan,nan,1.154
1777026124783224104,510.302,0,-0.7468,0.3827,0.8392,152.871,nan,nan,nan,2.809
1777026124884006746,510.403,0,-0.7794,0.3458,0.8527,156.077,nan,nan,nan,2.777
1777026124986830306,510.506,0,-0.8114,0.3149,0.8704,158.787,nan,nan,nan,0.356
1777026125086543980,510.606,0,-0.8414,0.2814,0.8872,161.506,nan,nan,nan,1.264
1777026125184615656,510.704,0,-0.8721,0.2427,0.9053,164.450,nan,nan,nan,2.512
1777026125281943100,510.801,0,-0.8988,0.2079,0.9226,166.974,nan,nan,nan,2.949
1777026125383193680,510.902,0,-0.9271,0.1670,0.9420,169.788,nan,nan,nan,3.540
1777026125482958872,511.002,0,-0.9545,0.1232,0.9624,172.647,nan,nan,nan,3.336
1777026125583665589,511.103,0,-0.9804,0.0703,0.9829,175.897,nan,nan,nan,3.959
1777026125684389138,511.203,0,-1.0022,0.0136,1.0023,179.221,nan,nan,nan,3.523
1777026125781481882,511.301,0,-1.0194,-0.0378,1.0201,-177.875,nan,nan,nan,2.380
1777026125881729123,511.401,0,-1.0348,-0.0953,1.0392,-174.737,nan,nan,nan,2.026
1777026125982861798,511.502,0,-1.0503,-0.1563,1.0619,-171.534,nan,nan,nan,3.059
1777026126081423893,511.601,0,-1.0597,-0.2203,1.0824,-168.259,nan,nan,nan,1.708
1777026126182957488,511.702,0,-1.0646,-0.2849,1.1020,-165.018,nan,nan,nan,3.856
1777026126282797642,511.802,0,-1.0665,-0.3505,1.1226,-161.806,nan,nan,nan,3.632
1777026126383170826,511.902,0,-1.0651,-0.4154,1.1433,-158.693,nan,nan,nan,2.705
1777026126481402055,512.000,0,-1.0564,-0.4861,1.1628,-155.289,nan,nan,nan,1.339
1777026126585978038,512.105,0,-1.0393,-0.5664,1.1836,-151.409,nan,nan,nan,2.220
1777026126683445629,512.203,0,-1.0334,-0.6213,1.2058,-148.986,nan,nan,nan,2.658
1777026126784333880,512.303,0,-1.0070,-0.6948,1.2234,-145.393,nan,nan,nan,4.202
1777026126884818526,512.404,0,-0.9805,-0.7631,1.2424,-142.106,nan,nan,nan,4.244
1777026126984057594,512.503,0,-0.9540,-0.8255,1.2616,-139.131,nan,nan,nan,3.097
1777026127083884359,512.603,0,-0.9174,-0.8945,1.2813,-135.723,nan,nan,nan,3.918
1777026127186514219,512.706,0,-0.8790,-0.9663,1.3063,-132.293,nan,nan,nan,3.580
1777026127286078246,512.805,0,-0.8358,-1.0303,1.3266,-129.049,nan,nan,nan,5.539
1777026127384974967,512.904,0,-0.7952,-1.0913,1.3503,-126.081,nan,nan,nan,3.713
1777026127483181345,513.002,0,-0.7248,-1.1552,1.3637,-122.106,nan,nan,nan,0.282
1777026127584080485,513.103,0,-0.6665,-1.2127,1.3838,-118.793,nan,nan,nan,2.377
1777026127683105315,513.202,0,-0.6044,-1.2727,1.4089,-115.401,nan,nan,nan,1.982
1777026127786764977,513.306,0,-0.5277,-1.3284,1.4294,-111.664,nan,nan,nan,3.812
1777026127883895442,513.403,0,-0.4626,-1.3700,1.4460,-108.659,nan,nan,nan,3.190
1777026127985352890,513.504,0,-0.3906,-1.4113,1.4643,-105.470,nan,nan,nan,4.387
1777026128085082286,513.604,0,-0.3140,-1.4475,1.4812,-102.240,nan,nan,nan,3.819
1777026128182952890,513.702,0,-0.2330,-1.4791,1.4973,-98.950,nan,nan,nan,1.454
1777026128282995356,513.802,0,-0.1360,-1.5060,1.5121,-95.162,nan,nan,nan,1.748
1777026128381704931,513.901,0,-0.0337,-1.5276,1.5279,-91.263,nan,nan,nan,0.262
1777026128483818630,514.003,0,0.0563,-1.5413,1.5424,-87.909,14460.23,3302.80,3567.84,1.786
1777026128586689597,514.106,0,0.1590,-1.5475,1.5557,-84.134,5344.90,1169.10,1262.91,3.484
1777026128685531208,514.205,0,0.2597,-1.5466,1.5683,-80.467,3394.13,715.70,773.14,3.493
1777026128786578921,514.306,0,0.3589,-1.5416,1.5829,-76.895,2537.29,517.94,559.51,3.100
1777026128883382149,514.402,0,0.4610,-1.5293,1.5972,-73.224,2032.09,403.21,435.56,1.203
1777026128983187822,514.502,0,0.5594,-1.5077,1.6081,-69.645,1711.08,332.32,358.98,0.136
1777026129083271398,514.602,0,0.6625,-1.4773,1.6191,-65.845,1470.65,280.56,303.08,0.907
1777026129187475701,514.707,0,0.7780,-1.4374,1.6345,-61.575,1273.26,238.92,258.09,3.543
1777026129283101481,514.802,0,0.8618,-1.4048,1.6481,-58.474,1161.05,215.70,233.01,0.464
1777026129382666046,514.902,0,0.9134,-1.3897,1.6630,-56.685,1104.91,203.52,219.85,0.093
1777026129484788522,515.004,0,0.9268,-1.3995,1.6785,-56.487,1099.02,200.57,216.67,0.032
1777026129583903518,515.103,0,0.9493,-1.4013,1.6926,-55.884,1081.48,195.80,211.52,0.535
1777026129683216734,515.202,0,0.9761,-1.3998,1.7065,-55.113,1059.81,190.44,205.72,0.077
1777026129783426716,515.303,0,0.9929,-1.4027,1.7185,-54.706,1048.72,187.21,202.23,0.164
1777026129884183747,515.403,0,1.0072,-1.4063,1.7298,-54.391,1040.27,184.56,199.37,1.121
1777026129984029642,515.503,0,1.0027,-1.4160,1.7351,-54.697,1048.47,185.38,200.26,0.743
1777026130085797882,515.605,0,0.9857,-1.4261,1.7336,-55.349,1066.37,188.58,203.72,2.216
1777026130182195190,515.701,0,0.9844,-1.4225,1.7299,-55.315,1065.40,188.83,203.98,1.864
1777026130283222329,515.802,0,0.9796,-1.4204,1.7255,-55.408,1068.00,189.75,204.98,0.327
1777026130383764622,515.903,0,0.9828,-1.4124,1.7207,-55.167,1061.30,189.13,204.31,0.319
1777026130482808693,516.002,0,0.9790,-1.4068,1.7139,-55.167,1061.30,189.87,205.11,0.744
1777026130584625969,516.104,0,0.9783,-1.3970,1.7055,-54.998,1056.67,190.01,205.26,0.767
1777026130682418130,516.202,0,0.9185,-1.4206,1.6917,-57.115,1117.89,202.37,218.61,3.069
1777026130784959750,516.304,0,0.8444,-1.4518,1.6795,-59.816,1207.05,220.14,237.81,0.373
1777026130884160949,516.403,0,0.7540,-1.4872,1.6674,-63.114,1337.69,246.52,266.30,0.090
1777026130981708483,516.501,0,0.6736,-1.5119,1.6551,-65.986,1478.28,275.97,298.12,3.895
1777026131086570888,516.606,0,0.5919,-1.5327,1.6430,-68.884,1656.30,314.04,339.24,0.721
1777026131182849383,516.702,0,0.5271,-1.5452,1.6326,-71.165,1833.06,352.67,380.97,0.187
1777026131280804615,516.800,0,0.5020,-1.5427,1.6223,-71.976,1906.18,370.32,400.04,2.760
1777026131383098331,516.902,0,0.4700,-1.5379,1.6081,-73.005,2008.68,395.46,427.20,3.095
1777026131483816529,517.003,0,0.4286,-1.5346,1.5933,-74.396,2168.18,433.73,468.54,0.963
1777026131580565425,517.100,0,0.3505,-1.5400,1.5794,-77.179,2588.12,530.36,572.92,3.800
1777026131685459997,517.205,0,0.2500,-1.5400,1.5602,-80.778,3499.46,743.41,803.06,0.077
1777026131782740442,517.302,0,0.1770,-1.5340,1.5442,-83.416,4793.00,1049.91,1134.16,2.264
1777026131883064682,517.402,0,0.0910,-1.5250,1.5277,-86.586,8975.63,2043.49,2207.47,3.838
1777026131986264293,517.505,0,0.0098,-1.5114,1.5114,-89.628,nan,nan,nan,0.041
1777026132082994837,517.602,0,-0.0732,-1.4965,1.4983,-92.802,nan,nan,nan,2.867
1777026132182144555,517.701,0,-0.1588,-1.4749,1.4834,-96.144,nan,nan,nan,3.208
1777026132281602565,517.801,0,-0.1911,-1.4557,1.4682,-97.477,nan,nan,nan,3.736
1777026132382915034,517.902,0,-0.1925,-1.4369,1.4497,-97.630,nan,nan,nan,2.584
1777026132482193398,518.001,0,-0.2402,-1.4144,1.4346,-99.639,nan,nan,nan,3.546
1777026132583678402,518.103,0,-0.3206,-1.3816,1.4183,-103.064,nan,nan,nan,2.239
1777026132686526184,518.206,0,-0.3916,-1.3480,1.4037,-106.201,nan,nan,nan,0.615
1777026132782914103,518.302,0,-0.4561,-1.3147,1.3916,-109.132,nan,nan,nan,3.081
1777026132883216955,518.402,0,-0.5343,-1.2695,1.3773,-112.824,nan,nan,nan,3.356
1777026132985907369,518.505,0,-0.6011,-1.2254,1.3649,-116.128,nan,nan,nan,0.337
1777026133084591185,518.604,0,-0.6725,-1.1754,1.3542,-119.775,nan,nan,nan,2.036
1777026133186693699,518.706,0,-0.7289,-1.1315,1.3460,-122.788,nan,nan,nan,0.248
1777026133283627222,518.803,0,-0.7951,-1.0783,1.3398,-126.403,nan,nan,nan,3.204
1777026133386760946,518.906,0,-0.8532,-1.0249,1.3335,-129.776,nan,nan,nan,0.136
1777026133494025136,519.013,0,-0.8875,-0.9944,1.3328,-131.750,nan,nan,nan,1.152
1777026133583097147,519.102,0,-0.9115,-0.9760,1.3354,-133.045,nan,nan,nan,3.602
1777026133682967041,519.202,0,-0.9476,-0.9416,1.3359,-135.183,nan,nan,nan,3.253
1777026133783256022,519.302,0,-1.0014,-0.8840,1.3357,-138.564,nan,nan,nan,4.079
1777026133882403888,519.402,0,-1.0614,-0.8171,1.3395,-142.409,nan,nan,nan,2.651
1777026133984151110,519.503,0,-1.1141,-0.7519,1.3441,-145.985,nan,nan,nan,4.291
1777026134083777618,519.603,0,-1.1633,-0.6867,1.3508,-149.447,nan,nan,nan,3.769
1777026134184818868,519.704,0,-1.2200,-0.5903,1.3553,-154.181,nan,nan,nan,2.641
1777026134286561683,519.806,0,-1.2738,-0.4634,1.3555,-160.007,nan,nan,nan,1.093
1777026134382616087,519.902,0,-1.3119,-0.3438,1.3563,-165.314,nan,nan,nan,2.738
1777026134485724848,520.005,0,-1.3444,-0.2080,1.3604,-171.205,nan,nan,nan,2.754
1777026134585471132,520.105,0,-1.3618,-0.0868,1.3646,-176.352,nan,nan,nan,2.925
1777026134685014790,520.204,0,-1.3678,0.0500,1.3687,177.907,nan,nan,nan,3.002
1777026134782416363,520.302,0,-1.3632,0.1660,1.3733,173.058,nan,nan,nan,1.996
1777026134884803355,520.404,0,-1.3487,0.2874,1.3790,167.970,nan,nan,nan,3.382
1777026134986128397,520.505,0,-1.3188,0.4193,1.3839,162.364,nan,nan,nan,2.537
1777026135083653913,520.603,0,-1.2780,0.5380,1.3867,157.172,nan,nan,nan,2.932
1777026135182491320,520.702,0,-1.2191,0.6681,1.3902,151.277,nan,nan,nan,2.210
1777026135281384245,520.800,0,-1.1455,0.7924,1.3929,145.326,nan,nan,nan,1.044
1777026135383637349,520.903,0,-1.0609,0.9101,1.3978,139.375,nan,nan,nan,2.906
1777026135485130371,521.004,0,-0.9627,1.0178,1.4010,133.405,nan,nan,nan,4.639
1777026135588259946,521.107,0,-0.8593,1.1063,1.4009,127.839,nan,nan,nan,1.080
1777026135682569947,521.202,0,-0.7596,1.1777,1.4014,122.823,nan,nan,nan,1.824
1777026135782044439,521.301,0,-0.6404,1.2439,1.3990,117.242,nan,nan,nan,0.827
1777026135886721661,521.406,0,-0.5006,1.3000,1.3930,111.059,nan,nan,nan,2.545
1777026135984742560,521.504,0,-0.3839,1.3351,1.3892,106.041,nan,nan,nan,1.811
1777026136087125626,521.606,0,-0.2654,1.3582,1.3839,101.055,nan,nan,nan,2.645
1777026136187150166,521.706,0,-0.1664,1.3696,1.3797,96.927,nan,nan,nan,4.263
1777026136285237416,521.804,0,-0.0730,1.3714,1.3734,93.047,nan,nan,nan,4.269
1777026136382170217,521.901,0,-0.0260,1.3674,1.3677,91.088,nan,nan,nan,0.915
1777026136482629659,522.002,0,-0.0196,1.3622,1.3624,90.824,nan,nan,nan,1.498
1777026136583308821,522.102,0,-0.0056,1.3568,1.3568,90.238,nan,nan,nan,1.598
1777026136682234171,522.201,0,0.0195,1.3508,1.3510,89.172,nan,nan,nan,0.682
1777026136783419437,522.303,0,0.0450,1.3437,1.3444,88.084,nan,nan,nan,1.918
1777026136882381213,522.401,0,0.0788,1.3360,1.3384,86.624,-8433.27,2358.43,2547.68,0.070
1777026136981735224,522.501,0,0.1024,1.3270,1.3309,85.587,-6371.59,1815.19,1960.86,0.675
1777026137082591513,522.602,0,0.0955,1.3209,1.3244,85.867,-6826.35,1947.45,2103.72,0.807
1777026137183239027,522.702,0,0.0794,1.3159,1.3183,86.546,-8234.67,2340.16,2527.95,0.810
1777026137283346085,522.802,0,0.0634,1.3117,1.3133,87.234,-10367.98,2933.06,3168.43,0.348
1777026137384389297,522.903,0,0.0472,1.3062,1.3071,87.929,nan,nan,nan,1.541
1777026137485373140,523.004,0,0.0382,1.3019,1.3024,88.320,nan,nan,nan,3.130
1777026137583012007,523.102,0,0.0236,1.2976,1.2978,88.957,nan,nan,nan,0.141
1777026137686100397,523.205,0,0.0116,1.2944,1.2944,89.488,nan,nan,nan,2.705
1777026137785277152,523.304,0,-0.0008,1.2911,1.2911,90.034,nan,nan,nan,1.869
1777026137882852463,523.402,0,-0.0124,1.2882,1.2883,90.551,nan,nan,nan,0.194
1777026137987132098,523.506,0,-0.0284,1.2845,1.2848,91.266,nan,nan,nan,3.626
1777026138081096270,523.600,0,-0.0581,1.2797,1.2810,92.598,nan,nan,nan,2.311
1777026138181825820,523.701,0,-0.1047,1.2748,1.2791,94.697,nan,nan,nan,1.620
1777026138282474926,523.802,0,-0.1925,1.2643,1.2788,98.656,nan,nan,nan,1.261
1777026138382733185,523.902,0,-0.3162,1.2404,1.2801,104.303,nan,nan,nan,0.393
1777026138482554747,524.002,0,-0.4518,1.2015,1.2837,110.608,nan,nan,nan,0.643
1777026138584995090,524.104,0,-0.5860,1.1488,1.2896,117.026,nan,nan,nan,0.622
1777026138683667795,524.203,0,-0.7126,1.0843,1.2975,123.314,nan,nan,nan,0.641
1777026138783915518,524.303,0,-0.8284,1.0110,1.3071,129.331,nan,nan,nan,0.550
1777026138884553032,524.404,0,-0.9325,0.9317,1.3182,135.024,nan,nan,nan,0.294
1777026138981783866,524.501,0,-1.0025,0.8769,1.3320,138.823,nan,nan,nan,2.549
1777026139082031311,524.601,0,-1.0584,0.8391,1.3507,141.592,nan,nan,nan,2.211
1777026139182568956,524.702,0,-1.1189,0.7851,1.3668,144.944,nan,nan,nan,1.384
1777026139281829894,524.801,0,-1.2022,0.6817,1.3820,150.444,nan,nan,nan,3.162
1777026139382399890,524.901,0,-1.2820,0.5520,1.3958,156.702,nan,nan,nan,2.564
1777026139488053064,525.007,0,-1.3509,0.4061,1.4107,163.268,nan,nan,nan,3.092
1777026139585856632,525.105,0,-1.4101,0.2248,1.4279,170.941,nan,nan,nan,1.102
1777026139685592638,525.205,0,-1.4482,0.0311,1.4485,178.771,nan,nan,nan,1.083
1777026139783915959,525.303,0,-1.4592,-0.1413,1.4660,-174.467,nan,nan,nan,1.106
1777026139884254810,525.403,0,-1.4562,-0.2552,1.4784,-170.059,nan,nan,nan,1.460
1777026139986194363,525.505,0,-1.4431,-0.3861,1.4938,-165.021,nan,nan,nan,1.088
1777026140086436864,525.606,0,-1.4180,-0.5160,1.5089,-160.004,nan,nan,nan,1.607
1777026140189482773,525.709,0,-1.3891,-0.6209,1.5215,-155.917,nan,nan,nan,4.344
1777026140283392335,525.802,0,-1.3732,-0.6578,1.5227,-154.403,nan,nan,nan,1.619
1777026140383087657,525.902,0,-1.3689,-0.6535,1.5169,-154.479,nan,nan,nan,3.408
1777026140485225615,526.004,0,-1.3690,-0.6314,1.5076,-155.239,nan,nan,nan,0.426
1777026140585992701,526.105,0,-1.3684,-0.6171,1.5012,-155.727,nan,nan,nan,0.052
1777026140680102908,526.199,0,-1.3533,-0.6344,1.4946,-154.882,nan,nan,nan,2.275
1777026140786284297,526.305,0,-1.3219,-0.7033,1.4973,-151.983,nan,nan,nan,0.238
1777026140882823251,526.402,0,-1.2735,-0.8039,1.5060,-147.738,nan,nan,nan,3.357
1777026140984528455,526.504,0,-1.2132,-0.9061,1.5142,-143.243,nan,nan,nan,1.381
1777026141087155778,526.606,0,-1.1798,-0.9617,1.5220,-140.815,nan,nan,nan,0.107
1777026141187157966,526.706,0,-1.1531,-0.9983,1.5252,-139.116,nan,nan,nan,0.682
1777026141283208223,526.802,0,-1.1692,-0.9883,1.5310,-139.792,nan,nan,nan,4.344
1777026141382426681,526.902,0,-1.2037,-0.9580,1.5384,-141.484,nan,nan,nan,3.462
1777026141482781680,527.002,0,-1.2288,-0.9351,1.5442,-142.729,nan,nan,nan,3.831
1777026141581975989,527.101,0,-1.2526,-0.9116,1.5492,-143.954,nan,nan,nan,2.900
1777026141685396080,527.204,0,-1.2759,-0.8859,1.5533,-145.227,nan,nan,nan,1.876
1777026141784268782,527.303,0,-1.2968,-0.8652,1.5589,-146.289,nan,nan,nan,2.399
1777026141885332328,527.404,0,-1.2961,-0.8687,1.5603,-146.166,nan,nan,nan,1.681
1777026141982843233,527.502,0,-1.2702,-0.9030,1.5585,-144.589,nan,nan,nan,4.553
1777026142083236991,527.602,0,-1.2395,-0.9401,1.5556,-142.820,nan,nan,nan,3.770
1777026142183539935,527.703,0,-1.2145,-0.9669,1.5524,-141.476,nan,nan,nan,4.339
1777026142282375508,527.801,0,-1.1874,-0.9943,1.5487,-140.058,nan,nan,nan,3.552
1777026142382549065,527.902,0,-1.1586,-1.0225,1.5453,-138.570,nan,nan,nan,3.680
1777026142483052155,528.002,0,-1.1226,-1.0570,1.5419,-136.725,nan,nan,nan,4.088
1777026142580508079,528.100,0,-1.0954,-1.0776,1.5366,-135.471,nan,nan,nan,0.982
1777026142681869195,528.201,0,-1.0815,-1.0742,1.5243,-135.195,nan,nan,nan,1.220
1777026142781379464,528.300,0,-1.0625,-1.0546,1.4970,-135.212,nan,nan,nan,2.257
1777026142881098508,528.400,0,-1.0429,-1.0436,1.4754,-134.979,nan,nan,nan,1.764
1777026142984117547,528.503,0,-1.0244,-1.0494,1.4665,-134.309,nan,nan,nan,3.817
1777026143088211592,528.607,0,-0.9908,-1.0800,1.4657,-132.533,nan,nan,nan,0.386
1777026143184928488,528.704,0,-0.9448,-1.1098,1.4575,-130.410,nan,nan,nan,3.224
1777026143281734476,528.801,0,-0.9077,-1.1299,1.4494,-128.777,nan,nan,nan,1.307
1777026143382092901,528.901,0,-0.8601,-1.1578,1.4423,-126.606,nan,nan,nan,1.423
1777026143482790711,529.002,0,-0.8171,-1.1771,1.4330,-124.767,nan,nan,nan,2.134
1777026143580809721,529.100,0,-0.7851,-1.1875,1.4236,-123.470,nan,nan,nan,0.401
1777026143682319724,529.201,0,-0.7960,-1.1697,1.4148,-124.235,nan,nan,nan,2.096
1777026143779755278,529.299,0,-0.8382,-1.1352,1.4112,-126.441,nan,nan,nan,2.278
1777026143880949951,529.400,0,-0.8713,-1.1033,1.4058,-128.299,nan,nan,nan,0.386
1777026143987762832,529.507,0,-0.9065,-1.0710,1.4032,-130.246,nan,nan,nan,1.815
1777026144084711985,529.604,0,-0.9351,-1.0568,1.4111,-131.505,nan,nan,nan,3.692
1777026144185117020,529.704,0,-0.9687,-1.0356,1.4181,-133.089,nan,nan,nan,4.222
1777026144282162727,529.801,0,-1.0002,-1.0127,1.4233,-134.644,nan,nan,nan,0.988
1777026144386571064,529.906,0,-1.0305,-0.9916,1.4301,-136.104,nan,nan,nan,4.978
1777026144481465317,530.001,0,-1.0577,-0.9729,1.4371,-137.393,nan,nan,nan,0.978
1777026144583610794,530.103,0,-1.0913,-0.9481,1.4457,-139.017,nan,nan,nan,2.139
1777026144685383404,530.204,0,-1.1191,-0.9277,1.4536,-140.341,nan,nan,nan,4.093
1777026144781025833,530.300,0,-1.1481,-0.9057,1.4623,-141.733,nan,nan,nan,0.907
1777026144880558120,530.400,0,-1.1742,-0.8892,1.4729,-142.863,nan,nan,nan,0.750
1777026144983288700,530.502,0,-1.2005,-0.8722,1.4839,-144.000,nan,nan,nan,1.300
1777026145081798926,530.601,0,-1.2286,-0.8523,1.4953,-145.250,nan,nan,nan,0.153
1777026145183077858,530.702,0,-1.2563,-0.8292,1.5052,-146.573,nan,nan,nan,0.462
1777026145282067133,530.801,0,-1.2827,-0.8119,1.5180,-147.667,nan,nan,nan,1.499
1777026145381959231,530.901,0,-1.3074,-0.7933,1.5293,-148.753,nan,nan,nan,0.035
1777026145481098374,531.000,0,-1.3334,-0.7728,1.5412,-149.904,nan,nan,nan,1.182
1777026145583031668,531.102,0,-1.3596,-0.7519,1.5537,-151.057,nan,nan,nan,1.497
1777026145685008443,531.204,0,-1.3830,-0.7345,1.5659,-152.028,nan,nan,nan,0.409
1777026145782615032,531.302,0,-1.4073,-0.7182,1.5800,-152.964,nan,nan,nan,0.508
1777026145881205016,531.400,0,-1.4327,-0.6946,1.5922,-154.133,nan,nan,nan,3.558
1777026145983098570,531.502,0,-1.4542,-0.6804,1.6055,-154.925,nan,nan,nan,0.585
1777026146083007482,531.602,0,-1.4747,-0.6677,1.6188,-155.642,nan,nan,nan,0.071
1777026146182396160,531.701,0,-1.4909,-0.6732,1.6359,-155.698,nan,nan,nan,0.684
1777026146282379830,531.801,0,-1.5179,-0.6371,1.6462,-157.231,nan,nan,nan,0.708
1777026146381615399,531.901,0,-1.5269,-0.6509,1.6598,-156.913,nan,nan,nan,2.255
1777026146482364263,532.001,0,-1.5159,-0.6975,1.6686,-155.292,nan,nan,nan,1.447
1777026146581308761,532.100,0,-1.4927,-0.7606,1.6753,-152.999,nan,nan,nan,1.889
1777026146681421208,532.201,0,-1.4672,-0.8306,1.6860,-150.486,nan,nan,nan,1.693
1777026146782871304,532.302,0,-1.4600,-0.8581,1.6935,-149.554,nan,nan,nan,0.674
1777026146883082564,532.402,0,-1.4238,-0.9325,1.7020,-146.776,nan,nan,nan,0.428
1777026146982992106,532.502,0,-1.4203,-0.9522,1.7099,-146.160,nan,nan,nan,1.047
1777026147081240112,532.600,0,-1.4054,-0.9774,1.7119,-145.182,nan,nan,nan,2.564
1777026147180245869,532.699,0,-1.3765,-1.0248,1.7161,-143.333,nan,nan,nan,4.124
1777026147281593800,532.801,0,-1.3514,-1.0611,1.7182,-141.862,nan,nan,nan,3.152
1777026147383090766,532.902,0,-1.3241,-1.1019,1.7226,-140.233,nan,nan,nan,1.260
1777026147482359205,533.001,0,-1.2979,-1.1391,1.7269,-138.729,nan,nan,nan,2.020
1777026147581708013,533.101,0,-1.2644,-1.1803,1.7297,-136.970,nan,nan,nan,3.761
1777026147682202547,533.201,0,-1.2294,-1.2076,1.7233,-135.514,nan,nan,nan,2.099
1777026147783449053,533.303,0,-1.1862,-1.2359,1.7130,-133.824,nan,nan,nan,2.757
1777026147882936470,533.402,0,-1.1286,-1.2813,1.7075,-131.373,nan,nan,nan,3.407
1777026147982673162,533.502,0,-1.0738,-1.3216,1.7028,-129.093,nan,nan,nan,4.186
1777026148081289850,533.600,0,-1.0231,-1.3581,1.7003,-126.990,nan,nan,nan,0.281
1777026148183861950,533.703,0,-0.9581,-1.4026,1.6986,-124.335,nan,nan,nan,2.242
1777026148286235831,533.805,0,-0.8960,-1.4417,1.6975,-121.861,nan,nan,nan,0.495
1777026148383074412,533.902,0,-0.8298,-1.4804,1.6971,-119.272,nan,nan,nan,3.183
1777026148481098292,534.000,0,-0.7642,-1.5142,1.6961,-116.778,nan,nan,nan,2.097
1777026148581426735,534.101,0,-0.6928,-1.5485,1.6964,-114.104,nan,nan,nan,2.963
1777026148682189396,534.201,0,-0.6122,-1.5828,1.6970,-111.145,nan,nan,nan,4.557
1777026148780832213,534.300,0,-0.5437,-1.6084,1.6979,-108.678,nan,nan,nan,4.059
1777026148882792710,534.402,0,-0.4651,-1.6354,1.7002,-105.876,nan,nan,nan,2.547
1777026148980670629,534.500,0,-0.3948,-1.6564,1.7028,-103.406,nan,nan,nan,3.452
1777026149082053448,534.601,0,-0.3092,-1.6783,1.7066,-100.438,nan,nan,nan,4.209
1777026149182048989,534.701,0,-0.2328,-1.6940,1.7100,-97.825,nan,nan,nan,4.129
1777026149282883963,534.802,0,-0.1494,-1.7082,1.7147,-94.999,nan,nan,nan,2.912
1777026149380151334,534.899,0,-0.0650,-1.7186,1.7198,-92.165,nan,nan,nan,2.179
1777026149483274798,535.002,0,0.0399,-1.7250,1.7254,-88.675,nan,nan,nan,2.785
1777026149582696513,535.102,0,0.1235,-1.7273,1.7317,-85.909,7539.16,1504.75,1625.50,4.047
1777026149681510698,535.201,0,0.1762,-1.7287,1.7377,-84.180,5384.65,1054.84,1139.48,3.810
1777026149779634466,535.299,0,0.2458,-1.7283,1.7457,-81.905,3949.38,756.15,816.83,1.715
1777026149879262529,535.398,0,0.3173,-1.7241,1.7531,-79.573,3125.23,585.88,632.89,0.884
1777026149979673176,535.499,0,0.3881,-1.7175,1.7608,-77.267,2604.36,478.98,517.41,1.365
1777026150078163679,535.597,0,0.4588,-1.7064,1.7670,-74.952,2239.83,405.17,437.68,0.278
1777026150178720843,535.698,0,0.5131,-1.6929,1.7689,-73.137,2022.76,362.25,391.32,0.392
1777026150276180785,535.795,0,0.5750,-1.6779,1.7737,-71.085,1826.17,323.30,349.24,2.333
1777026150376814818,535.896,0,0.6315,-1.6620,1.7780,-69.195,1678.26,294.35,317.97,1.762
1777026150478218452,535.997,0,0.6553,-1.6554,1.7804,-68.403,1623.63,283.66,306.42,2.098
1777026150575245252,536.094,0,0.6446,-1.6597,1.7804,-68.775,1648.77,288.38,311.52,4.379
1777026150677260785,536.196,0,0.6447,-1.6610,1.7817,-68.786,1649.54,288.32,311.45,2.585
1777026150781458125,536.301,0,0.6371,-1.6707,1.7880,-69.126,1673.28,291.76,315.17,2.282
1777026150879993369,536.399,0,0.6260,-1.6839,1.7965,-69.606,1708.15,296.93,320.75,0.884
1777026150978744795,536.498,0,0.6290,-1.6897,1.8030,-69.581,1706.29,295.50,319.22,1.078
1777026151080373297,536.599,0,0.6286,-1.6975,1.8102,-69.680,1713.68,295.71,319.44,0.408
1777026151178858042,536.698,0,0.6142,-1.7100,1.8170,-70.244,1756.94,302.66,326.95,1.249
1777026151279259836,536.798,0,0.6001,-1.7218,1.8234,-70.785,1800.80,309.76,334.62,0.941
1777026151378813456,536.898,0,0.6053,-1.7283,1.8312,-70.698,1793.58,307.10,331.74,2.199
1777026151479663653,536.999,0,0.6021,-1.7373,1.8387,-70.886,1809.19,308.72,333.50,0.429
1777026151580472128,537.100,0,0.6095,-1.7428,1.8463,-70.725,1795.81,304.99,329.47,0.398
1777026151679974489,537.199,0,0.6036,-1.7506,1.8518,-70.975,1816.75,307.94,332.65,0.240
1777026151779825309,537.299,0,0.6330,-1.7461,1.8573,-70.072,1743.50,293.63,317.20,0.853
1777026151882035174,537.401,0,0.6322,-1.7530,1.8635,-70.167,1750.95,294.01,317.60,0.322
1777026151982615781,537.502,0,0.6279,-1.7603,1.8689,-70.368,1766.77,296.03,319.78,2.873
1777026152079135828,537.598,0,0.6315,-1.7617,1.8715,-70.280,1759.84,294.36,317.99,1.644
1777026152178690170,537.698,0,0.6299,-1.7640,1.8731,-70.348,1765.25,295.10,318.78,2.451
1777026152280707778,537.800,0,0.6281,-1.7680,1.8763,-70.440,1772.59,295.92,319.67,0.297
1777026152385992271,537.905,0,0.6232,-1.7704,1.8769,-70.609,1786.27,298.30,322.23,2.785
1777026152483032219,538.002,0,0.6182,-1.7691,1.8739,-70.739,1796.94,300.70,324.83,2.001
1777026152580955989,538.100,0,0.6119,-1.7715,1.8742,-70.944,1814.16,303.79,328.16,0.070
1777026152680361296,538.199,0,0.6009,-1.7740,1.8730,-71.288,1843.69,309.35,334.18,0.607
1777026152782486773,538.302,0,0.5903,-1.7763,1.8719,-71.617,1873.02,314.88,340.15,1.350
1777026152880236675,538.399,0,0.5762,-1.7778,1.8689,-72.041,1912.32,322.58,348.47,0.849
1777026152980070014,538.499,0,0.5564,-1.7761,1.8612,-72.607,1967.62,334.09,360.90,1.777
1777026153078931865,538.598,0,0.5398,-1.7756,1.8558,-73.089,2017.63,344.34,371.98,2.447
1777026153182232623,538.701,0,0.5261,-1.7746,1.8509,-73.486,2060.87,353.31,381.66,0.428
1777026153282637881,538.802,0,0.5081,-1.7743,1.8456,-74.020,2122.44,365.85,395.21,0.575
1777026153378783414,538.898,0,0.4908,-1.7740,1.8407,-74.534,2185.47,378.70,409.09,4.024
1777026153481001649,539.000,0,0.4722,-1.7739,1.8357,-75.093,2258.91,393.63,425.22,1.043
1777026153580079016,539.099,0,0.4601,-1.7722,1.8310,-75.447,2308.26,404.03,436.45,1.824
1777026153678982088,539.198,0,0.4449,-1.7709,1.8259,-75.897,2374.47,417.79,451.32,3.196
1777026153782030072,539.301,0,0.4307,-1.7696,1.8212,-76.321,2440.83,431.60,466.24,0.727
1777026153883541056,539.403,0,0.4159,-1.7690,1.8173,-76.770,2515.58,446.95,482.81,1.069
1777026153980218676,539.499,0,0.4038,-1.7670,1.8126,-77.128,2578.92,460.36,497.31,2.246
1777026154082313579,539.601,0,0.3862,-1.7664,1.8081,-77.668,2681.15,481.37,519.99,0.890
1777026154181505222,539.701,0,0.3683,-1.7658,1.8038,-78.219,2795.01,504.73,545.23,1.537
1777026154283923362,539.803,0,0.3562,-1.7642,1.7998,-78.585,2876.54,521.83,563.71,0.981
1777026154383183208,539.902,0,0.3399,-1.7633,1.7958,-79.090,2998.16,546.91,590.80,0.815
1777026154484320252,540.003,0,0.3204,-1.7628,1.7917,-79.698,3159.90,580.10,626.65,1.289
1777026154584090610,540.103,0,0.3045,-1.7617,1.7878,-80.195,3307.08,610.54,659.53,0.847
1777026154684153983,540.203,0,0.2907,-1.7602,1.7841,-80.622,3445.66,639.39,690.70,1.203
1777026154784417910,540.304,0,0.2872,-1.7574,1.7807,-80.719,3479.07,647.27,699.21,1.359
1777026154884001751,540.403,0,0.2588,-1.7588,1.7777,-81.627,3827.61,718.11,775.74,0.375
1777026154984259900,540.503,0,0.2485,-1.7572,1.7747,-81.951,3970.78,748.09,808.12,1.080
1777026155083994777,540.603,0,0.2281,-1.7574,1.7722,-82.605,4297.81,814.98,880.38,0.590
1777026155184856899,540.704,0,0.2157,-1.7569,1.7701,-83.000,4524.54,861.67,930.81,1.188
1777026155284155448,540.803,0,0.1935,-1.7567,1.7673,-83.713,5006.12,960.47,1037.54,0.085
1777026155385605693,540.905,0,0.1669,-1.7529,1.7608,-84.562,5743.54,1114.02,1203.42,1.489
1777026155484873020,541.004,0,0.1448,-1.7535,1.7594,-85.279,6571.17,1283.57,1386.57,0.554
1777026155579551202,541.099,0,0.1302,-1.7531,1.7580,-85.751,7269.39,1427.17,1541.70,3.313
1777026155681340868,541.200,0,0.1110,-1.7541,1.7576,-86.378,8476.26,1674.10,1808.44,3.589
1777026155779848297,541.299,0,0.0957,-1.7554,1.7580,-86.880,9791.94,1942.69,2098.58,3.092
1777026155881425577,541.401,0,0.0767,-1.7565,1.7581,-87.498,12136.35,2422.00,2616.36,2.774
1777026155981955259,541.501,0,0.0817,-1.7591,1.7610,-87.340,11435.13,2274.88,2457.43,2.382
1777026156082382183,541.601,0,0.0534,-1.7608,1.7616,-88.264,17353.76,3482.66,3762.14,2.918
1777026156181676529,541.701,0,0.0299,-1.7604,1.7606,-89.028,nan,nan,nan,3.174
1777026156282408356,541.802,0,0.0381,-1.7657,1.7661,-88.762,nan,nan,nan,2.498
1777026156383535438,541.903,0,0.0074,-1.7622,1.7622,-89.760,nan,nan,nan,2.288
1777026156481408598,542.001,0,0.0099,-1.7693,1.7693,-89.679,nan,nan,nan,3.834
1777026156581802430,542.101,0,-0.0285,-1.7666,1.7669,-90.923,nan,nan,nan,3.417
1777026156681139497,542.200,0,-0.0399,-1.7675,1.7679,-91.293,nan,nan,nan,3.189
1777026156781728030,542.301,0,-0.0413,-1.7737,1.7742,-91.334,nan,nan,nan,3.832
1777026156882787613,542.402,0,-0.0730,-1.7685,1.7700,-92.363,nan,nan,nan,2.636
1777026156981762351,542.501,0,-0.0856,-1.7687,1.7708,-92.771,nan,nan,nan,4.680
1777026157082338255,542.601,0,-0.1019,-1.7693,1.7722,-93.296,nan,nan,nan,3.365
1777026157182735364,542.702,0,-0.1224,-1.7704,1.7747,-93.955,nan,nan,nan,2.819
1777026157281853953,542.801,0,-0.1528,-1.7723,1.7789,-94.927,nan,nan,nan,4.395
1777026157382604873,542.902,0,-0.1812,-1.7781,1.7874,-95.820,nan,nan,nan,3.738
1777026157482445471,543.002,0,-0.2311,-1.7758,1.7908,-97.414,nan,nan,nan,2.543
1777026157582583324,543.102,0,-0.2682,-1.7767,1.7968,-98.583,nan,nan,nan,1.687
1777026157685727937,543.205,0,-0.3040,-1.7791,1.8049,-99.698,nan,nan,nan,2.525
1777026157781969561,543.301,0,-0.3439,-1.7805,1.8134,-100.933,nan,nan,nan,3.378
1777026157889590876,543.409,0,-0.3887,-1.7820,1.8239,-102.305,nan,nan,nan,2.253
1777026157983417587,543.503,0,-0.4176,-1.7912,1.8392,-103.123,nan,nan,nan,3.701
1777026158086727752,543.606,0,-0.4586,-1.7928,1.8506,-104.348,nan,nan,nan,0.583
1777026158187120751,543.706,0,-0.5098,-1.7941,1.8651,-105.863,nan,nan,nan,0.064
1777026158286565058,543.806,0,-0.5708,-1.7959,1.8844,-107.632,nan,nan,nan,0.506
1777026158382323707,543.901,0,-0.6175,-1.7966,1.8997,-108.968,nan,nan,nan,1.729
1777026158486088811,544.005,0,-0.6650,-1.8014,1.9202,-110.263,nan,nan,nan,1.565
1777026158584076729,544.103,0,-0.7304,-1.8008,1.9433,-112.077,nan,nan,nan,3.505
1777026158682701509,544.202,0,-0.7706,-1.8036,1.9614,-113.134,nan,nan,nan,3.235
1777026158784883170,544.304,0,-0.8257,-1.8025,1.9826,-114.612,nan,nan,nan,2.935
1777026158881863748,544.401,0,-0.8873,-1.7995,2.0064,-116.246,nan,nan,nan,3.187
1777026158982550854,544.502,0,-0.9390,-1.8112,2.0401,-117.406,nan,nan,nan,2.731
1777026159085278823,544.604,0,-1.0122,-1.7956,2.0612,-119.411,nan,nan,nan,1.918
1777026159181166878,544.700,0,-1.0874,-1.7798,2.0857,-121.423,nan,nan,nan,1.447
1777026159282735695,544.802,0,-1.1714,-1.7550,2.1101,-123.722,nan,nan,nan,3.511
1777026159382595960,544.902,0,-1.2606,-1.7201,2.1326,-126.237,nan,nan,nan,3.729
1777026159483016365,545.002,0,-1.3525,-1.6704,2.1493,-128.996,nan,nan,nan,3.601
1777026159585715946,545.105,0,-1.4541,-1.6052,2.1659,-132.172,nan,nan,nan,2.452
1777026159679012885,545.198,0,-1.5425,-1.5366,2.1773,-135.111,nan,nan,nan,0.720
1777026159782307459,545.301,0,-1.6162,-1.4893,2.1977,-137.340,nan,nan,nan,1.663
1777026159881335659,545.400,0,-1.7010,-1.4157,2.2130,-140.231,nan,nan,nan,1.303
1777026159988050356,545.507,0,-1.7950,-1.3150,2.2251,-143.775,nan,nan,nan,0.649
1777026160084306499,545.603,0,-1.8718,-1.2247,2.2369,-146.804,nan,nan,nan,3.967
1777026160184220337,545.703,0,-1.9355,-1.1444,2.2485,-149.405,nan,nan,nan,3.191
1777026160282118126,545.801,0,-2.0101,-1.0270,2.2573,-152.938,nan,nan,nan,0.981
1777026160382946786,545.902,0,-2.0652,-0.9184,2.2602,-156.026,nan,nan,nan,1.795
1777026160483649540,546.003,0,-2.1105,-0.8108,2.2609,-158.984,nan,nan,nan,1.777
1777026160581706271,546.101,0,-2.1524,-0.6927,2.2611,-162.160,nan,nan,nan,0.732
1777026160682892093,546.202,0,-2.1876,-0.5704,2.2607,-165.385,nan,nan,nan,1.617
1777026160781430263,546.301,0,-2.2153,-0.4384,2.2582,-168.805,nan,nan,nan,0.368
1777026160882450143,546.402,0,-2.2319,-0.3077,2.2530,-172.150,nan,nan,nan,1.118
1777026160981508084,546.501,0,-2.2395,-0.1759,2.2464,-175.508,nan,nan,nan,0.180
1777026161080428508,546.600,0,-2.2375,-0.0154,2.2375,-179.607,nan,nan,nan,1.988
1777026161180557399,546.700,0,-2.2066,0.2993,2.2268,172.275,nan,nan,nan,0.865
1777026161281848238,546.801,0,-2.0834,0.7389,2.2105,160.473,nan,nan,nan,0.088
1777026161380395352,546.899,0,-1.8758,1.1395,2.1948,148.722,nan,nan,nan,1.824
1777026161479963768,546.999,0,-1.5964,1.4864,2.1812,137.044,nan,nan,nan,2.243
1777026161580811631,547.100,0,-1.3265,1.7192,2.1715,127.653,nan,nan,nan,3.160
1777026161682256432,547.201,0,-1.0760,1.8763,2.1630,119.833,nan,nan,nan,0.351
1777026161783805508,547.303,0,-0.8659,1.9696,2.1515,113.733,nan,nan,nan,1.327
1777026161883110872,547.402,0,-0.7256,2.0156,2.1423,109.798,nan,nan,nan,1.041
1777026161984061345,547.503,0,-0.6335,2.0393,2.1354,107.257,nan,nan,nan,2.116
1777026162084404659,547.604,0,-0.5891,2.0451,2.1283,106.069,nan,nan,nan,2.146
1777026162182004544,547.701,0,-0.5759,2.0378,2.1176,105.781,nan,nan,nan,0.391
1777026162281798032,547.801,0,-0.5818,2.0256,2.1075,106.026,nan,nan,nan,1.051
1777026162386548735,547.906,0,-0.5930,2.0150,2.1004,106.398,nan,nan,nan,0.176
1777026162482398976,548.001,0,-0.5985,1.9949,2.0828,106.701,nan,nan,nan,0.462
1777026162582923787,548.102,0,-0.5849,1.9782,2.0629,106.470,nan,nan,nan,0.308
1777026162682939124,548.202,0,-0.5772,1.9632,2.0463,106.383,nan,nan,nan,0.322
1777026162782316191,548.301,0,-0.5727,1.9465,2.0290,106.396,nan,nan,nan,4.711
1777026162883912007,548.403,0,-0.5665,1.9304,2.0118,106.354,nan,nan,nan,0.569
1777026162982524973,548.502,0,-0.5643,1.9119,1.9934,106.444,nan,nan,nan,0.646
1777026163080082303,548.599,0,-0.5556,1.8967,1.9764,106.326,nan,nan,nan,3.474
1777026163183971850,548.703,0,-0.5615,1.8765,1.9587,106.657,nan,nan,nan,0.916
1777026163284143055,548.803,0,-0.6198,1.8398,1.9414,108.619,nan,nan,nan,0.633
1777026163381512869,548.901,0,-0.6755,1.8063,1.9285,110.505,nan,nan,nan,3.261
1777026163482716598,549.002,0,-0.7386,1.7628,1.9112,112.733,nan,nan,nan,2.432
1777026163582819026,549.102,0,-0.8049,1.7176,1.8968,115.108,nan,nan,nan,1.126
1777026163686411096,549.206,0,-0.8645,1.6748,1.8847,117.302,nan,nan,nan,2.067
1777026163782847403,549.302,0,-0.9234,1.6343,1.8771,119.467,nan,nan,nan,1.524
1777026163887046965,549.406,0,-0.9821,1.5870,1.8663,121.751,nan,nan,nan,2.863
1777026163982418804,549.502,0,-1.0311,1.5348,1.8490,123.893,nan,nan,nan,2.038
1777026164085704007,549.605,0,-1.0837,1.4850,1.8384,126.121,nan,nan,nan,1.301
1777026164184607673,549.704,0,-1.1444,1.4333,1.8341,128.606,nan,nan,nan,0.369
1777026164282119818,549.801,0,-1.2032,1.3803,1.8311,131.078,nan,nan,nan,2.370
1777026164382521761,549.902,0,-1.2544,1.3339,1.8311,133.241,nan,nan,nan,1.904
1777026164486681675,550.006,0,-1.3098,1.2814,1.8324,135.629,nan,nan,nan,1.970
1777026164585964002,550.105,0,-1.3670,1.2252,1.8357,138.131,nan,nan,nan,0.359
1777026164686691978,550.206,0,-1.4280,1.1591,1.8392,140.934,nan,nan,nan,1.564
1777026164782874252,550.302,0,-1.4957,1.0805,1.8452,144.157,nan,nan,nan,3.317
1777026164881131888,550.400,0,-1.5433,1.0202,1.8501,146.533,nan,nan,nan,4.236
1777026164985047935,550.504,0,-1.5508,1.0059,1.8485,147.031,nan,nan,nan,0.172
1777026165080564810,550.600,0,-1.5828,0.9577,1.8500,148.822,nan,nan,nan,3.820
1777026165182239236,550.701,0,-1.6140,0.9293,1.8625,150.067,nan,nan,nan,2.959
1777026165281675914,550.801,0,-1.6521,0.8831,1.8733,151.874,nan,nan,nan,3.778
1777026165385945697,550.905,0,-1.7088,0.8219,1.8962,154.312,nan,nan,nan,0.290
1777026165482316986,551.001,0,-1.7533,0.7608,1.9112,156.542,nan,nan,nan,3.349
1777026165582969259,551.102,0,-1.8043,0.6962,1.9340,158.902,nan,nan,nan,4.934
1777026165682170791,551.201,0,-1.8451,0.6426,1.9538,160.799,nan,nan,nan,2.480
1777026165782931989,551.302,0,-1.8958,0.5672,1.9788,163.342,nan,nan,nan,3.734
1777026165884121181,551.403,0,-1.9375,0.5089,2.0033,165.284,nan,nan,nan,2.123
1777026165982745868,551.502,0,-1.9801,0.4551,2.0317,167.055,nan,nan,nan,4.104
1777026166082080399,551.601,0,-2.0119,0.4426,2.0600,167.594,nan,nan,nan,4.097
1777026166182295696,551.701,0,-2.0391,0.4828,2.0955,166.680,nan,nan,nan,3.114
1777026166280989975,551.800,0,-2.0697,0.5076,2.1311,166.219,nan,nan,nan,2.872
1777026166388970860,551.908,0,-2.1050,0.5321,2.1712,165.815,nan,nan,nan,2.568
1777026166481391162,552.000,0,-2.1380,0.5531,2.2084,165.494,nan,nan,nan,3.125
1777026166582371912,552.101,0,-2.1735,0.5763,2.2486,165.149,nan,nan,nan,3.441
1777026166683111073,552.202,0,-2.2117,0.6072,2.2936,164.649,nan,nan,nan,3.673
1777026166781751112,552.301,0,-2.2450,0.6373,2.3337,164.152,nan,nan,nan,2.437
1777026166884607876,552.404,0,-2.2824,0.6714,2.3792,163.607,nan,nan,nan,2.921
1777026166984778266,552.504,0,-2.3164,0.7033,2.4208,163.111,nan,nan,nan,2.275
1777026167082356189,552.601,0,-2.3474,0.7384,2.4608,162.538,nan,nan,nan,3.000
1777026167182679447,552.702,0,-2.3810,0.7736,2.5035,162.001,nan,nan,nan,3.001
1777026167283495626,552.803,0,-2.4046,0.8036,2.5353,161.521,nan,nan,nan,4.437
1777026167383734071,552.903,0,-2.4252,0.8224,2.5609,161.269,nan,nan,nan,3.370
1777026167482125909,553.001,0,-2.4535,0.8508,2.5969,160.875,nan,nan,nan,2.472
1777026167585738200,553.105,0,-2.4810,0.8813,2.6328,160.444,nan,nan,nan,2.778
1777026167683071756,553.202,0,-2.5077,0.9018,2.6649,160.221,nan,nan,nan,3.268
1777026167786429087,553.306,0,-2.5422,0.9202,2.7037,160.101,nan,nan,nan,1.575
1777026167884612243,553.404,0,-2.5511,0.9923,2.7372,158.746,nan,nan,nan,4.154
1777026167985410774,553.505,0,-2.5222,1.1227,2.7608,156.005,nan,nan,nan,3.071
1777026168082474388,553.602,0,-2.4696,1.2812,2.7821,152.580,nan,nan,nan,3.102
1777026168183537156,553.703,0,-2.4190,1.4115,2.8006,149.737,nan,nan,nan,3.397
1777026168282927000,553.802,0,-2.3518,1.5551,2.8194,146.526,nan,nan,nan,2.746
1777026168388163864,553.907,0,-2.2174,1.7719,2.8384,141.372,nan,nan,nan,0.557
1777026168481846113,554.001,0,-2.1998,1.8285,2.8605,140.265,nan,nan,nan,1.806
1777026168586034379,554.105,0,-2.0625,2.0138,2.8826,135.684,nan,nan,nan,3.137
1777026168684270071,554.203,0,-1.6516,2.3788,2.8960,124.772,nan,nan,nan,3.707
1777026168784908752,554.304,0,-1.1550,2.6748,2.9136,113.355,nan,nan,nan,3.723
1777026168881186302,554.400,0,-0.7465,2.8413,2.9377,104.722,nan,nan,nan,0.147
1777026168982156441,554.501,0,-0.0879,2.9501,2.9515,91.707,nan,nan,nan,0.625
1777026169084214882,554.603,0,0.3648,2.9458,2.9683,82.941,-3850.52,509.58,550.47,18.565
1777026169188713958,554.708,0,0.9825,2.8340,2.9995,70.879,-1170.02,189.19,204.37,0.549
1777026169284176611,554.803,0,1.4671,2.6392,3.0195,60.930,-609.55,126.70,136.87,3.100
1777026169383169813,554.902,0,2.0335,2.2565,3.0376,47.977,-253.69,91.41,98.75,1.901
1777026169483591588,555.003,0,2.3923,1.9117,3.0623,38.629,-93.32,77.70,83.94,1.836
1777026169588124646,555.107,1,2.7470,1.4132,3.0892,27.224,53.67,67.67,73.10,1.861
1777026169684557250,555.204,1,2.9348,1.0191,3.1067,19.149,140.00,63.34,68.42,2.749
1777026169787677381,555.307,1,3.0371,0.7100,3.1190,13.158,198.59,61.20,66.12,2.072
1777026169887474942,555.407,1,3.0831,0.5428,3.1305,9.984,228.40,60.29,65.13,2.918
1777026169984196394,555.503,1,3.1001,0.4584,3.1338,8.411,242.95,59.96,64.77,2.937
1777026170084447172,555.604,1,3.0994,0.4254,3.1285,7.816,248.43,59.97,64.79,1.911
1777026170182547774,555.702,1,3.0946,0.4353,3.1250,8.008,246.66,60.07,64.89,0.706
1777026170285961790,555.805,1,3.0879,0.4454,3.1198,8.208,244.82,60.20,65.03,3.665
1777026170382686464,555.902,1,3.0811,0.4642,3.1159,8.568,241.51,60.33,65.17,0.453
1777026170482981056,556.002,1,3.0770,0.4689,3.1125,8.664,240.62,60.41,65.26,0.758
1777026170583405091,556.103,1,3.0685,0.4826,3.1062,8.938,238.09,60.58,65.44,0.036
1777026170683005618,556.202,1,3.0601,0.5007,3.1008,9.292,234.82,60.74,65.62,0.028
1777026170782074189,556.301,1,3.0488,0.5189,3.0926,9.659,231.42,60.97,65.86,0.627
1777026170884068093,556.403,1,3.0382,0.5378,3.0854,10.038,227.90,61.18,66.09,0.636
1777026170985333859,556.504,1,3.0273,0.5556,3.0779,10.399,224.54,61.40,66.33,2.296
1777026171085947576,556.605,1,3.0168,0.5750,3.0711,10.791,220.89,61.62,66.56,2.565
1777026171181240139,556.700,1,3.0054,0.5985,3.0644,11.262,216.48,61.85,66.81,1.885
1777026171287282826,556.806,1,2.9944,0.6152,3.0569,11.610,213.22,62.08,67.06,3.720
1777026171385445852,556.905,1,2.9836,0.6323,3.0498,11.966,209.87,62.30,67.30,1.971
1777026171482936313,557.002,1,2.9700,0.6585,3.0422,12.502,204.81,62.59,67.61,2.136
1777026171582805003,557.102,1,2.9571,0.6769,3.0336,12.892,201.11,62.86,67.90,0.870
1777026171689874918,557.209,1,2.9411,0.7010,3.0235,13.406,196.24,63.20,68.27,3.477
1777026171783093192,557.302,1,2.9279,0.7209,3.0154,13.833,192.16,63.49,68.58,0.972
1777026171886041510,557.405,1,2.9132,0.7415,3.0061,14.281,187.87,63.81,68.93,2.108
1777026171986688653,557.506,1,2.8973,0.7658,2.9968,14.805,182.83,64.16,69.31,1.233
1777026172084692460,557.604,1,2.8815,0.7826,2.9859,15.195,179.06,64.51,69.69,1.135
1777026172184332042,557.703,1,2.8654,0.8048,2.9763,15.689,174.27,64.87,70.08,0.203
1777026172285170461,557.804,1,2.8482,0.8253,2.9653,16.159,169.69,65.26,70.50,0.737
1777026172387367473,557.906,1,2.8311,0.8467,2.9550,16.649,164.89,65.66,70.93,3.383
1777026172485779923,558.005,1,2.8094,0.8769,2.9431,17.335,158.13,66.16,71.47,0.841
1777026172584403480,558.104,1,2.7936,0.8941,2.9332,17.747,154.05,66.54,71.88,0.284
1777026172684664814,558.204,1,2.7753,0.9175,2.9230,18.293,148.61,66.98,72.35,0.678
1777026172785862784,558.305,1,2.7542,0.9420,2.9108,18.882,142.69,67.49,72.91,0.742
1777026172882824714,558.402,1,2.7353,0.9664,2.9010,19.459,136.87,67.96,73.41,2.472
1777026172983885982,558.503,1,2.7168,0.9953,2.8934,20.121,130.13,68.42,73.91,1.446
1777026173083776616,558.603,1,2.7011,1.0140,2.8851,20.576,125.46,68.82,74.34,1.587
1777026173185280008,558.704,1,2.6860,1.0460,2.8824,21.277,118.22,69.21,74.76,0.130
1777026173285308530,558.804,1,2.6728,1.0719,2.8797,21.853,112.23,69.55,75.13,1.153
1777026173386688720,558.906,1,2.6496,1.0920,2.8658,22.399,106.49,70.16,75.79,1.123
1777026173482282019,559.001,1,2.6289,1.1118,2.8543,22.925,100.92,70.71,76.38,3.203
1777026173583039013,559.102,1,2.6142,1.1433,2.8533,23.622,93.48,71.11,76.81,2.663
1777026173686008516,559.205,1,2.6022,1.1588,2.8485,24.004,89.36,71.43,77.17,0.420
1777026173785924317,559.305,1,2.5758,1.1720,2.8299,24.467,84.35,72.17,77.96,0.141
1777026173883100375,559.402,1,2.5548,1.1897,2.8182,24.970,78.86,72.76,78.60,2.999
1777026173981424103,559.501,1,2.5306,1.2282,2.8129,25.889,68.70,73.45,79.35,3.581
1777026174084008925,559.603,1,2.5597,1.1335,2.7995,23.885,90.65,72.62,78.45,3.585
1777026174182507966,559.702,1,2.4967,1.2476,2.7911,26.551,61.29,74.45,80.42,2.679
1777026174283662992,559.803,1,2.4718,1.2729,2.7803,27.247,53.40,75.20,81.24,2.767
1777026174381467838,559.901,1,2.4566,1.2843,2.7721,27.601,49.35,75.67,81.74,3.127
1777026174484491915,560.004,1,2.4001,1.3556,2.7564,29.459,27.66,77.45,83.66,2.232
1777026174586286692,560.105,1,2.3877,1.3584,2.7471,29.636,25.55,77.85,84.10,1.762
1777026174684300794,560.203,1,2.3614,1.3772,2.7337,30.252,18.15,78.72,85.04,2.223
1777026174783914099,560.303,1,2.3334,1.4006,2.7214,30.974,9.37,79.66,86.06,3.183
1777026174882789764,560.402,1,2.3090,1.4197,2.7106,31.586,1.81,80.50,86.96,4.113
1777026174982925933,560.502,0,2.2808,1.4359,2.6952,32.193,-5.77,81.50,88.04,4.124
1777026175087978021,560.607,0,2.2522,1.4613,2.6847,32.976,-15.71,82.54,89.16,0.927
1777026175183822206,560.703,0,2.2252,1.4780,2.6713,33.592,-23.66,83.54,90.24,3.555
1777026175285178137,560.804,0,2.1958,1.4991,2.6587,34.321,-33.21,84.65,91.45,2.488
1777026175381002767,560.900,0,2.1659,1.5192,2.6456,35.046,-42.87,85.82,92.71,1.743
1777026175480390722,560.999,0,2.1304,1.5460,2.6323,35.968,-55.41,87.25,94.25,0.484
1777026175582951138,561.102,0,2.0953,1.5719,2.6194,36.877,-68.06,88.71,95.83,1.130
1777026175682553202,561.202,0,2.0618,1.5933,2.6057,37.696,-79.72,90.15,97.39,2.015
1777026175785730906,561.305,0,2.0198,1.6232,2.5912,38.787,-95.65,92.03,99.42,2.786
1777026175882418470,561.402,0,1.9849,1.6484,2.5801,39.708,-109.50,93.65,101.16,2.648
1777026175984232321,561.503,0,1.9485,1.6699,2.5662,40.598,-123.22,95.40,103.05,4.284
1777026176084474266,561.604,0,1.9107,1.6898,2.5507,41.490,-137.36,97.29,105.09,3.617
1777026176181159533,561.700,0,1.8799,1.7015,2.5356,42.149,-148.05,98.88,106.81,1.580
1777026176283035957,561.802,0,1.8404,1.7225,2.5207,43.105,-163.98,101.00,109.11,3.269
1777026176382832167,561.902,0,1.7940,1.7530,2.5083,44.337,-185.23,103.61,111.93,3.235
1777026176481156784,562.000,0,1.7493,1.7763,2.4931,45.438,-205.00,106.26,114.79,1.212
1777026176582387365,562.101,0,1.7138,1.7922,2.4797,46.281,-220.66,108.46,117.17,1.439
1777026176680770462,562.200,0,1.6733,1.8118,2.4663,47.277,-239.81,111.09,120.01,0.554
1777026176782955846,562.302,0,1.6304,1.8337,2.4537,48.359,-261.44,114.01,123.16,1.952
1777026176880846653,562.400,0,1.5881,1.8543,2.4415,49.422,-283.59,117.05,126.44,0.390
1777026176980690048,562.500,0,1.5464,1.8743,2.4299,50.476,-306.54,120.20,129.85,0.289
1777026177081617465,562.601,0,1.5146,1.8871,2.4198,51.249,-324.04,122.73,132.58,0.634
1777026177181766115,562.701,0,1.4666,1.9105,2.4085,52.488,-353.33,126.74,136.91,1.403
1777026177280602874,562.800,0,1.4221,1.9320,2.3990,53.644,-382.17,130.71,141.20,0.247
1777026177379879146,562.899,0,1.3773,1.9578,2.3937,54.872,-414.63,134.96,145.79,0.514
1777026177482807705,563.002,0,1.3356,1.9788,2.3874,55.983,-445.72,139.18,150.34,1.795
1777026177583737030,563.103,0,1.2853,2.0030,2.3799,57.312,-485.36,144.62,156.23,2.255
1777026177681566412,563.201,0,1.2361,2.0263,2.3735,58.616,-527.13,150.38,162.45,0.640
1777026177780241210,563.299,0,1.1886,2.0477,2.3676,59.867,-570.27,156.39,168.94,0.930
1777026177880528358,563.400,0,1.1400,2.0688,2.3621,61.143,-617.70,163.05,176.14,2.315
1777026177982073139,563.501,0,1.0879,2.0909,2.3569,62.512,-673.08,170.87,184.58,0.949
1777026178080217813,563.599,0,1.0338,2.1131,2.3525,63.930,-736.08,179.80,194.23,1.978
1777026178181615984,563.701,0,0.9823,2.1323,2.3477,65.265,-801.49,189.22,204.41,1.199
1777026178281735579,563.801,0,0.9320,2.1505,2.3438,66.568,-872.08,199.44,215.44,0.149
1777026178380292193,563.899,0,0.8805,2.1687,2.3406,67.903,-952.50,211.12,228.06,1.684
1777026178481777382,564.001,0,0.8270,2.1868,2.3380,69.285,-1046.06,224.77,242.80,0.041
1777026178579920445,564.099,0,0.7763,2.2038,2.3366,70.595,-1146.56,239.45,258.67,2.437
1777026178681087990,564.200,0,0.7215,2.2208,2.3351,72.001,-1269.94,257.62,278.30,2.946
1777026178785271107,564.304,0,0.6655,2.2370,2.3339,73.432,-1416.28,279.30,301.72,2.816
1777026178880654798,564.400,0,0.6184,2.2500,2.3334,74.631,-1559.27,300.57,324.69,6.292
1777026178981290386,564.500,0,0.5566,2.2660,2.3334,76.199,-1782.68,333.94,360.74,1.873
1777026179079504356,564.599,0,0.5078,2.2793,2.3352,77.439,-1998.17,366.03,395.40,2.991
1777026179179691469,564.699,0,0.4484,2.2932,2.3366,78.936,-2321.29,414.53,447.80,2.910
1777026179280794014,564.800,0,0.3932,2.3051,2.3384,80.320,-2707.68,472.75,510.68,1.886
1777026179379814863,564.899,0,0.3348,2.3169,2.3410,81.777,-3253.53,555.14,599.68,2.833
1777026179480508765,565.000,0,0.2843,2.3266,2.3440,83.033,-3905.82,653.75,706.21,2.410
1777026179578528015,565.098,0,0.2229,2.3362,2.3468,84.550,-5092.92,834.02,900.95,3.587
1777026179678971402,565.198,0,0.1733,2.3445,2.3509,85.774,-6667.76,1072.87,1158.96,3.979
1777026179779069997,565.298,0,0.1245,2.3520,2.3553,86.971,-9438.99,1493.63,1613.49,3.729
1777026179880625481,565.400,0,0.1442,2.3506,2.3550,86.490,-8098.44,1289.20,1392.66,3.104
1777026179982824827,565.502,0,0.0867,2.3597,2.3613,87.895,-13731.82,2143.69,2315.71,1.630
1777026180082031951,565.601,0,-0.0558,2.3730,2.3737,91.347,nan,nan,nan,1.136
1777026180179645429,565.699,0,-0.1127,2.3779,2.3806,92.714,nan,nan,nan,4.041
1777026180281909349,565.801,0,-0.0791,2.3799,2.3812,91.903,nan,nan,nan,1.988
1777026180380017098,565.899,0,-0.1333,2.3852,2.3889,93.199,nan,nan,nan,3.805
1777026180482746438,566.002,0,-0.1976,2.3891,2.3972,94.729,nan,nan,nan,1.218
1777026180580062956,566.099,0,-0.3464,2.3879,2.4129,98.254,nan,nan,nan,4.354
1777026180682516873,566.202,0,-0.4123,2.3860,2.4213,99.804,nan,nan,nan,1.546
1777026180779580562,566.299,0,-0.4684,2.3855,2.4310,101.108,nan,nan,nan,3.435
1777026180885701914,566.405,0,-0.5423,2.3810,2.4420,102.831,nan,nan,nan,1.183
1777026180979760751,566.499,0,-0.6000,2.3765,2.4511,104.170,nan,nan,nan,3.396
1777026181079115985,566.598,0,-0.6694,2.3701,2.4629,105.772,nan,nan,nan,3.308
1777026181184021797,566.703,0,-0.7374,2.3633,2.4757,107.329,nan,nan,nan,0.539
1777026181282473283,566.802,0,-0.7888,2.3597,2.4881,108.484,nan,nan,nan,2.250
1777026181380238537,566.899,0,-0.8246,2.3543,2.4945,109.304,nan,nan,nan,3.478
1777026181482469938,567.002,0,-0.7751,2.3713,2.4948,108.101,nan,nan,nan,2.269
1777026181583901868,567.103,0,-0.8043,2.3640,2.4971,108.789,nan,nan,nan,1.363
1777026181683963519,567.203,0,-0.8330,2.3561,2.4991,109.472,nan,nan,nan,1.351
1777026181779380024,567.298,0,-0.8555,2.3502,2.5010,110.002,nan,nan,nan,2.670
1777026181880768214,567.400,0,-0.8813,2.3424,2.5027,110.617,nan,nan,nan,3.433
1777026181982540862,567.502,0,-0.9084,2.3325,2.5032,111.279,nan,nan,nan,3.530
1777026182078534304,567.598,0,-0.9232,2.3267,2.5032,111.641,nan,nan,nan,1.686
1777026182182418500,567.702,0,-0.9374,2.3213,2.5034,111.990,nan,nan,nan,3.477
1777026182280852930,567.800,0,-1.0199,2.2882,2.5052,114.024,nan,nan,nan,1.097
1777026182378453260,567.898,0,-1.1767,2.2175,2.5104,117.953,nan,nan,nan,0.174
1777026182480232000,567.999,0,-1.3577,2.1216,2.5189,122.617,nan,nan,nan,2.512
1777026182579708955,568.099,0,-1.4750,2.0462,2.5224,125.786,nan,nan,nan,1.950
1777026182680957572,568.200,0,-1.5066,2.0217,2.5213,126.693,nan,nan,nan,2.325
1777026182780761449,568.300,0,-1.6346,1.9258,2.5260,130.324,nan,nan,nan,12.764
1777026182883184533,568.402,0,-1.7489,1.8307,2.5318,133.691,nan,nan,nan,3.024
1777026182980550810,568.500,0,-1.8591,1.7260,2.5368,137.127,nan,nan,nan,2.361
1777026183081740484,568.601,0,-1.9673,1.6103,2.5423,140.698,nan,nan,nan,3.396
1777026183180953238,568.700,0,-2.1296,1.4012,2.5492,146.657,nan,nan,nan,2.349
1777026183280757336,568.800,0,-2.2110,1.2788,2.5542,149.957,nan,nan,nan,2.508
1777026183383608822,568.903,0,-2.2966,1.1310,2.5600,153.782,nan,nan,nan,3.499
1777026183480368959,568.999,0,-2.2865,1.1593,2.5636,153.113,nan,nan,nan,1.453
1777026183587545761,569.107,0,-2.3586,1.0236,2.5711,156.539,nan,nan,nan,0.151
1777026183682545420,569.202,0,-2.4104,0.9144,2.5780,159.225,nan,nan,nan,3.300
1777026183782997714,569.302,0,-2.4621,0.7797,2.5826,162.428,nan,nan,nan,3.725
1777026183881257517,569.400,0,-2.5065,0.6547,2.5906,165.362,nan,nan,nan,1.224
1777026183981051560,569.500,0,-2.5428,0.5310,2.5976,168.204,nan,nan,nan,2.018
1777026184081961293,569.601,0,-2.5694,0.4202,2.6036,170.712,nan,nan,nan,8.618
1777026184182195349,569.701,0,-2.5952,0.3001,2.6125,173.404,nan,nan,nan,2.947
1777026184280054972,569.799,0,-2.6134,0.1767,2.6194,176.133,nan,nan,nan,0.384
1777026184379510815,569.899,0,-2.6258,0.0428,2.6262,179.065,nan,nan,nan,0.227
1777026184482574002,570.002,0,-2.6311,-0.0774,2.6323,-178.315,nan,nan,nan,3.108
1777026184583622733,570.103,0,-2.6316,-0.2061,2.6397,-175.522,nan,nan,nan,3.258
1777026184682194866,570.201,0,-2.6249,-0.3407,2.6469,-172.605,nan,nan,nan,2.142
1777026184780572630,570.300,0,-2.6112,-0.4733,2.6538,-169.726,nan,nan,nan,0.936
1777026184883289026,570.402,0,-2.5919,-0.6001,2.6605,-166.964,nan,nan,nan,3.360
1777026184981861195,570.501,0,-2.5638,-0.7366,2.6675,-163.971,nan,nan,nan,0.734
1777026185082749576,570.602,0,-2.5313,-0.8622,2.6741,-161.190,nan,nan,nan,2.366
1777026185184150358,570.703,0,-2.4853,-1.0048,2.6807,-157.987,nan,nan,nan,3.770
1777026185280546574,570.800,0,-2.3951,-1.2160,2.6861,-153.082,nan,nan,nan,0.204
1777026185382992102,570.902,0,-2.3404,-1.3291,2.6915,-150.409,nan,nan,nan,2.062
1777026185482664480,571.002,0,-2.2754,-1.4485,2.6973,-147.520,nan,nan,nan,1.672
1777026185583221643,571.102,0,-2.2049,-1.5627,2.7025,-144.674,nan,nan,nan,3.111
1777026185681714332,571.201,0,-2.1232,-1.6806,2.7079,-141.637,nan,nan,nan,1.581
1777026185782625453,571.302,0,-2.0301,-1.8005,2.7135,-138.430,nan,nan,nan,1.792
1777026185881682913,571.401,0,-1.9401,-1.9036,2.7180,-135.545,nan,nan,nan,0.688
1777026185985949752,571.505,0,-1.8287,-2.0172,2.7228,-132.194,nan,nan,nan,4.248
1777026186081083724,571.600,0,-1.7268,-2.1091,2.7258,-129.310,nan,nan,nan,1.249
1777026186185586245,571.705,0,-1.6171,-2.1995,2.7299,-126.324,nan,nan,nan,4.064
1777026186283228574,571.802,0,-1.4775,-2.2975,2.7316,-122.745,nan,nan,nan,1.690
1777026186383277021,571.902,0,-1.3311,-2.3858,2.7320,-119.158,nan,nan,nan,1.485
1777026186484217624,572.003,0,-1.1941,-2.4578,2.7325,-115.913,nan,nan,nan,2.844
1777026186582244652,572.101,0,-1.0401,-2.5280,2.7336,-112.364,nan,nan,nan,0.294
1777026186687057892,572.206,0,-0.8732,-2.5900,2.7332,-108.630,nan,nan,nan,2.718
1777026186783052445,572.302,0,-0.7205,-2.6354,2.7321,-105.291,nan,nan,nan,1.303
1777026186882081628,572.401,0,-0.5630,-2.6714,2.7301,-101.901,nan,nan,nan,0.908
1777026186981964503,572.501,0,-0.3971,-2.6987,2.7278,-98.371,nan,nan,nan,0.141
1777026187086846426,572.606,0,-0.2307,-2.7160,2.7258,-94.855,nan,nan,nan,4.296
1777026187180894542,572.700,0,-0.0718,-2.7205,2.7215,-91.512,nan,nan,nan,2.533
1777026187280300534,572.799,0,0.1278,-2.7140,2.7170,-87.305,11287.92,1454.92,1571.68,2.682
1777026187381752241,572.901,0,0.3429,-2.6884,2.7102,-82.732,4368.13,542.17,585.68,1.328
1777026187481741930,573.001,0,0.5445,-2.6473,2.7028,-78.377,2829.67,341.37,368.77,1.814
1777026187584578490,573.104,0,0.6972,-2.6031,2.6948,-75.006,2247.19,266.62,288.02,1.844
1777026187681169240,573.200,0,0.8172,-2.5590,2.6863,-72.289,1936.16,227.46,245.71,2.081
1777026187779392118,573.298,0,0.9557,-2.4972,2.6738,-69.057,1668.41,194.49,210.10,3.636
1777026187881056323,573.400,0,1.0909,-2.4285,2.6622,-65.809,1468.71,170.39,184.06,2.202
1777026187979461328,573.499,0,1.2032,-2.3602,2.6492,-62.988,1332.16,154.49,166.89,3.826
1777026188082813141,573.602,0,1.3119,-2.2834,2.6334,-60.121,1218.03,141.69,153.06,0.763
1777026188178890027,573.698,0,1.4029,-2.2111,2.6186,-57.606,1133.12,132.50,143.14,2.116
1777026188279814315,573.799,0,1.5086,-2.1178,2.6002,-54.537,1044.18,123.22,133.11,4.396
1777026188381129283,573.900,0,1.5848,-2.0352,2.5795,-52.093,982.40,117.29,126.70,2.437
1777026188477270724,573.996,0,1.6549,-1.9542,2.5608,-49.741,929.03,112.32,121.34,0.065
1777026188575773080,574.095,0,1.7176,-1.8716,2.5403,-47.457,881.95,108.22,116.91,0.548
1777026188674119215,574.193,0,1.7804,-1.7782,2.5163,-44.964,835.00,104.41,112.78,2.124
1777026188775740365,574.295,0,1.8411,-1.6806,2.4928,-42.389,790.61,100.96,109.06,0.299
1777026188874709196,574.394,0,1.8975,-1.5787,2.4684,-39.760,748.89,97.96,105.82,1.248
1777026188976002572,574.495,0,1.9452,-1.4783,2.4431,-37.233,711.70,95.56,103.23,0.764
1777026189067782586,574.587,0,1.9840,-1.3833,2.4186,-34.885,679.30,93.69,101.21,0.081
1777026189174419802,574.694,0,2.0236,-1.2624,2.3850,-31.958,641.42,91.86,99.23,1.572
1777026189271616378,574.791,1,2.0481,-1.1710,2.3592,-29.760,614.54,90.76,98.04,3.138
1777026189374623732,574.894,1,2.0734,-1.0578,2.3277,-27.029,582.72,89.65,96.84,1.823
1777026189471329666,574.990,1,2.0855,-0.9704,2.3003,-24.953,559.56,89.13,96.28,3.454
1777026189577410815,575.097,1,2.0924,-0.8706,2.2663,-22.591,534.14,88.84,95.97,0.765
1777026189678224068,575.197,1,2.1160,-0.7134,2.2330,-18.631,493.38,87.85,94.90,0.995
1777026189778280941,575.297,1,2.1118,-0.6113,2.1985,-16.144,468.77,88.02,95.08,1.156
1777026189880234401,575.399,1,2.1026,-0.5104,2.1636,-13.644,444.64,88.41,95.50,0.875
1777026189979041623,575.498,1,2.0861,-0.4167,2.1274,-11.297,422.45,89.10,96.25,0.641
1777026190079941245,575.599,1,2.0687,-0.3125,2.0922,-8.590,397.30,89.85,97.06,2.510
1777026190180198819,575.699,1,2.0454,-0.2140,2.0565,-5.974,373.33,90.88,98.17,1.508
1777026190282728661,575.802,1,2.0124,-0.1245,2.0162,-3.540,351.24,92.37,99.78,2.639
1777026190381484495,575.901,1,1.9786,-0.0566,1.9794,-1.640,334.08,93.95,101.49,4.021
1777026190482315618,576.001,1,1.9380,0.0231,1.9381,0.681,313.16,95.92,103.61,3.746
1777026190579893929,576.099,1,1.9041,0.0793,1.9057,2.383,297.81,97.62,105.46,1.898
1777026190680989845,576.200,1,1.8700,0.1424,1.8754,4.354,279.99,99.40,107.38,3.521
1777026190784906262,576.304,1,1.8252,0.2143,1.8377,6.697,258.67,101.85,110.02,1.010
1777026190880585024,576.400,1,1.7864,0.2708,1.8068,8.619,241.04,104.06,112.41,1.140
1777026190981165353,576.500,1,1.7429,0.3300,1.7738,10.720,221.55,106.65,115.21,3.197
1777026191082330453,576.601,1,1.6930,0.4007,1.7398,13.316,197.09,109.80,118.61,4.300
1777026191180226131,576.699,1,1.6461,0.4503,1.7066,15.298,178.06,112.92,121.98,1.484
1777026191282206184,576.801,1,1.5968,0.5010,1.6735,17.420,157.29,116.41,125.75,2.733
1777026191381134108,576.900,1,1.5421,0.5546,1.6388,19.782,133.59,120.54,130.21,2.581
1777026191482686758,577.002,1,1.4805,0.6168,1.6039,22.619,104.17,125.55,135.63,3.995
1777026191582195083,577.101,1,1.4304,0.6582,1.5746,24.709,81.71,129.95,140.38,3.244
1777026191680479441,577.200,1,1.3734,0.6989,1.5410,26.970,56.55,135.35,146.21,2.021
1777026191785380402,577.304,1,1.3164,0.7360,1.5082,29.209,30.61,141.21,152.54,1.607
1777026191884757505,577.404,0,1.2517,0.7839,1.4769,32.058,-4.08,148.51,160.43,2.843
1777026191986611448,577.506,0,1.1919,0.8207,1.4471,34.552,-36.26,155.96,168.48,1.127
1777026192083779450,577.603,0,1.1369,0.8551,1.4226,36.949,-69.07,163.50,176.62,4.616
1777026192188140418,577.707,0,1.0686,0.8945,1.3936,39.932,-112.93,173.95,187.90,0.275
1777026192286081299,577.805,0,1.0089,0.9256,1.3692,42.534,-154.41,184.24,199.02,3.260
1777026192382334960,577.901,0,0.9465,0.9585,1.3471,45.361,-203.59,196.39,212.15,1.491
1777026192482320038,578.001,0,0.8937,0.9838,1.3291,47.745,-249.04,207.98,224.67,2.421
1777026192583033495,578.102,0,0.8397,1.0047,1.3094,50.111,-298.48,221.37,239.13,2.962
1777026192683217885,578.202,0,0.7604,1.0404,1.2887,53.837,-387.16,244.45,264.06,0.955
1777026192781220729,578.300,0,0.6985,1.0610,1.2703,56.642,-465.03,266.12,287.48,0.644
1777026192881720948,578.401,0,0.6299,1.0836,1.2534,59.831,-568.98,295.10,318.79,0.662
1777026192985678161,578.505,0,0.5778,1.0945,1.2376,62.170,-658.80,321.72,347.54,3.671
1777026193085708164,578.605,0,0.5106,1.1089,1.2208,65.275,-802.03,364.04,393.26,3.973
1777026193182631151,578.702,0,0.4610,1.1116,1.2034,67.475,-925.74,403.21,435.56,0.681
1777026193282564896,578.802,0,0.4165,1.1117,1.1872,69.462,-1058.96,446.31,482.13,0.868
1777026193383240390,578.902,0,0.3845,1.1088,1.1736,70.875,-1169.74,483.43,522.23,2.277
1777026193483938459,579.003,0,0.3481,1.1081,1.1615,72.562,-1324.51,534.06,576.91,3.143
1777026193586700317,579.106,0,0.2992,1.1102,1.1498,74.919,-1596.95,621.35,671.22,2.360
1777026193685997829,579.205,0,0.2605,1.1107,1.1409,76.799,-1881.92,713.46,770.71,3.488
1777026193783290015,579.302,0,0.2227,1.1126,1.1346,78.678,-2259.68,834.50,901.46,1.799
1777026193884381319,579.403,0,0.1850,1.1148,1.1300,80.579,-2792.68,1004.98,1085.62,3.415
1777026193983013266,579.502,0,0.1476,1.1168,1.1265,82.473,-3588.24,1259.57,1360.65,1.858
1777026194081281420,579.600,0,0.1161,1.1186,1.1246,84.073,-4654.24,1600.59,1729.03,0.086
1777026194184122203,579.703,0,0.0857,1.1207,1.1239,85.625,-6429.73,2168.04,2342.02,2.969
1777026194285281340,579.804,0,0.0408,1.1247,1.1254,87.924,nan,nan,nan,3.841
1777026194383257943,579.902,0,0.0095,1.1275,1.1275,89.519,nan,nan,nan,2.173
1777026194485960616,580.005,0,-0.0162,1.1300,1.1301,90.820,nan,nan,nan,4.402
1777026194581692136,580.101,0,-0.0463,1.1334,1.1343,92.338,nan,nan,nan,0.146
1777026194683563209,580.203,0,-0.0738,1.1366,1.1389,93.716,nan,nan,nan,1.801
1777026194784751679,580.304,0,-0.0999,1.1413,1.1456,95.000,nan,nan,nan,3.255
1777026194881780516,580.401,0,-0.1283,1.1457,1.1529,96.389,nan,nan,nan,0.111
1777026194981343821,580.500,0,-0.1550,1.1509,1.1613,97.670,nan,nan,nan,4.081
1777026195081771004,580.601,0,-0.1842,1.1558,1.1704,99.057,nan,nan,nan,2.155
1777026195182520183,580.702,0,-0.2109,1.1613,1.1803,100.295,nan,nan,nan,0.383
1777026195384650719,580.904,0,-0.2592,1.1786,1.2068,102.403,nan,nan,nan,1.749
1777026195482633618,581.002,0,-0.2794,1.1892,1.2215,103.223,nan,nan,nan,0.225
1777026195580961550,581.100,0,-0.3054,1.1998,1.2380,104.283,nan,nan,nan,1.546
1777026195680453634,581.200,0,-0.3297,1.2095,1.2537,105.247,nan,nan,nan,5.830
1777026195782147931,581.301,0,-0.3523,1.2253,1.2749,106.040,nan,nan,nan,0.422
1777026195882958053,581.402,0,-0.3730,1.2366,1.2916,106.787,nan,nan,nan,0.312
1777026195982266084,581.501,0,-0.3933,1.2478,1.3083,107.493,nan,nan,nan,1.319
1777026196081819556,581.601,0,-0.4157,1.2563,1.3233,108.308,nan,nan,nan,1.500
1777026196182841936,581.702,0,-0.4365,1.2600,1.3335,109.107,nan,nan,nan,1.506
1777026196283144380,581.802,0,-0.4625,1.2633,1.3453,110.109,nan,nan,nan,2.282
1777026196383295455,581.902,0,-0.4825,1.2695,1.3581,110.813,nan,nan,nan,0.269
1777026196484622331,582.004,0,-0.5016,1.2748,1.3700,111.480,nan,nan,nan,0.728
1777026196582875060,582.102,0,-0.5219,1.2789,1.3813,112.201,nan,nan,nan,0.936
1777026196680440001,582.200,0,-0.5411,1.2845,1.3938,112.845,nan,nan,nan,3.268
1777026196782666495,582.302,0,-0.5591,1.2891,1.4052,113.446,nan,nan,nan,1.232
1777026196881535902,582.401,0,-0.5762,1.2937,1.4163,114.009,nan,nan,nan,2.532
1777026196983198384,582.502,0,-0.5918,1.2992,1.4276,114.490,nan,nan,nan,1.512
1777026197082034921,582.601,0,-0.6106,1.3033,1.4392,115.102,nan,nan,nan,1.822
1777026197181483783,582.701,0,-0.6242,1.3094,1.4506,115.488,nan,nan,nan,2.612
1777026197281285733,582.800,0,-0.6392,1.3127,1.4600,115.962,nan,nan,nan,2.596
1777026197381047869,582.900,0,-0.6529,1.3183,1.4711,116.346,nan,nan,nan,3.094
1777026197481279129,583.000,0,-0.6671,1.3220,1.4808,116.776,nan,nan,nan,3.067
1777026197583429476,583.103,0,-0.6801,1.3259,1.4901,117.155,nan,nan,nan,1.594
1777026197681888554,583.201,0,-0.6943,1.3287,1.4992,117.587,nan,nan,nan,3.544
1777026197783015303,583.302,0,-0.7103,1.3310,1.5086,118.086,nan,nan,nan,2.575
1777026197883505911,583.403,0,-0.7350,1.3336,1.5227,118.862,nan,nan,nan,1.392
1777026197981364830,583.500,0,-0.7653,1.3339,1.5379,119.843,nan,nan,nan,4.096
1777026198083278625,583.602,0,-0.7746,1.3370,1.5452,120.085,nan,nan,nan,2.494
1777026198182530137,583.702,0,-0.7831,1.3383,1.5506,120.335,nan,nan,nan,2.556
1777026198281847223,583.801,0,-0.7990,1.3400,1.5601,120.807,nan,nan,nan,4.239
1777026198386423929,583.906,0,-0.8331,1.3322,1.5713,122.020,nan,nan,nan,0.641
1777026198481068684,584.000,0,-0.8725,1.3119,1.5756,123.626,nan,nan,nan,3.812
1777026198583920393,584.103,0,-0.8902,1.3112,1.5849,124.174,nan,nan,nan,2.004
1777026198681622740,584.201,0,-0.9036,1.3097,1.5911,124.603,nan,nan,nan,3.217
1777026198781422579,584.301,0,-0.9129,1.3098,1.5966,124.875,nan,nan,nan,0.651
1777026198879588291,584.399,0,-0.9195,1.3115,1.6017,125.034,nan,nan,nan,1.182
1777026198980436728,584.500,0,-0.9327,1.3091,1.6074,125.469,nan,nan,nan,1.345
1777026199083063310,584.602,0,-0.9387,1.3121,1.6134,125.581,nan,nan,nan,4.042
1777026199183279773,584.702,0,-0.9482,1.3121,1.6189,125.855,nan,nan,nan,3.305
1777026199281399022,584.800,0,-0.9577,1.3110,1.6235,126.147,nan,nan,nan,2.527
1777026199383871365,584.903,0,-0.9684,1.3111,1.6299,126.449,nan,nan,nan,2.387
1777026199481281494,585.000,0,-0.9760,1.3109,1.6344,126.669,nan,nan,nan,2.732
1777026199583353230,585.102,0,-0.9867,1.3120,1.6416,126.946,nan,nan,nan,3.108
1777026199685597132,585.205,0,-0.9981,1.3112,1.6478,127.279,nan,nan,nan,4.516
1777026199780178203,585.299,0,-1.0059,1.3114,1.6527,127.491,nan,nan,nan,0.770
1777026199883384611,585.402,0,-1.0132,1.3145,1.6597,127.625,nan,nan,nan,3.870
1777026199981114402,585.500,0,-1.0242,1.3148,1.6666,127.918,nan,nan,nan,1.579
1777026200084628898,585.604,0,-1.0400,1.3145,1.6762,128.350,nan,nan,nan,2.685
1777026200182022508,585.701,0,-1.0330,1.3278,1.6823,127.881,nan,nan,nan,0.927
1777026200280865989,585.800,0,-1.0030,1.3574,1.6878,126.460,nan,nan,nan,1.326
1777026200381792759,585.901,0,-0.9573,1.3955,1.6923,124.451,nan,nan,nan,2.210
1777026200479146425,585.998,0,-0.8787,1.4490,1.6946,121.233,nan,nan,nan,0.252
1777026200583015009,586.102,0,-0.7898,1.5009,1.6960,117.756,nan,nan,nan,1.987
1777026200685869292,586.205,0,-0.6876,1.5511,1.6967,113.909,nan,nan,nan,1.912
1777026200780236699,586.299,0,-0.6114,1.5817,1.6958,111.135,nan,nan,nan,1.107
1777026200881279616,586.400,0,-0.5216,1.6123,1.6946,107.928,nan,nan,nan,1.684
1777026200983763903,586.503,0,-0.4173,1.6404,1.6926,104.272,nan,nan,nan,3.956
1777026201079500589,586.599,0,-0.2998,1.6624,1.6892,100.224,nan,nan,nan,0.647
1777026201180916538,586.700,0,-0.1715,1.6759,1.6847,95.843,nan,nan,nan,0.822
1777026201285601797,586.805,0,-0.0028,1.6780,1.6780,90.097,nan,nan,nan,2.715
1777026201383027777,586.902,0,0.0760,1.6709,1.6727,87.395,-11031.62,2445.53,2641.77,2.625
1777026201480552571,587.000,0,0.1395,1.6608,1.6667,85.198,-5827.68,1332.40,1439.32,0.647
1777026201582618012,587.102,0,0.2226,1.6461,1.6611,82.300,-3499.49,835.15,902.16,2.522
1777026201683857092,587.203,0,0.3290,1.6203,1.6534,78.521,-2223.48,564.96,610.29,2.171
1777026201781101556,587.300,0,0.3911,1.5963,1.6435,76.235,-1788.41,475.35,513.49,0.583
1777026201883474993,587.403,0,0.3966,1.5836,1.6325,75.940,-1742.46,468.69,506.30,2.697
1777026201983864232,587.503,0,0.3765,1.5764,1.6207,76.567,-1842.53,493.71,533.33,3.259
1777026202086264057,587.605,0,0.3666,1.5675,1.6098,76.835,-1888.29,507.00,547.69,2.915
1777026202182111613,587.701,0,0.3516,1.5616,1.6007,77.311,-1973.90,528.64,571.06,1.216
1777026202281308589,587.800,0,0.3388,1.5549,1.5913,77.707,-2050.32,548.64,592.67,0.868
1777026202381367314,587.900,0,0.3138,1.5486,1.5800,78.544,-2228.71,592.35,639.88,2.178
1777026202482672079,588.002,0,0.3076,1.5404,1.5708,78.707,-2266.41,604.29,652.78,1.400
1777026202582469862,588.102,0,0.2998,1.5349,1.5639,78.949,-2324.58,620.11,669.87,1.110
1777026202683864534,588.203,0,0.2872,1.5317,1.5584,79.380,-2434.54,647.22,699.16,2.081
1777026202786505207,588.306,0,0.3193,1.5214,1.5546,78.147,-2140.96,582.15,628.87,3.922
1777026202885175265,588.404,0,0.4144,1.4956,1.5520,74.512,-1544.05,448.51,484.50,3.607
1777026202986654657,588.506,0,0.5488,1.4489,1.5493,69.255,-1043.90,338.71,365.89,3.569
1777026203084845683,588.604,0,0.6438,1.4050,1.5454,65.382,-807.54,288.74,311.91,2.241
1777026203180911310,588.700,0,0.7525,1.3466,1.5426,60.803,-604.70,247.03,266.85,2.310
1777026203280745427,588.800,0,0.8497,1.2844,1.5400,56.515,-461.25,218.77,236.33,3.949
1777026203378045279,588.897,0,0.9553,1.2042,1.5371,51.573,-331.54,194.57,210.19,3.888
1777026203480056942,588.999,0,1.0495,1.1208,1.5354,46.882,-232.13,177.12,191.34,3.106
1777026203576223031,589.095,0,1.1419,1.0245,1.5342,41.898,-143.96,162.78,175.84,2.315
1777026203682369735,589.201,0,1.2254,0.9177,1.5310,36.831,-67.40,151.69,163.86,0.460
1777026203778851467,589.298,0,1.2872,0.8249,1.5288,32.652,-11.58,144.41,156.00,4.916
1777026203881066036,589.400,1,1.3723,0.6746,1.5292,26.177,65.48,135.45,146.32,1.252
1777026203979043250,589.498,1,1.4383,0.5221,1.5301,19.952,131.86,129.24,139.61,4.108
1777026204076693690,589.596,1,1.4864,0.3702,1.5318,13.987,190.69,125.06,135.09,1.882
1777026204178975424,589.698,1,1.5213,0.2053,1.5351,7.684,249.63,122.18,131.99,3.902
1777026204280084376,589.799,1,1.5323,0.0619,1.5336,2.312,298.45,121.31,131.04,4.534
1777026204381429270,589.901,1,1.5307,-0.0417,1.5312,-1.560,333.36,121.44,131.19,2.753
1777026204480291566,589.999,1,1.5184,-0.0675,1.5199,-2.544,342.24,122.42,132.24,3.277
1777026204579590004,590.099,1,1.5050,-0.0588,1.5061,-2.238,339.48,123.51,133.43,3.448
1777026204680515162,590.200,1,1.4925,-0.0524,1.4934,-2.009,337.41,124.55,134.54,3.193
1777026204780245114,590.299,1,1.4833,-0.0486,1.4841,-1.878,336.23,125.32,135.38,2.724
1777026204878445732,590.398,1,1.4748,-0.0437,1.4754,-1.696,334.59,126.04,136.16,3.233
1777026204982382445,590.501,1,1.4633,-0.0339,1.4637,-1.328,331.27,127.03,137.22,1.497
1777026205079571540,590.599,1,1.4558,-0.0268,1.4561,-1.053,328.80,127.68,137.93,3.622
1777026205179857614,590.699,1,1.4490,-0.0159,1.4491,-0.630,324.97,128.28,138.58,3.173
1777026205286513885,590.806,1,1.4457,-0.0051,1.4457,-0.202,321.12,128.57,138.89,1.759
1777026205380862978,590.900,1,1.4464,0.0117,1.4464,0.462,315.14,128.52,138.83,3.487
1777026205479569590,590.999,1,1.4412,0.0251,1.4414,0.998,310.30,128.98,139.33,3.349
1777026205580916410,591.100,1,1.4366,0.0380,1.4371,1.517,305.63,129.39,139.78,3.865
1777026205680441679,591.200,1,1.4315,0.0439,1.4322,1.758,303.45,129.85,140.27,3.870
1777026205779624933,591.299,1,1.4247,0.0504,1.4256,2.026,301.03,130.47,140.94,1.703
1777026205879699362,591.399,1,1.4120,0.0632,1.4134,2.562,296.20,131.64,142.21,3.592
1777026205980400819,591.499,1,1.3960,0.0664,1.3975,2.724,294.73,133.16,143.84,3.635
1777026206080436137,591.600,1,1.3776,0.0807,1.3799,3.351,289.07,134.94,145.76,3.254
1777026206182304006,591.701,1,1.3591,0.0871,1.3619,3.668,286.20,136.77,147.75,3.252
1777026206279633339,591.799,1,1.3413,0.0931,1.3445,3.971,283.46,138.58,149.70,2.574
1777026206380565294,591.900,1,1.3246,0.1014,1.3285,4.376,279.79,140.33,151.59,3.100
1777026206481512674,592.001,1,1.3052,0.1107,1.3099,4.846,275.52,142.41,153.84,4.064
1777026206585732921,592.105,1,1.2898,0.1212,1.2955,5.370,270.76,144.12,155.68,0.122
1777026206680199012,592.199,1,1.2791,0.1410,1.2868,6.290,262.39,145.33,156.99,2.977
1777026206780339847,592.299,1,1.2654,0.1594,1.2754,7.179,254.26,146.90,158.69,3.228
1777026206880184853,592.399,1,1.2504,0.1741,1.2624,7.927,247.41,148.67,160.60,2.937
1777026206980539759,592.500,1,1.2341,0.1920,1.2490,8.842,238.98,150.62,162.70,3.175
1777026207077558078,592.597,1,1.2173,0.2117,1.2355,9.866,229.50,152.71,164.96,1.344
1777026207178784955,592.698,1,1.2008,0.2286,1.2224,10.776,221.03,154.80,167.22,0.805
1777026207279345692,592.798,1,1.1820,0.2432,1.2068,11.624,213.08,157.26,169.88,0.698
1777026207377463756,592.897,1,1.1633,0.2622,1.1925,12.703,202.91,159.79,172.61,1.573
1777026207478112584,592.997,1,1.1412,0.2843,1.1761,13.989,190.66,162.88,175.95,1.028
1777026207579173760,593.098,1,1.1168,0.3171,1.1609,15.851,172.70,166.44,179.80,0.804
1777026207680166362,593.199,1,1.0888,0.3566,1.1457,18.134,150.19,170.72,184.42,1.233
1777026207780057978,593.299,1,1.0556,0.4066,1.1312,21.065,120.43,176.09,190.22,1.409
1777026207878964032,593.398,1,1.0137,0.4737,1.1190,25.048,78.00,183.37,198.08,1.071
1777026207979073886,593.498,1,0.9632,0.5421,1.1053,29.369,28.72,192.98,208.47,0.162
1777026208079443885,593.599,0,0.9094,0.6135,1.0970,34.006,-29.05,204.41,220.82,1.104
1777026208179047800,593.698,0,0.8548,0.6832,1.0943,38.635,-93.40,217.45,234.90,0.679
1777026208276086785,593.795,0,0.7920,0.7455,1.0877,43.264,-166.67,234.69,253.52,2.896
1777026208376330341,593.895,0,0.7280,0.8018,1.0829,47.763,-249.40,255.35,275.84,4.906
1777026208476425732,593.996,0,0.6612,0.8556,1.0813,52.301,-348.80,281.12,303.67,2.914
1777026208578917964,594.098,0,0.5909,0.9055,1.0812,56.872,-471.91,314.57,339.81,0.167
1777026208678100052,594.197,0,0.5143,0.9524,1.0824,61.632,-636.95,361.45,390.46,1.402
1777026208779834181,594.299,0,0.4384,0.9946,1.0869,66.210,-851.99,423.97,457.99,0.739
1777026208877618805,594.397,0,0.3541,1.0330,1.0920,71.081,-1187.15,525.00,567.13,2.470
1777026208978513075,594.498,0,0.2724,1.0632,1.0975,75.629,-1695.96,682.37,737.13,1.078
1777026209079133997,594.598,0,0.1872,1.0888,1.1047,80.242,-2683.06,992.73,1072.40,1.245
1777026209181713579,594.701,0,0.0984,1.1112,1.1156,84.940,-5512.07,1889.15,2040.75,1.839
1777026209278336847,594.797,0,0.0091,1.1228,1.1228,89.536,nan,nan,nan,2.743
1777026209385405298,594.905,0,-0.0877,1.1335,1.1369,94.427,nan,nan,nan,2.984
1777026209480853304,595.000,0,-0.1790,1.1375,1.1515,98.941,nan,nan,nan,0.739
1777026209583294684,595.102,0,-0.2739,1.1363,1.1689,103.552,nan,nan,nan,2.923
1777026209679756509,595.199,0,-0.3673,1.1299,1.1881,108.009,nan,nan,nan,1.239
1777026209780866758,595.300,0,-0.4634,1.1164,1.2088,112.540,nan,nan,nan,0.015
1777026209881210979,595.400,0,-0.5559,1.0980,1.2308,116.853,nan,nan,nan,0.158
1777026209981817901,595.501,0,-0.6496,1.0729,1.2542,121.196,nan,nan,nan,0.747
1777026210083722103,595.603,0,-0.7582,1.0301,1.2791,126.355,nan,nan,nan,2.379
1777026210182393901,595.701,0,-0.8958,0.9477,1.3041,133.388,nan,nan,nan,1.275
1777026210285824620,595.805,0,-1.0664,0.7976,1.3317,143.207,nan,nan,nan,3.230
1777026210385879382,595.905,0,-1.2173,0.6057,1.3596,153.547,nan,nan,nan,3.355
1777026210494344409,596.013,0,-1.3258,0.4201,1.3908,162.416,nan,nan,nan,3.525
1777026210583847544,596.103,0,-1.3773,0.3105,1.4119,167.294,nan,nan,nan,2.278
1777026210681618539,596.201,0,-1.4290,0.1973,1.4426,172.138,nan,nan,nan,0.222
1777026210785540752,596.305,0,-1.4728,0.0825,1.4751,176.793,nan,nan,nan,3.812
1777026210880411227,596.400,0,-1.5034,-0.0330,1.5037,-178.742,nan,nan,nan,1.508
1777026210983837428,596.503,0,-1.5228,-0.1481,1.5300,-174.446,nan,nan,nan,2.410
1777026211081697848,596.601,0,-1.5344,-0.2680,1.5576,-170.093,nan,nan,nan,0.134
1777026211182328306,596.701,0,-1.5334,-0.3918,1.5826,-165.665,nan,nan,nan,0.812
1777026211281919315,596.801,0,-1.5157,-0.5325,1.6065,-160.643,nan,nan,nan,0.577
1777026211382976731,596.902,0,-1.4803,-0.6780,1.6282,-155.391,nan,nan,nan,1.078
1777026211483517264,597.003,0,-1.4345,-0.8107,1.6478,-150.529,nan,nan,nan,1.393
1777026211581300314,597.100,0,-1.3838,-0.9301,1.6673,-146.093,nan,nan,nan,1.332
1777026211681137320,597.200,0,-1.3386,-1.0244,1.6856,-142.573,nan,nan,nan,1.363
1777026211781725908,597.301,0,-1.2910,-1.1125,1.7042,-139.246,nan,nan,nan,1.027
1777026211880433372,597.400,0,-1.2418,-1.1907,1.7204,-136.204,nan,nan,nan,2.274
1777026211983966794,597.503,0,-1.1873,-1.2673,1.7366,-133.134,nan,nan,nan,1.515
1777026212082083303,597.601,0,-1.1282,-1.3372,1.7496,-130.153,nan,nan,nan,0.509
1777026212181434870,597.701,0,-1.0647,-1.4041,1.7622,-127.172,nan,nan,nan,1.842
1777026212280266703,597.799,0,-0.9958,-1.4663,1.7725,-124.179,nan,nan,nan,3.072
1777026212383090449,597.902,0,-0.9184,-1.5257,1.7808,-121.047,nan,nan,nan,0.643
1777026212482032187,598.001,0,-0.8430,-1.5763,1.7876,-118.136,nan,nan,nan,1.143
1777026212583488784,598.103,0,-0.7638,-1.6214,1.7923,-115.224,nan,nan,nan,1.004
1777026212686105884,598.205,0,-0.6785,-1.6619,1.7951,-112.209,nan,nan,nan,3.084
1777026212784746404,598.304,0,-0.5973,-1.6957,1.7978,-109.405,nan,nan,nan,0.958
1777026212883358777,598.402,0,-0.5459,-1.7140,1.7989,-107.666,nan,nan,nan,0.116
1777026212983341725,598.502,0,-0.5695,-1.7157,1.8077,-108.362,nan,nan,nan,0.262
1777026213084542288,598.604,0,-0.5688,-1.7233,1.8147,-108.267,nan,nan,nan,1.106
1777026213182139303,598.701,0,-0.5429,-1.7357,1.8187,-107.370,nan,nan,nan,2.014
1777026213284096559,598.803,0,-0.5568,-1.7329,1.8201,-107.812,nan,nan,nan,0.274
1777026213383473107,598.903,0,-0.5566,-1.7394,1.8263,-107.743,nan,nan,nan,0.638
1777026213485383235,599.004,0,-0.5624,-1.7476,1.8359,-107.838,nan,nan,nan,1.441
1777026213583097082,599.102,0,-0.5570,-1.7575,1.8436,-107.586,nan,nan,nan,1.009
1777026213686263490,599.205,0,-0.5687,-1.7607,1.8503,-107.899,nan,nan,nan,2.295
1777026213782036084,599.301,0,-0.5812,-1.7702,1.8632,-108.175,nan,nan,nan,2.279
1777026213888003327,599.407,0,-0.5935,-1.7726,1.8693,-108.512,nan,nan,nan,2.928
1777026213983157910,599.502,0,-0.5854,-1.7885,1.8818,-108.126,nan,nan,nan,1.106
1777026214081418509,599.601,0,-0.5969,-1.7953,1.8919,-108.391,nan,nan,nan,2.688
1777026214181198682,599.700,0,-0.5982,-1.8067,1.9032,-108.319,nan,nan,nan,3.826
1777026214279881313,599.799,0,-0.5724,-1.8225,1.9102,-107.437,nan,nan,nan,1.846
1777026214383726138,599.903,0,-0.5103,-1.8485,1.9176,-105.433,nan,nan,nan,1.607
1777026214481853795,600.001,0,-0.4640,-1.8667,1.9235,-103.960,nan,nan,nan,3.446
1777026214585129591,600.104,0,-0.3755,-1.8918,1.9287,-101.228,nan,nan,nan,0.216
1777026214683667094,600.203,0,-0.2228,-1.9177,1.9306,-96.628,nan,nan,nan,2.585
1777026214786140640,600.305,0,-0.0682,-1.9297,1.9309,-92.025,nan,nan,nan,0.788
1777026214884869882,600.404,0,0.1271,-1.9248,1.9290,-86.221,8137.53,1462.26,1579.60,1.171
1777026214982385454,600.501,0,0.3361,-1.8957,1.9253,-79.946,3231.53,553.04,597.42,3.010
1777026215086503757,600.606,0,0.4929,-1.8551,1.9195,-75.120,2262.58,377.11,407.37,0.976
1777026215186121080,600.705,0,0.5621,-1.8269,1.9114,-72.896,1997.34,330.67,357.20,0.144
1777026215283152806,600.802,0,0.5960,-1.8070,1.9027,-71.745,1884.67,311.86,336.89,2.892
1777026215384938028,600.904,0,0.6460,-1.7803,1.8939,-70.055,1742.20,287.73,310.82,0.788
1777026215483687510,601.003,0,0.6968,-1.7508,1.8844,-68.299,1616.73,266.78,288.18,3.007
1777026215584388153,601.103,0,0.7247,-1.7290,1.8748,-67.258,1551.15,256.48,277.07,1.857
1777026215686543407,601.206,0,0.7679,-1.6983,1.8638,-65.668,1461.18,242.06,261.48,0.524
1777026215786097194,601.305,0,0.8582,-1.6401,1.8510,-62.379,1306.10,216.61,233.99,0.289
1777026215883473008,601.403,0,0.8996,-1.6035,1.8386,-60.706,1239.65,206.62,223.20,2.705
1777026215982944240,601.502,0,0.9443,-1.5623,1.8255,-58.850,1173.56,196.84,212.64,4.072
1777026216082099013,601.601,0,0.9792,-1.5257,1.8129,-57.307,1123.81,189.83,205.07,4.585
1777026216183016653,601.702,0,1.0278,-1.4742,1.7971,-55.115,1059.88,180.86,195.37,3.865
1777026216280276487,601.799,0,1.0546,-1.4370,1.7824,-53.725,1022.86,176.26,190.41,1.898
1777026216382953846,601.902,0,1.0891,-1.3905,1.7662,-51.931,978.55,170.68,184.38,1.651
1777026216489823856,602.009,0,1.1296,-1.3260,1.7419,-49.571,925.39,164.55,177.76,2.437
1777026216584350928,602.103,0,1.1651,-1.2735,1.7260,-47.544,883.67,159.54,172.35,3.186
1777026216687683427,602.207,0,1.1880,-1.2252,1.7066,-45.882,851.78,156.46,169.02,0.563
1777026216781512526,602.301,0,1.2184,-1.1678,1.6877,-43.784,814.19,152.56,164.80,2.472
1777026216883406098,602.403,0,1.2617,-1.0892,1.6668,-40.804,765.07,147.33,159.16,3.386
1777026216986216214,602.505,0,1.3104,-0.9945,1.6451,-37.196,711.18,141.85,153.23,1.185
1777026217080907248,602.600,0,1.3497,-0.9108,1.6283,-34.011,667.73,137.72,148.77,1.034
1777026217182982688,602.702,1,1.3838,-0.8257,1.6114,-30.826,627.42,134.33,145.11,3.749
1777026217284150232,602.803,1,1.4133,-0.7378,1.5943,-27.566,588.85,131.52,142.08,4.426
1777026217382037058,602.901,1,1.4366,-0.6571,1.5797,-24.580,555.49,129.39,139.78,2.514
1777026217484647455,603.004,1,1.4590,-0.5927,1.5748,-22.108,529.04,127.41,137.63,3.391
1777026217581201779,603.100,1,1.4809,-0.5623,1.5841,-20.792,515.36,125.52,135.59,0.939
1777026217682079457,603.201,1,1.5078,-0.5496,1.6048,-20.026,507.50,123.28,133.18,2.363
1777026217785080256,603.304,1,1.5391,-0.5367,1.6300,-19.225,499.36,120.77,130.46,3.928
1777026217884074735,603.403,1,1.5648,-0.5264,1.6509,-18.595,493.02,118.79,128.33,3.975
1777026217988621737,603.508,1,1.5958,-0.5137,1.6765,-17.844,485.52,116.48,125.83,0.415
1777026218085745036,603.605,1,1.6240,-0.5024,1.7000,-17.191,479.05,114.46,123.64,2.753
1777026218182758410,603.702,1,1.6498,-0.4920,1.7216,-16.605,473.27,112.67,121.71,1.694
1777026218285536471,603.805,1,1.6787,-0.4799,1.7459,-15.954,466.91,110.73,119.62,2.698
1777026218380798016,603.900,1,1.7071,-0.4673,1.7700,-15.310,460.65,108.89,117.62,0.601
1777026218485573237,604.005,1,1.7374,-0.4539,1.7957,-14.641,454.19,106.99,115.58,3.832
1777026218583198640,604.102,1,1.7633,-0.4435,1.8182,-14.117,449.16,105.42,113.88,2.586
1777026218686560398,604.206,1,1.7948,-0.4302,1.8456,-13.479,443.06,103.57,111.88,2.452
1777026218786186795,604.305,1,1.8180,-0.4376,1.8699,-13.535,443.60,102.25,110.45,3.346
1777026218883359260,604.402,1,1.8200,-0.5228,1.8936,-16.026,467.62,102.13,110.33,2.346
1777026218983018378,604.502,1,1.8151,-0.6109,1.9152,-18.600,493.07,102.41,110.63,1.715
1777026219082035450,604.601,1,1.8108,-0.6899,1.9378,-20.858,516.04,102.65,110.89,0.987
1777026219184140871,604.703,1,1.7995,-0.7727,1.9584,-23.240,541.03,103.30,111.59,2.697
1777026219281661776,604.801,1,1.7823,-0.8569,1.9776,-25.677,567.54,104.29,112.66,0.532
1777026219385858375,604.905,1,1.7628,-0.9398,1.9977,-28.062,594.57,105.45,113.91,3.817
1777026219485261423,605.004,1,1.7383,-1.0208,2.0159,-30.422,622.50,106.93,115.51,3.173
1777026219586135712,605.105,0,1.7021,-1.1168,2.0358,-33.270,658.09,109.21,117.97,3.839
1777026219687101703,605.206,0,1.6702,-1.1938,2.0530,-35.557,688.38,111.30,120.23,3.125
1777026219788143175,605.307,0,1.6283,-1.2777,2.0698,-38.121,724.47,114.16,123.32,1.886
1777026219885469045,605.405,0,1.5856,-1.3541,2.0851,-40.498,760.27,117.23,126.64,3.014
1777026219985975098,605.505,0,1.5447,-1.4237,2.1007,-42.666,795.19,120.34,130.00,4.024
1777026220086512335,605.606,0,1.4920,-1.5017,2.1169,-45.186,839.00,124.59,134.58,4.464
1777026220185788088,605.705,0,1.4431,-1.5669,2.1302,-47.356,879.96,128.81,139.14,3.008
1777026220285484744,605.805,0,1.3670,-1.6524,2.1445,-50.401,943.47,135.98,146.90,2.863
1777026220386109795,605.905,0,1.2932,-1.7268,2.1574,-53.172,1008.81,143.74,155.28,3.256
1777026220480562609,606.000,0,1.2362,-1.7820,2.1688,-55.250,1063.62,150.37,162.43,2.177
1777026220581355973,606.100,0,1.1699,-1.8402,2.1806,-57.554,1131.47,158.89,171.64,1.564
1777026220680996017,606.200,0,1.1027,-1.8926,2.1904,-59.774,1205.53,168.57,182.10,2.504
1777026220780510916,606.300,0,1.0293,-1.9449,2.2005,-62.111,1294.98,180.60,195.09,3.424
1777026220880139035,606.399,0,0.9928,-1.9731,2.2088,-63.290,1345.49,187.23,202.26,5.070
1777026220986488033,606.506,0,0.9184,-2.0176,2.2168,-65.525,1453.63,202.40,218.64,3.526
1777026221081120011,606.600,0,0.8411,-2.0585,2.2237,-67.776,1583.06,221.01,238.75,1.610
1777026221185355758,606.704,0,0.7620,-2.0955,2.2297,-70.018,1739.31,243.95,263.53,2.522
1777026221284447791,606.804,0,0.6773,-2.1299,2.2350,-72.361,1943.16,274.47,296.49,2.981
1777026221385275469,606.904,0,0.6026,-2.1565,2.2391,-74.388,2167.20,308.48,333.23,0.282
1777026221485482192,607.005,0,0.5228,-2.1806,2.2424,-76.517,2472.92,355.55,384.08,1.246
1777026221582243718,607.101,0,0.4430,-2.2007,2.2448,-78.619,2884.47,419.62,453.29,1.663
1777026221685725122,607.205,0,0.3604,-2.2172,2.2463,-80.766,3495.49,515.71,557.09,2.210
1777026221781927062,607.301,0,0.2749,-2.2302,2.2471,-82.972,4507.71,676.10,730.35,1.828
1777026221883179327,607.402,0,0.1862,-2.2397,2.2474,-85.248,6530.93,998.44,1078.56,0.959
1777026221983741787,607.503,0,0.1077,-2.2448,2.2473,-87.252,11077.97,1725.41,1863.87,0.623
1777026222080304222,607.599,0,0.0243,-2.2449,2.2450,-89.381,nan,nan,nan,3.884
1777026222182958414,607.702,0,-0.0643,-2.2413,2.2422,-91.644,nan,nan,nan,1.583
1777026222281748359,607.801,0,-0.1454,-2.2341,2.2388,-93.723,nan,nan,nan,2.987
1777026222384125666,607.903,0,-0.2251,-2.2227,2.2340,-95.784,nan,nan,nan,0.583
1777026222481591590,608.001,0,-0.3533,-2.2003,2.2284,-99.123,nan,nan,nan,3.453
1777026222582781356,608.102,0,-0.4367,-2.1792,2.2225,-101.331,nan,nan,nan,2.382
1777026222684198175,608.203,0,-0.5168,-2.1532,2.2144,-103.495,nan,nan,nan,1.982
1777026222784202938,608.303,0,-0.5945,-2.1252,2.2068,-105.628,nan,nan,nan,1.196
1777026222881362384,608.400,0,-0.6786,-2.0901,2.1975,-107.987,nan,nan,nan,3.398
1777026222983585823,608.503,0,-0.7545,-2.0525,2.1868,-110.183,nan,nan,nan,1.557
1777026223081383206,608.600,0,-0.8344,-2.0101,2.1764,-112.544,nan,nan,nan,3.826
1777026223181279747,608.700,0,-0.9067,-1.9662,2.1652,-114.756,nan,nan,nan,3.133
1777026223284752355,608.804,0,-1.0226,-1.8939,2.1524,-118.366,nan,nan,nan,0.759
1777026223380077436,608.899,0,-1.1052,-1.8350,2.1422,-121.060,nan,nan,nan,2.607
1777026223481470570,609.001,0,-1.1552,-1.7865,2.1275,-122.888,nan,nan,nan,4.170
1777026223579212454,609.098,0,-1.2139,-1.7277,2.1115,-125.093,nan,nan,nan,1.613
1777026223681516336,609.201,0,-1.2731,-1.6653,2.0962,-127.397,nan,nan,nan,3.840
1777026223778960630,609.298,0,-1.3322,-1.5972,2.0799,-129.832,nan,nan,nan,1.201
1777026223878912597,609.398,0,-1.4016,-1.5178,2.0660,-132.720,nan,nan,nan,1.089
1777026223981214535,609.500,0,-1.4464,-1.4486,2.0470,-134.956,nan,nan,nan,2.874
1777026224078609145,609.598,0,-1.4964,-1.3713,2.0297,-137.498,nan,nan,nan,0.724
1777026224181228430,609.700,0,-1.5359,-1.2960,2.0096,-139.842,nan,nan,nan,2.775
1777026224280865661,609.800,0,-1.5733,-1.2187,1.9901,-142.238,nan,nan,nan,2.080
1777026224387047660,609.906,0,-1.6114,-1.1288,1.9675,-144.988,nan,nan,nan,0.364
1777026224481185774,610.000,0,-1.6416,-1.0475,1.9473,-147.457,nan,nan,nan,2.761
1777026224583503545,610.103,0,-1.6679,-0.9582,1.9236,-150.122,nan,nan,nan,3.871
1777026224679729559,610.199,0,-1.6901,-0.8762,1.9037,-152.596,nan,nan,nan,0.632
1777026224780880640,610.300,0,-1.7063,-0.7909,1.8807,-155.132,nan,nan,nan,1.143
1777026224879738140,610.399,0,-1.7243,-0.7041,1.8625,-157.788,nan,nan,nan,0.726
1777026224983924516,610.503,0,-1.7522,-0.6115,1.8559,-160.761,nan,nan,nan,3.382
1777026225082434335,610.602,0,-1.7782,-0.5295,1.8553,-163.419,nan,nan,nan,3.742
1777026225181396648,610.700,0,-1.8034,-0.4440,1.8572,-166.168,nan,nan,nan,1.706
1777026225282668228,610.802,0,-1.8223,-0.3581,1.8571,-168.883,nan,nan,nan,0.932
1777026225385382993,610.904,0,-1.8373,-0.2734,1.8576,-171.538,nan,nan,nan,4.599
1777026225480321560,610.999,0,-1.8482,-0.1885,1.8578,-174.177,nan,nan,nan,1.852
1777026225583219583,611.102,0,-1.8554,-0.0975,1.8579,-176.993,nan,nan,nan,1.634
1777026225686011162,611.205,0,-1.8572,0.0146,1.8573,179.548,nan,nan,nan,1.904
1777026225781786830,611.301,0,-1.8554,0.0839,1.8573,177.411,nan,nan,nan,1.926
1777026225884846554,611.404,0,-1.8467,0.1807,1.8555,174.412,nan,nan,nan,3.613
1777026225984656523,611.504,0,-1.8348,0.2695,1.8544,171.645,nan,nan,nan,3.513
1777026226084040441,611.603,0,-1.8204,0.3487,1.8535,169.155,nan,nan,nan,3.803
1777026226185577555,611.705,0,-1.7994,0.4416,1.8528,166.212,nan,nan,nan,2.802
1777026226281438685,611.801,0,-1.7784,0.5207,1.8531,163.679,nan,nan,nan,1.091
1777026226382805745,611.902,0,-1.7490,0.6124,1.8531,160.702,nan,nan,nan,2.220
1777026226480312206,611.999,0,-1.7240,0.6822,1.8541,158.411,nan,nan,nan,0.509
1777026226580788407,612.100,0,-1.6897,0.7646,1.8546,155.653,nan,nan,nan,0.120
1777026226680744800,612.200,0,-1.6510,0.8455,1.8549,152.882,nan,nan,nan,0.019
1777026226779828166,612.299,0,-1.6077,0.9265,1.8556,150.045,nan,nan,nan,0.476
1777026226880464532,612.400,0,-1.5647,0.9981,1.8560,147.468,nan,nan,nan,0.731
1777026226977811495,612.497,0,-1.5194,1.0667,1.8564,144.928,nan,nan,nan,2.131
1777026227080450595,612.600,0,-1.4573,1.1495,1.8561,141.735,nan,nan,nan,0.558
1777026227179928160,612.699,0,-1.3825,1.2377,1.8556,138.161,nan,nan,nan,1.504
1777026227280689562,612.800,0,-1.2316,1.3874,1.8552,131.596,nan,nan,nan,1.050
1777026227378511926,612.898,0,-1.0709,1.5142,1.8546,125.270,nan,nan,nan,3.039
1777026227478364616,612.997,0,-0.7785,1.6813,1.8527,114.846,nan,nan,nan,3.411
1777026227576522865,613.096,0,-0.4573,1.7966,1.8539,104.280,nan,nan,nan,3.488
1777026227677673058,613.197,0,-0.1632,1.8453,1.8525,95.055,nan,nan,nan,3.716
1777026227778055538,613.297,0,0.0642,1.8492,1.8504,88.011,-14551.00,2894.86,3127.16,4.094
1777026227880588991,613.400,0,0.1892,1.8385,1.8482,84.123,-4697.35,982.31,1061.13,1.309
1777026227981201098,613.500,0,0.2331,1.8294,1.8441,82.739,-3733.55,797.56,861.56,0.496
1777026228079926913,613.599,0,0.2071,1.8278,1.8395,83.536,-4237.96,897.58,969.60,2.221
1777026228178917522,613.698,0,0.1750,1.8272,1.8356,84.530,-5073.12,1062.40,1147.66,5.504
1777026228280280693,613.799,0,0.1414,1.8262,1.8316,85.572,-6348.86,1314.54,1420.02,2.309
1777026228380387621,613.899,0,0.1001,1.8275,1.8302,86.864,-9105.32,1856.56,2005.55,1.756
1777026228480121961,613.999,0,0.0636,1.8267,1.8278,88.007,-14521.67,2924.84,3159.55,2.718
1777026228578680261,614.098,0,0.0252,1.8268,1.8269,89.209,nan,nan,nan,3.896
1777026228679977507,614.199,0,-0.0056,1.8264,1.8264,90.174,nan,nan,nan,3.404
1777026228778865358,614.298,0,-0.0347,1.8253,1.8256,91.089,nan,nan,nan,3.677
1777026228878368182,614.397,0,-0.0664,1.8241,1.8254,92.086,nan,nan,nan,3.700
1777026228980020850,614.499,0,-0.1042,1.8202,1.8232,93.278,nan,nan,nan,3.068
1777026229088319194,614.607,0,-0.1408,1.8142,1.8196,94.439,nan,nan,nan,3.229
1777026229181400469,614.700,0,-0.1710,1.8100,1.8180,95.398,nan,nan,nan,1.583
1777026229279297092,614.798,0,-0.2065,1.8052,1.8170,96.527,nan,nan,nan,3.935
1777026229381524197,614.901,0,-0.2407,1.7986,1.8147,97.621,nan,nan,nan,3.177
1777026229479110842,614.998,0,-0.2757,1.7935,1.8146,98.739,nan,nan,nan,3.631
1777026229580329756,615.099,0,-0.3031,1.7886,1.8141,99.618,nan,nan,nan,2.984
1777026229680833123,615.200,0,-0.3414,1.7835,1.8159,100.837,nan,nan,nan,2.613
1777026229783975457,615.303,0,-0.3766,1.7784,1.8178,101.958,nan,nan,nan,0.062
1777026229880441524,615.400,0,-0.4133,1.7725,1.8201,103.124,nan,nan,nan,4.500
1777026229979538576,615.499,0,-0.4384,1.7689,1.8224,103.920,nan,nan,nan,3.260
1777026230080092961,615.599,0,-0.4708,1.7627,1.8245,104.955,nan,nan,nan,3.839
1777026230179496768,615.699,0,-0.4971,1.7573,1.8263,105.794,nan,nan,nan,3.979
1777026230279887193,615.799,0,-0.5252,1.7512,1.8282,106.695,nan,nan,nan,2.989
1777026230381351104,615.900,0,-0.5480,1.7451,1.8292,107.434,nan,nan,nan,2.466
1777026230478663604,615.998,0,-0.5565,1.7418,1.8286,107.717,nan,nan,nan,2.717
1777026230579382172,616.098,0,-0.5542,1.7413,1.8273,107.653,nan,nan,nan,2.893
1777026230683490031,616.203,0,-0.5540,1.7382,1.8243,107.678,nan,nan,nan,1.437
1777026230779881728,616.299,0,-0.5549,1.7356,1.8222,107.730,nan,nan,nan,3.145
1777026230880600908,616.400,0,-0.5558,1.7329,1.8199,107.784,nan,nan,nan,2.614
1777026230980188694,616.499,0,-0.5562,1.7314,1.8186,107.810,nan,nan,nan,2.820
1777026231079791147,616.599,0,-0.5559,1.7322,1.8192,107.793,nan,nan,nan,3.537
1777026231180506919,616.700,0,-0.5561,1.7321,1.8192,107.800,nan,nan,nan,3.681
1777026231280068465,616.799,0,-0.5561,1.7322,1.8192,107.800,nan,nan,nan,3.019
1777026231378906557,616.898,0,-0.5559,1.7322,1.8192,107.793,nan,nan,nan,0.667
1777026231479135095,616.998,0,-0.5560,1.7321,1.8192,107.796,nan,nan,nan,1.911
1777026231580539284,617.100,0,-0.5561,1.7322,1.8192,107.798,nan,nan,nan,2.884
1777026231681922233,617.201,0,-0.5559,1.7322,1.8192,107.792,nan,nan,nan,4.188
1777026231780411848,617.300,0,-0.5560,1.7322,1.8192,107.795,nan,nan,nan,3.286
1777026231882270421,617.401,0,-0.5561,1.7322,1.8192,107.798,nan,nan,nan,3.467
1777026231981663136,617.501,0,-0.5559,1.7322,1.8192,107.794,nan,nan,nan,3.842
1777026232079774070,617.599,0,-0.5560,1.7321,1.8192,107.797,nan,nan,nan,2.028
1777026232180747987,617.700,0,-0.5560,1.7322,1.8192,107.795,nan,nan,nan,2.182
1777026232279912816,617.799,0,-0.5559,1.7322,1.8192,107.792,nan,nan,nan,1.776
1777026232380636959,617.900,0,-0.5560,1.7322,1.8192,107.794,nan,nan,nan,2.586
1777026232480795997,618.000,0,-0.5561,1.7321,1.8192,107.801,nan,nan,nan,3.098
1777026232581575694,618.101,0,-0.5561,1.7321,1.8192,107.798,nan,nan,nan,3.005
1777026232681005075,618.200,0,-0.5561,1.7322,1.8192,107.798,nan,nan,nan,2.339
1777026232780219848,618.299,0,-0.5559,1.7322,1.8192,107.794,nan,nan,nan,1.335
1777026232880816270,618.400,0,-0.5560,1.7322,1.8192,107.797,nan,nan,nan,0.398
1777026232980111023,618.499,0,-0.5560,1.7322,1.8192,107.797,nan,nan,nan,1.373
1777026233081480898,618.601,0,-0.5560,1.7322,1.8192,107.795,nan,nan,nan,2.050
1777026233179243226,618.698,0,-0.5560,1.7322,1.8192,107.794,nan,nan,nan,0.045
1777026233281498330,618.801,0,-0.5559,1.7322,1.8192,107.794,nan,nan,nan,3.270
1777026233379971760,618.899,0,-0.5560,1.7322,1.8192,107.797,nan,nan,nan,0.692
1777026233482621953,619.002,0,-0.5559,1.7322,1.8192,107.793,nan,nan,nan,3.298
1777026233580033470,619.099,0,-0.5559,1.7322,1.8192,107.794,nan,nan,nan,0.659
1777026233678867433,619.198,0,-0.5560,1.7322,1.8192,107.795,nan,nan,nan,0.569
1777026233780244678,619.299,0,-0.5559,1.7322,1.8192,107.792,nan,nan,nan,0.051
1777026233879641985,619.399,0,-0.5559,1.7322,1.8193,107.792,nan,nan,nan,2.214
1777026233979843375,619.499,0,-0.5558,1.7323,1.8192,107.789,nan,nan,nan,1.334
1777026234080626128,619.600,0,-0.5558,1.7323,1.8192,107.788,nan,nan,nan,0.859
1777026234180714019,619.700,0,-0.5560,1.7322,1.8192,107.794,nan,nan,nan,0.541
1777026234278375126,619.797,0,-0.5559,1.7322,1.8192,107.792,nan,nan,nan,2.810
1777026234380485677,619.900,0,-0.5561,1.7321,1.8192,107.798,nan,nan,nan,0.594
1777026234480388719,619.999,0,-0.5559,1.7322,1.8192,107.792,nan,nan,nan,0.163
1777026234578888630,620.098,0,-0.5558,1.7322,1.8192,107.789,nan,nan,nan,1.068
1777026234686082006,620.205,0,-0.5557,1.7323,1.8192,107.786,nan,nan,nan,2.436
1777026234778981561,620.298,0,-0.5558,1.7322,1.8192,107.789,nan,nan,nan,1.563
1777026234882293986,620.401,0,-0.5558,1.7322,1.8192,107.789,nan,nan,nan,1.525
1777026234980709861,620.500,0,-0.5559,1.7322,1.8192,107.792,nan,nan,nan,0.055
1777026235079263883,620.598,0,-0.5559,1.7322,1.8192,107.794,nan,nan,nan,1.638
1777026235186857569,620.706,0,-0.5559,1.7322,1.8192,107.794,nan,nan,nan,2.828
1777026235283059360,620.802,0,-0.5558,1.7322,1.8192,107.790,nan,nan,nan,1.816
1777026235379859719,620.899,0,-0.5559,1.7322,1.8192,107.793,nan,nan,nan,1.322
1777026235478887327,620.998,0,-0.5558,1.7322,1.8192,107.790,nan,nan,nan,2.560
1777026235581463780,621.101,0,-0.5560,1.7322,1.8192,107.794,nan,nan,nan,1.019
1777026235679667046,621.199,0,-0.5558,1.7322,1.8192,107.790,nan,nan,nan,1.713
1777026235780539872,621.300,0,-0.5557,1.7323,1.8192,107.785,nan,nan,nan,1.853
1777026235883088510,621.402,0,-0.5558,1.7322,1.8192,107.789,nan,nan,nan,0.918
1777026235979537669,621.499,0,-0.5559,1.7322,1.8192,107.792,nan,nan,nan,2.227
1777026236079300731,621.598,0,-0.5558,1.7322,1.8192,107.791,nan,nan,nan,2.589
1777026236179816895,621.699,0,-0.5558,1.7323,1.8192,107.788,nan,nan,nan,1.948
1777026236279442922,621.799,0,-0.5558,1.7322,1.8192,107.790,nan,nan,nan,2.946
1777026236379121262,621.898,0,-0.5558,1.7322,1.8192,107.789,nan,nan,nan,2.580
1777026236479197857,621.998,0,-0.5557,1.7323,1.8192,107.784,nan,nan,nan,2.659
1777026236580090905,622.099,0,-0.5558,1.7323,1.8192,107.788,nan,nan,nan,2.372
1777026236680732919,622.200,0,-0.5558,1.7322,1.8192,107.790,nan,nan,nan,1.961
1777026236779113017,622.298,0,-0.5558,1.7322,1.8192,107.791,nan,nan,nan,3.059
1777026236878310567,622.397,0,-0.5558,1.7322,1.8192,107.790,nan,nan,nan,4.015
1777026236980031957,622.499,0,-0.5559,1.7322,1.8192,107.792,nan,nan,nan,3.070
1777026237079009325,622.598,0,-0.5556,1.7323,1.8192,107.784,nan,nan,nan,3.856
1777026237181081246,622.700,0,-0.5558,1.7322,1.8192,107.790,nan,nan,nan,1.318
1777026237279559565,622.799,0,-0.5559,1.7322,1.8192,107.792,nan,nan,nan,4.334
1777026237380365040,622.899,0,-0.5558,1.7322,1.8192,107.790,nan,nan,nan,2.700
1777026237480877722,623.000,0,-0.5558,1.7322,1.8192,107.790,nan,nan,nan,2.191
1777026237579309134,623.098,0,-0.5558,1.7322,1.8192,107.789,nan,nan,nan,2.921
1777026237683326532,623.202,0,-0.5558,1.7322,1.8192,107.789,nan,nan,nan,0.353
1777026237779607730,623.299,0,-0.5559,1.7322,1.8192,107.791,nan,nan,nan,4.228
1777026237879293830,623.398,0,-0.5558,1.7322,1.8192,107.790,nan,nan,nan,3.382
1777026237978890098,623.498,0,-0.5559,1.7322,1.8192,107.791,nan,nan,nan,3.914
1777026238079406817,623.599,0,-0.5558,1.7322,1.8192,107.789,nan,nan,nan,0.883
1777026238188378596,623.707,0,-0.5560,1.7322,1.8192,107.794,nan,nan,nan,4.062
1777026238279748579,623.799,0,-0.5556,1.7323,1.8192,107.784,nan,nan,nan,3.398
1777026238381775668,623.901,0,-0.5558,1.7322,1.8192,107.790,nan,nan,nan,2.537
1777026238484193622,624.003,0,-0.5557,1.7322,1.8192,107.787,nan,nan,nan,0.065
1777026238581817155,624.101,0,-0.5560,1.7322,1.8192,107.797,nan,nan,nan,2.017
1777026238678504682,624.198,0,-0.5558,1.7322,1.8192,107.790,nan,nan,nan,1.340
1777026238780655177,624.300,0,-0.5558,1.7322,1.8192,107.790,nan,nan,nan,3.283
1777026238879390067,624.398,0,-0.5558,1.7322,1.8192,107.789,nan,nan,nan,3.601
1777026238979417514,624.499,0,-0.5558,1.7322,1.8192,107.791,nan,nan,nan,3.275
1777026239080201563,624.599,0,-0.5558,1.7322,1.8192,107.789,nan,nan,nan,3.349
1777026239178834047,624.698,0,-0.5559,1.7322,1.8192,107.791,nan,nan,nan,1.642
1777026239278512758,624.798,0,-0.5558,1.7323,1.8192,107.788,nan,nan,nan,2.539
1777026239380023779,624.899,0,-0.5558,1.7322,1.8192,107.788,nan,nan,nan,2.200
1777026239479580177,624.999,0,-0.5558,1.7322,1.8192,107.791,nan,nan,nan,2.466
1777026239582068835,625.101,0,-0.5559,1.7322,1.8192,107.793,nan,nan,nan,2.973
1777026239680719985,625.200,0,-0.5558,1.7323,1.8192,107.788,nan,nan,nan,4.233
1777026239779910072,625.299,0,-0.5557,1.7323,1.8192,107.787,nan,nan,nan,3.147
1777026239881503574,625.401,0,-0.5558,1.7323,1.8192,107.788,nan,nan,nan,3.799
1777026239978949554,625.498,0,-0.5559,1.7322,1.8192,107.792,nan,nan,nan,0.322
1777026240078920484,625.598,0,-0.5557,1.7323,1.8192,107.785,nan,nan,nan,1.588
1777026240183983127,625.703,0,-0.5559,1.7322,1.8192,107.793,nan,nan,nan,1.944
1777026240278529903,625.798,0,-0.5558,1.7322,1.8192,107.788,nan,nan,nan,0.972
1777026240379399358,625.898,0,-0.5557,1.7323,1.8192,107.786,nan,nan,nan,1.506
1777026240479558249,625.999,0,-0.5559,1.7322,1.8192,107.792,nan,nan,nan,1.644
1777026240580037728,626.099,0,-0.5557,1.7322,1.8192,107.786,nan,nan,nan,2.392
1777026240679569552,626.199,0,-0.5558,1.7322,1.8192,107.788,nan,nan,nan,1.267
1777026240779378150,626.298,0,-0.5558,1.7322,1.8192,107.788,nan,nan,nan,1.643
1777026240879796167,626.399,0,-0.5560,1.7322,1.8192,107.796,nan,nan,nan,1.811
1777026240979600432,626.499,0,-0.5559,1.7322,1.8192,107.791,nan,nan,nan,0.622
1777026241079307235,626.598,0,-0.5557,1.7323,1.8192,107.786,nan,nan,nan,1.376
1777026241178726190,626.698,0,-0.5558,1.7322,1.8192,107.789,nan,nan,nan,0.213
1777026241278742231,626.798,0,-0.5559,1.7322,1.8192,107.793,nan,nan,nan,0.530
1777026241380751950,626.900,0,-0.5559,1.7322,1.8192,107.793,nan,nan,nan,1.092
1777026241479792687,626.999,0,-0.5557,1.7323,1.8192,107.785,nan,nan,nan,0.298
1777026241580358332,627.099,0,-0.5556,1.7323,1.8192,107.783,nan,nan,nan,0.907
1777026241678617264,627.198,0,-0.5557,1.7323,1.8192,107.787,nan,nan,nan,0.258
1777026241778750081,627.298,0,-0.5557,1.7323,1.8192,107.786,nan,nan,nan,0.949
1777026241880481118,627.400,0,-0.5558,1.7323,1.8192,107.789,nan,nan,nan,0.297
1777026241981909826,627.501,0,-0.5557,1.7323,1.8192,107.786,nan,nan,nan,2.850
1777026242080196721,627.599,0,-0.5557,1.7323,1.8192,107.786,nan,nan,nan,2.137
1777026242179461771,627.699,0,-0.5558,1.7322,1.8192,107.788,nan,nan,nan,0.400
1777026242279174500,627.798,0,-0.5558,1.7322,1.8192,107.791,nan,nan,nan,0.039
1777026242379268484,627.898,0,-0.5557,1.7322,1.8192,107.787,nan,nan,nan,0.754
1777026242479241376,627.998,0,-0.5558,1.7323,1.8192,107.788,nan,nan,nan,1.316
1777026242578499723,628.098,0,-0.5558,1.7322,1.8192,107.789,nan,nan,nan,2.154
1777026242679093219,628.198,0,-0.5556,1.7323,1.8192,107.782,nan,nan,nan,1.019
1777026242779954378,628.299,0,-0.5558,1.7322,1.8192,107.789,nan,nan,nan,0.360
1777026242881536269,628.401,0,-0.5557,1.7323,1.8192,107.787,nan,nan,nan,1.256
1777026242977907188,628.497,0,-0.5558,1.7323,1.8192,107.788,nan,nan,nan,3.063
1777026243080176774,628.599,0,-0.5557,1.7323,1.8192,107.785,nan,nan,nan,0.133
1777026243178422355,628.698,0,-0.5558,1.7322,1.8192,107.790,nan,nan,nan,3.199
1777026243278509802,628.798,0,-0.5558,1.7323,1.8192,107.788,nan,nan,nan,1.813
1777026243380246635,628.899,0,-0.5559,1.7322,1.8192,107.792,nan,nan,nan,0.840
1777026243478975803,628.998,0,-0.5559,1.7322,1.8192,107.791,nan,nan,nan,2.034
1777026243579794277,629.099,0,-0.5557,1.7323,1.8192,107.786,nan,nan,nan,1.679
1777026243680304052,629.199,0,-0.5558,1.7322,1.8192,107.791,nan,nan,nan,0.737
1777026243779584417,629.299,0,-0.5560,1.7322,1.8192,107.795,nan,nan,nan,1.416
1777026243878587858,629.398,0,-0.5557,1.7323,1.8192,107.786,nan,nan,nan,1.943
1777026243980306396,629.499,0,-0.5559,1.7322,1.8192,107.792,nan,nan,nan,0.942
1777026244079729814,629.599,0,-0.5558,1.7322,1.8192,107.790,nan,nan,nan,2.293
1777026244177828915,629.697,0,-0.5558,1.7323,1.8192,107.788,nan,nan,nan,3.592
1777026244279250049,629.798,0,-0.5559,1.7322,1.8192,107.793,nan,nan,nan,4.026
1777026244379109184,629.898,0,-0.5559,1.7322,1.8192,107.793,nan,nan,nan,3.293
1777026244480069786,629.999,0,-0.5559,1.7322,1.8192,107.793,nan,nan,nan,1.687
1777026244577971816,630.097,0,-0.5556,1.7322,1.8192,107.783,nan,nan,nan,4.254
1777026244680065089,630.199,0,-0.5559,1.7322,1.8192,107.794,nan,nan,nan,2.089
1777026244779850651,630.299,0,-0.5558,1.7323,1.8192,107.789,nan,nan,nan,2.108
1777026244880190187,630.399,0,-0.5557,1.7323,1.8192,107.787,nan,nan,nan,1.572
1777026244979608383,630.499,0,-0.5557,1.7323,1.8192,107.787,nan,nan,nan,2.313
1777026245080561301,630.600,0,-0.5556,1.7323,1.8192,107.783,nan,nan,nan,1.885
1777026245178641106,630.698,0,-0.5557,1.7323,1.8192,107.787,nan,nan,nan,2.438
1777026245280486864,630.800,0,-0.5556,1.7323,1.8192,107.784,nan,nan,nan,2.241
1777026245380927732,630.900,0,-0.5556,1.7323,1.8192,107.784,nan,nan,nan,1.796
1777026245479217313,630.998,0,-0.5558,1.7322,1.8192,107.789,nan,nan,nan,3.160
1777026245578576602,631.098,0,-0.5557,1.7323,1.8192,107.786,nan,nan,nan,4.126
1777026245679714758,631.199,0,-0.5557,1.7323,1.8192,107.785,nan,nan,nan,3.870
1777026245778887716,631.298,0,-0.5557,1.7323,1.8192,107.785,nan,nan,nan,4.114
1777026245880033946,631.399,0,-0.5556,1.7323,1.8192,107.782,nan,nan,nan,4.866
1777026245979202996,631.498,0,-0.5557,1.7323,1.8192,107.786,nan,nan,nan,3.934
